job_id,job_title,role_family,company,industry,city,state,city_tier,remote_status,min_exp_years,max_exp_years,exp_level_bracket,salary_min_lpa,salary_max_lpa,salary_avg_lpa,posted_date,skills_count,source_portal
JOB-100001,Healthcare Data Analyst,Data Analyst,Google,Product / Tech,Mumbai,Maharashtra,Tier 1,On-Site,1,3,Mid-Level (3-5 yrs),4.9,9.3,7.1,2025-12-07,6,Indeed
JOB-100002,SQL Developer,SQL Developer,Microsoft,Product / Tech,Mumbai,Maharashtra,Tier 1,Hybrid,4,6,Senior (6-9 yrs),8.0,15.1,11.55,2025-09-09,11,LinkedIn
JOB-100003,Financial Data Analyst,Data Analyst,Infosys,IT Services,Noida,Uttar Pradesh,Tier 1,On-Site,5,8,Senior (6-9 yrs),4.9,9.3,7.1,2025-11-15,10,Naukri.com
JOB-100004,SQL Developer,SQL Developer,Fractal Analytics,Pureplay Analytics,Mumbai,Maharashtra,Tier 1,On-Site,3,7,Senior (6-9 yrs),6.8,12.9,9.85,2025-10-28,14,LinkedIn
JOB-100005,Reporting Analyst,BI Analyst,Wipro,IT Services,Bengaluru,Karnataka,Tier 1,On-Site,3,5,Mid-Level (3-5 yrs),,,,2025-10-20,9,LinkedIn
JOB-100006,Junior Data Engineer,Data Engineer,Uber,Tech,Bengaluru,Karnataka,Tier 1,Hybrid,1,4,Mid-Level (3-5 yrs),6.1,11.5,8.8,2025-09-13,9,Naukri.com
JOB-100007,BI Developer,BI Analyst,Flipkart,E-Commerce,Chennai,Tamil Nadu,Tier 1,On-Site,0,1,Entry / Junior (0-2 yrs),,,,2025-11-12,11,Indeed
JOB-100008,PL/SQL Developer,SQL Developer,Mu Sigma,Pureplay Analytics,Bengaluru,Karnataka,Tier 1,Hybrid,6,9,Senior (6-9 yrs),9.6,16.6,13.1,2025-10-24,14,Naukri.com
JOB-100009,Python Data Programmer,Python Developer,McKinsey & Company,Strategy Consulting,Gurgaon,Haryana,Tier 1,Remote,1,3,Mid-Level (3-5 yrs),5.5,10.4,7.95,2026-02-21,7,Naukri.com
JOB-100010,Junior Data Analyst,Data Analyst,PhonePe,Fintech,Gurgaon,Haryana,Tier 1,Hybrid,2,4,Mid-Level (3-5 yrs),,,,2025-12-13,11,LinkedIn
JOB-100011,Senior T-SQL Developer,SQL Developer,Infosys,IT Services,Hyderabad,Telangana,Tier 1,Hybrid,5,8,Senior (6-9 yrs),4.8,9.1,6.95,2026-02-26,13,LinkedIn
JOB-100012,BI & Analytics Specialist,BI Analyst,PhonePe,Fintech,Hyderabad,Telangana,Tier 1,On-Site,7,11,Lead / Principal (10+ yrs),13.9,24.1,19.0,2026-01-01,10,LinkedIn
JOB-100013,Junior Python Engineer,Python Developer,Standard Chartered,Banking,Hyderabad,Telangana,Tier 1,On-Site,5,7,Senior (6-9 yrs),7.3,13.8,10.55,2025-11-03,9,LinkedIn
JOB-100014,Business Intelligence Analyst,BI Analyst,Accenture,Consulting / IT,Bengaluru,Karnataka,Tier 1,On-Site,5,7,Senior (6-9 yrs),6.6,12.4,9.5,2025-12-29,13,Naukri.com
JOB-100015,Database Developer (SQL),SQL Developer,JPMorgan Chase,Banking / Finance,Gurgaon,Haryana,Tier 1,On-Site,5,9,Senior (6-9 yrs),12.9,22.4,17.65,2025-11-15,9,Naukri.com
JOB-100016,PL/SQL Developer,SQL Developer,HDFC Bank,Banking,Hyderabad,Telangana,Tier 1,On-Site,4,8,Senior (6-9 yrs),5.7,10.7,8.2,2025-11-10,8,LinkedIn
JOB-100017,Senior T-SQL Developer,SQL Developer,Paytm,Fintech,Pune,Maharashtra,Tier 1,Hybrid,3,5,Mid-Level (3-5 yrs),6.2,11.8,9.0,2025-10-24,9,LinkedIn
JOB-100018,Marketing Data Analyst,Data Analyst,Meesho,E-Commerce,Bengaluru,Karnataka,Tier 1,Hybrid,3,5,Mid-Level (3-5 yrs),6.8,12.8,9.8,2025-12-20,8,Naukri.com
JOB-100019,Junior Data Analyst,Data Analyst,Zomato,Tech / Consumer,Bengaluru,Karnataka,Tier 1,On-Site,5,9,Senior (6-9 yrs),6.8,12.8,9.8,2025-09-14,9,LinkedIn
JOB-100020,ETL Developer,Data Engineer,Deloitte,Consulting,Mumbai,Maharashtra,Tier 1,Remote,1,4,Mid-Level (3-5 yrs),5.3,10.0,7.65,2025-11-27,12,Naukri.com
JOB-100021,Data Analyst,Data Analyst,LTIMindtree,IT Services,Mumbai,Maharashtra,Tier 1,Hybrid,7,11,Lead / Principal (10+ yrs),9.3,16.1,12.7,2026-02-08,14,Naukri.com
JOB-100022,Senior Data Analyst,Data Analyst,Swiggy,Tech / Consumer,Bengaluru,Karnataka,Tier 1,On-Site,4,6,Senior (6-9 yrs),7.0,13.1,10.05,2026-01-28,6,Naukri.com
JOB-100023,SQL Developer,SQL Developer,PwC,Consulting,Bengaluru,Karnataka,Tier 1,Hybrid,0,2,Entry / Junior (0-2 yrs),2.4,4.8,3.6,2026-02-03,9,LinkedIn
JOB-100024,Tableau Developer,BI Analyst,Cognizant,IT Services,Pune,Maharashtra,Tier 1,Remote,5,9,Senior (6-9 yrs),5.5,10.4,7.95,2026-02-11,11,LinkedIn
JOB-100025,Reporting Analyst,BI Analyst,EY,Consulting,Bengaluru,Karnataka,Tier 1,On-Site,7,11,Lead / Principal (10+ yrs),12.2,21.1,16.65,2025-11-11,10,LinkedIn
JOB-100026,Senior Data Engineer,Data Engineer,Deloitte,Consulting,Chennai,Tamil Nadu,Tier 1,Hybrid,5,9,Senior (6-9 yrs),15.8,27.4,21.6,2025-11-10,7,LinkedIn
JOB-100027,Associate Analyst - Data,Data Analyst,Tiger Analytics,Pureplay Analytics,Bengaluru,Karnataka,Tier 1,On-Site,1,3,Mid-Level (3-5 yrs),,,,2025-12-12,6,LinkedIn
JOB-100028,Senior Data Engineer,Data Engineer,Swiggy,Tech / Consumer,Noida,Uttar Pradesh,Tier 1,On-Site,1,3,Mid-Level (3-5 yrs),,,,2026-02-19,13,LinkedIn
JOB-100029,Junior Data Engineer,Data Engineer,Flipkart,E-Commerce,Chennai,Tamil Nadu,Tier 1,On-Site,4,6,Senior (6-9 yrs),10.1,19.0,14.55,2025-10-10,12,Naukri.com
JOB-100030,Marketing Data Analyst,Data Analyst,Capgemini,IT Services,Hyderabad,Telangana,Tier 1,Hybrid,2,5,Mid-Level (3-5 yrs),3.1,5.9,4.5,2025-11-20,9,Naukri.com
JOB-100031,Data Engineer,Data Engineer,LTIMindtree,IT Services,Bengaluru,Karnataka,Tier 1,Hybrid,0,2,Entry / Junior (0-2 yrs),2.7,5.4,4.05,2026-02-08,9,Naukri.com
JOB-100032,Senior Data Engineer,Data Engineer,JPMorgan Chase,Banking / Finance,Gurgaon,Haryana,Tier 1,On-Site,3,6,Senior (6-9 yrs),,,,2025-09-11,10,LinkedIn
JOB-100033,Senior Data Engineer,Data Engineer,Mu Sigma,Pureplay Analytics,Hyderabad,Telangana,Tier 1,On-Site,2,5,Mid-Level (3-5 yrs),4.4,8.3,6.35,2025-12-02,10,Company Careers Portal
JOB-100034,Python Developer,Python Developer,KPMG,Consulting,Bengaluru,Karnataka,Tier 1,Hybrid,8,12,Lead / Principal (10+ yrs),20.7,36.2,28.45,2025-12-07,9,LinkedIn
JOB-100035,BI Developer,BI Analyst,Tata Consultancy Services,IT Services,Mumbai,Maharashtra,Tier 1,On-Site,0,2,Entry / Junior (0-2 yrs),,,,2026-02-05,10,LinkedIn
JOB-100036,SQL Developer,SQL Developer,Infosys,IT Services,Gurgaon,Haryana,Tier 1,On-Site,5,9,Senior (6-9 yrs),4.8,9.1,6.95,2025-12-30,9,LinkedIn
JOB-100037,Python Backend & Analytics Engineer,Python Developer,Cognizant,IT Services,Mumbai,Maharashtra,Tier 1,On-Site,1,4,Mid-Level (3-5 yrs),3.4,6.6,5.0,2025-11-04,7,Naukri.com
JOB-100038,Senior T-SQL Developer,SQL Developer,Morgan Stanley,Banking / Finance,Gurgaon,Haryana,Tier 1,Hybrid,0,2,Entry / Junior (0-2 yrs),2.8,5.7,4.25,2026-01-10,14,Naukri.com
JOB-100039,Junior Data Analyst,Data Analyst,CRED,Fintech,Gurgaon,Haryana,Tier 1,Remote,4,6,Senior (6-9 yrs),,,,2025-12-23,10,Indeed
JOB-100040,Database Administrator & SQL Dev,SQL Developer,Morgan Stanley,Banking / Finance,Pune,Maharashtra,Tier 1,Hybrid,4,7,Senior (6-9 yrs),7.5,14.1,10.8,2026-01-20,10,LinkedIn
JOB-100041,Associate Analyst - Data,Data Analyst,Barclays,Banking,Hyderabad,Telangana,Tier 1,On-Site,5,8,Senior (6-9 yrs),12.0,20.8,16.4,2026-02-23,10,Naukri.com
JOB-100042,Lead Data Analyst,Data Analyst,Meesho,E-Commerce,Hyderabad,Telangana,Tier 1,Hybrid,3,6,Senior (6-9 yrs),6.8,12.8,9.8,2026-01-08,10,LinkedIn
JOB-100043,Python Data Programmer,Python Developer,Flipkart,E-Commerce,Bengaluru,Karnataka,Tier 1,On-Site,5,9,Senior (6-9 yrs),8.6,16.2,12.4,2025-09-12,8,Naukri.com
JOB-100044,Analytics Engineer,Data Engineer,Mu Sigma,Pureplay Analytics,Hyderabad,Telangana,Tier 1,Hybrid,5,7,Senior (6-9 yrs),7.5,14.0,10.75,2025-12-15,11,Naukri.com
JOB-100045,Analytics Engineer,Data Engineer,Flipkart,E-Commerce,Pune,Maharashtra,Tier 1,Hybrid,5,8,Senior (6-9 yrs),10.1,19.0,14.55,2025-10-22,13,LinkedIn
JOB-100046,Database Developer (SQL),SQL Developer,Paytm,Fintech,Bengaluru,Karnataka,Tier 1,Hybrid,3,5,Mid-Level (3-5 yrs),,,,2025-11-14,10,LinkedIn
JOB-100047,Operations Analyst,Data Analyst,Goldman Sachs,Banking / Finance,Bengaluru,Karnataka,Tier 1,On-Site,10,15,Lead / Principal (10+ yrs),22.1,38.6,30.35,2025-10-11,11,Naukri.com
JOB-100048,PL/SQL Developer,SQL Developer,PhonePe,Fintech,Pune,Maharashtra,Tier 1,On-Site,6,9,Senior (6-9 yrs),12.6,21.9,17.25,2025-12-26,12,LinkedIn
JOB-100049,Lead Data Analyst,Data Analyst,McKinsey & Company,Strategy Consulting,Hyderabad,Telangana,Tier 1,Hybrid,7,10,Lead / Principal (10+ yrs),14.2,24.7,19.45,2025-11-03,9,LinkedIn
JOB-100050,Tableau Developer,BI Analyst,PhonePe,Fintech,Bengaluru,Karnataka,Tier 1,Remote,5,7,Senior (6-9 yrs),7.9,14.9,11.4,2025-09-13,10,Indeed
JOB-100051,Junior Python Engineer,Python Developer,Mu Sigma,Pureplay Analytics,Bengaluru,Karnataka,Tier 1,On-Site,1,4,Mid-Level (3-5 yrs),3.7,7.1,5.4,2025-11-25,9,Indeed
JOB-100052,Senior BI Consultant,BI Analyst,Tata Consultancy Services,IT Services,Chennai,Tamil Nadu,Tier 1,Hybrid,0,2,Entry / Junior (0-2 yrs),1.9,3.9,2.9,2025-10-14,12,LinkedIn
JOB-100053,Associate Analyst - Data,Data Analyst,Tiger Analytics,Pureplay Analytics,Hyderabad,Telangana,Tier 1,On-Site,7,10,Lead / Principal (10+ yrs),12.0,20.8,16.4,2025-12-11,12,Company Careers Portal
JOB-100054,Big Data Engineer,Data Engineer,Accenture,Consulting / IT,Remote,All India,Remote,Remote,1,3,Mid-Level (3-5 yrs),,,,2025-11-16,8,LinkedIn
JOB-100055,BI & Analytics Specialist,BI Analyst,ICICI Bank,Banking,Pune,Maharashtra,Tier 1,On-Site,4,8,Senior (6-9 yrs),,,,2025-10-10,9,Naukri.com
JOB-100056,Business Intelligence Analyst,BI Analyst,ICICI Bank,Banking,Bengaluru,Karnataka,Tier 1,On-Site,0,1,Entry / Junior (0-2 yrs),2.2,4.6,3.4,2025-10-13,9,LinkedIn
JOB-100057,Analytics Engineer,Data Engineer,Swiggy,Tech / Consumer,Hyderabad,Telangana,Tier 1,Remote,7,11,Lead / Principal (10+ yrs),16.6,28.8,22.7,2026-01-30,9,LinkedIn
JOB-100058,Junior Data Analyst,Data Analyst,PwC,Consulting,Chennai,Tamil Nadu,Tier 1,On-Site,2,4,Mid-Level (3-5 yrs),3.8,7.2,5.5,2025-09-26,9,Naukri.com
JOB-100059,Reporting Analyst,BI Analyst,Deloitte,Consulting,Hyderabad,Telangana,Tier 1,Hybrid,5,9,Senior (6-9 yrs),7.2,13.5,10.35,2026-02-11,10,LinkedIn
JOB-100060,Tableau Developer,BI Analyst,Deloitte,Consulting,Pune,Maharashtra,Tier 1,On-Site,1,3,Mid-Level (3-5 yrs),4.2,8.0,6.1,2026-01-21,11,LinkedIn
JOB-100061,Power BI Developer,BI Analyst,JPMorgan Chase,Banking / Finance,Gurgaon,Haryana,Tier 1,On-Site,4,6,Senior (6-9 yrs),8.1,15.2,11.65,2025-12-18,9,Indeed
JOB-100062,BI & Analytics Specialist,BI Analyst,HCL Technologies,IT Services,Gurgaon,Haryana,Tier 1,On-Site,0,2,Entry / Junior (0-2 yrs),2.0,4.1,3.05,2026-02-15,8,Indeed
JOB-100063,BI & Analytics Specialist,BI Analyst,CRED,Fintech,Mumbai,Maharashtra,Tier 1,Remote,7,11,Lead / Principal (10+ yrs),14.3,24.7,19.5,2025-10-02,10,LinkedIn
JOB-100064,Big Data Engineer,Data Engineer,Amazon,Product / Tech,Remote,All India,Remote,Remote,1,4,Mid-Level (3-5 yrs),6.4,12.2,9.3,2025-10-05,11,Naukri.com
JOB-100065,Business Intelligence Analyst,BI Analyst,Swiggy,Tech / Consumer,Hyderabad,Telangana,Tier 1,On-Site,0,1,Entry / Junior (0-2 yrs),2.8,5.8,4.3,2025-12-10,8,LinkedIn
JOB-100066,BI & Analytics Specialist,BI Analyst,KPMG,Consulting,Hyderabad,Telangana,Tier 1,Hybrid,1,3,Mid-Level (3-5 yrs),4.1,7.7,5.9,2025-12-10,10,Naukri.com
JOB-100067,Financial Data Analyst,Data Analyst,HCL Technologies,IT Services,Pune,Maharashtra,Tier 1,On-Site,3,5,Mid-Level (3-5 yrs),4.9,9.3,7.1,2026-01-09,9,Indeed
JOB-100068,Data Analyst,Data Analyst,Accenture,Consulting / IT,Bengaluru,Karnataka,Tier 1,Hybrid,1,3,Mid-Level (3-5 yrs),3.6,6.8,5.2,2026-01-18,8,LinkedIn
JOB-100069,Data Analyst,Data Analyst,Standard Chartered,Banking,Bengaluru,Karnataka,Tier 1,On-Site,5,9,Senior (6-9 yrs),6.4,12.0,9.2,2025-10-31,7,Indeed
JOB-100070,Senior Python Developer,Python Developer,JPMorgan Chase,Banking / Finance,Bengaluru,Karnataka,Tier 1,Hybrid,1,3,Mid-Level (3-5 yrs),,,,2025-09-25,9,Indeed
JOB-100071,Associate Analyst - Data,Data Analyst,PhonePe,Fintech,Bengaluru,Karnataka,Tier 1,On-Site,5,8,Senior (6-9 yrs),12.9,22.4,17.65,2025-12-08,11,LinkedIn
JOB-100072,BI & Analytics Specialist,BI Analyst,Tiger Analytics,Pureplay Analytics,Mumbai,Maharashtra,Tier 1,Hybrid,10,15,Lead / Principal (10+ yrs),20.7,36.3,28.5,2026-02-28,10,Indeed
JOB-100073,Business Intelligence Analyst,BI Analyst,Tata Consultancy Services,IT Services,Gurgaon,Haryana,Tier 1,On-Site,6,10,Lead / Principal (10+ yrs),,,,2026-01-29,6,LinkedIn
JOB-100074,Associate Analyst - Data,Data Analyst,Meesho,E-Commerce,Mumbai,Maharashtra,Tier 1,Hybrid,2,5,Mid-Level (3-5 yrs),4.0,7.6,5.8,2025-11-05,12,Naukri.com
JOB-100075,Lead Data Analyst,Data Analyst,ICICI Bank,Banking,Hyderabad,Telangana,Tier 1,On-Site,1,4,Mid-Level (3-5 yrs),3.2,6.2,4.7,2025-11-24,10,LinkedIn
JOB-100076,SQL Developer,SQL Developer,LTIMindtree,IT Services,Bengaluru,Karnataka,Tier 1,Hybrid,0,2,Entry / Junior (0-2 yrs),1.9,3.9,2.9,2025-10-28,8,Naukri.com
JOB-100077,Business Intelligence Analyst,BI Analyst,Razorpay,Fintech,Bengaluru,Karnataka,Tier 1,Hybrid,2,4,Mid-Level (3-5 yrs),4.6,8.7,6.65,2025-09-04,10,Naukri.com
JOB-100078,Data Engineer,Data Engineer,PhonePe,Fintech,Hyderabad,Telangana,Tier 1,Hybrid,0,1,Entry / Junior (0-2 yrs),3.7,7.5,5.6,2026-02-02,13,LinkedIn
JOB-100079,Senior BI Consultant,BI Analyst,Standard Chartered,Banking,Mumbai,Maharashtra,Tier 1,On-Site,4,6,Senior (6-9 yrs),6.9,13.0,9.95,2025-09-08,9,LinkedIn
JOB-100080,Senior BI Consultant,BI Analyst,Wipro,IT Services,Pune,Maharashtra,Tier 1,Hybrid,4,8,Senior (6-9 yrs),,,,2025-10-09,12,LinkedIn
JOB-100081,Lead Data Analyst,Data Analyst,HSBC,Banking,Pune,Maharashtra,Tier 1,Hybrid,5,7,Senior (6-9 yrs),6.6,12.5,9.55,2025-10-20,12,Indeed
JOB-100082,Junior Python Engineer,Python Developer,Mu Sigma,Pureplay Analytics,Bengaluru,Karnataka,Tier 1,On-Site,0,1,Entry / Junior (0-2 yrs),,,,2026-01-14,11,Naukri.com
JOB-100083,BI & Analytics Specialist,BI Analyst,Wipro,IT Services,Pune,Maharashtra,Tier 1,Remote,1,3,Mid-Level (3-5 yrs),3.0,5.6,4.3,2026-01-31,8,Naukri.com
JOB-100084,Junior Data Analyst,Data Analyst,Flipkart,E-Commerce,Pune,Maharashtra,Tier 1,Hybrid,2,4,Mid-Level (3-5 yrs),4.4,8.4,6.4,2025-09-04,8,Indeed
JOB-100085,ETL Developer,Data Engineer,CRED,Fintech,Chennai,Tamil Nadu,Tier 1,Hybrid,3,7,Senior (6-9 yrs),10.1,19.0,14.55,2025-12-08,9,Naukri.com
JOB-100086,Data Engineer,Data Engineer,Meesho,E-Commerce,Bengaluru,Karnataka,Tier 1,On-Site,3,5,Mid-Level (3-5 yrs),,,,2025-10-13,13,Naukri.com
JOB-100087,BI & Analytics Specialist,BI Analyst,Goldman Sachs,Banking / Finance,Chennai,Tamil Nadu,Tier 1,Hybrid,0,1,Entry / Junior (0-2 yrs),3.2,6.5,4.85,2025-09-14,9,Indeed
JOB-100088,Python Developer,Python Developer,McKinsey & Company,Strategy Consulting,Mumbai,Maharashtra,Tier 1,On-Site,5,9,Senior (6-9 yrs),9.3,17.5,13.4,2026-01-06,9,Naukri.com
JOB-100089,Junior Data Engineer,Data Engineer,EY,Consulting,Noida,Uttar Pradesh,Tier 1,Hybrid,3,7,Senior (6-9 yrs),8.6,16.2,12.4,2025-11-30,11,Naukri.com
JOB-100090,Data Engineer,Data Engineer,Tiger Analytics,Pureplay Analytics,Bengaluru,Karnataka,Tier 1,On-Site,5,8,Senior (6-9 yrs),,,,2025-12-09,7,Naukri.com
JOB-100091,Database Administrator & SQL Dev,SQL Developer,McKinsey & Company,Strategy Consulting,Bengaluru,Karnataka,Tier 1,Hybrid,3,7,Senior (6-9 yrs),7.9,14.9,11.4,2025-09-19,14,LinkedIn
JOB-100092,Reporting Analyst,BI Analyst,Uber,Tech,Hyderabad,Telangana,Tier 1,Remote,3,6,Senior (6-9 yrs),8.3,15.6,11.95,2025-10-13,10,Naukri.com
JOB-100093,Data Analyst,Data Analyst,Swiggy,Tech / Consumer,Bengaluru,Karnataka,Tier 1,On-Site,3,7,Senior (6-9 yrs),7.0,13.1,10.05,2026-02-23,11,LinkedIn
JOB-100094,Senior Data Engineer,Data Engineer,ICICI Bank,Banking,Hyderabad,Telangana,Tier 1,Hybrid,4,6,Senior (6-9 yrs),7.5,14.0,10.75,2025-10-21,11,Naukri.com
JOB-100095,Python Developer,Python Developer,Morgan Stanley,Banking / Finance,Bengaluru,Karnataka,Tier 1,Hybrid,3,6,Senior (6-9 yrs),8.8,16.6,12.7,2026-01-27,13,Naukri.com
JOB-100096,Senior BI Consultant,BI Analyst,Microsoft,Product / Tech,Hyderabad,Telangana,Tier 1,Hybrid,5,8,Senior (6-9 yrs),8.8,16.6,12.7,2025-11-07,12,Naukri.com
JOB-100097,Junior Python Engineer,Python Developer,ICICI Bank,Banking,Hyderabad,Telangana,Tier 1,Hybrid,3,7,Senior (6-9 yrs),6.4,12.0,9.2,2026-02-09,11,Indeed
JOB-100098,Business Intelligence Analyst,BI Analyst,Flipkart,E-Commerce,Bengaluru,Karnataka,Tier 1,Hybrid,7,11,Lead / Principal (10+ yrs),14.3,24.7,19.5,2025-10-16,8,Naukri.com
JOB-100099,Senior Data Analyst,Data Analyst,Tiger Analytics,Pureplay Analytics,Hyderabad,Telangana,Tier 1,On-Site,0,2,Entry / Junior (0-2 yrs),2.6,5.2,3.9,2026-01-16,10,LinkedIn
JOB-100100,Database Developer (SQL),SQL Developer,HSBC,Banking,Mumbai,Maharashtra,Tier 1,Hybrid,2,4,Mid-Level (3-5 yrs),3.8,7.3,5.55,2025-10-22,12,Indeed
JOB-100101,Senior T-SQL Developer,SQL Developer,Tata Consultancy Services,IT Services,Bengaluru,Karnataka,Tier 1,On-Site,5,9,Senior (6-9 yrs),4.6,8.6,6.6,2026-02-25,13,LinkedIn
JOB-100102,Analytics Engineer,Data Engineer,Accenture,Consulting / IT,Mumbai,Maharashtra,Tier 1,Hybrid,9,14,Lead / Principal (10+ yrs),23.3,40.8,32.05,2025-10-10,11,LinkedIn
JOB-100103,Marketing Data Analyst,Data Analyst,KPMG,Consulting,Pune,Maharashtra,Tier 1,On-Site,5,7,Senior (6-9 yrs),6.4,12.0,9.2,2025-10-31,9,Company Careers Portal
JOB-100104,Python Developer,Python Developer,HDFC Bank,Banking,Bengaluru,Karnataka,Tier 1,Hybrid,2,5,Mid-Level (3-5 yrs),3.9,7.4,5.65,2025-12-25,10,LinkedIn
JOB-100105,Python Backend & Analytics Engineer,Python Developer,McKinsey & Company,Strategy Consulting,Hyderabad,Telangana,Tier 1,On-Site,6,9,Senior (6-9 yrs),16.4,28.4,22.4,2025-12-15,11,Indeed
JOB-100106,Associate Analyst - Data,Data Analyst,Accenture,Consulting / IT,Pune,Maharashtra,Tier 1,Hybrid,7,10,Lead / Principal (10+ yrs),10.8,18.7,14.75,2026-02-09,10,Indeed
JOB-100107,Junior Data Engineer,Data Engineer,Mu Sigma,Pureplay Analytics,Pune,Maharashtra,Tier 1,On-Site,4,7,Senior (6-9 yrs),7.5,14.0,10.75,2025-10-27,10,LinkedIn
JOB-100108,BI & Analytics Specialist,BI Analyst,Mu Sigma,Pureplay Analytics,Mumbai,Maharashtra,Tier 1,Hybrid,7,11,Lead / Principal (10+ yrs),10.5,18.3,14.4,2025-12-28,8,LinkedIn
JOB-100109,Marketing Data Analyst,Data Analyst,CRED,Fintech,Bengaluru,Karnataka,Tier 1,Hybrid,3,7,Senior (6-9 yrs),7.5,14.1,10.8,2025-12-11,8,LinkedIn
JOB-100110,Senior Data Analyst,Data Analyst,EY,Consulting,Pune,Maharashtra,Tier 1,On-Site,1,3,Mid-Level (3-5 yrs),3.8,7.1,5.45,2025-12-26,12,Naukri.com
JOB-100111,Junior Python Engineer,Python Developer,Uber,Tech,Gurgaon,Haryana,Tier 1,Hybrid,4,8,Senior (6-9 yrs),8.8,16.6,12.7,2025-12-02,11,Indeed
JOB-100112,Data Engineer,Data Engineer,HDFC Bank,Banking,Mumbai,Maharashtra,Tier 1,On-Site,0,2,Entry / Junior (0-2 yrs),2.9,6.0,4.45,2025-12-05,9,Naukri.com
JOB-100113,Database Administrator & SQL Dev,SQL Developer,Accenture,Consulting / IT,Hyderabad,Telangana,Tier 1,Hybrid,2,5,Mid-Level (3-5 yrs),3.5,6.7,5.1,2025-10-15,9,Indeed
JOB-100114,Operations Analyst,Data Analyst,HCL Technologies,IT Services,Bengaluru,Karnataka,Tier 1,Hybrid,6,9,Senior (6-9 yrs),8.7,15.1,11.9,2025-12-12,9,Naukri.com
JOB-100115,Associate Analyst - Data,Data Analyst,Paytm,Fintech,Hyderabad,Telangana,Tier 1,Hybrid,2,4,Mid-Level (3-5 yrs),3.8,7.1,5.45,2025-10-24,12,LinkedIn
JOB-100116,SQL Developer,SQL Developer,McKinsey & Company,Strategy Consulting,Hyderabad,Telangana,Tier 1,On-Site,3,7,Senior (6-9 yrs),,,,2025-09-11,9,Naukri.com
JOB-100117,Python Developer,Python Developer,KPMG,Consulting,Hyderabad,Telangana,Tier 1,On-Site,2,5,Mid-Level (3-5 yrs),4.3,8.2,6.25,2025-11-21,10,Naukri.com
JOB-100118,Healthcare Data Analyst,Data Analyst,Uber,Tech,Bengaluru,Karnataka,Tier 1,On-Site,7,10,Lead / Principal (10+ yrs),13.5,23.4,18.45,2025-12-15,10,Naukri.com
JOB-100119,Tableau Developer,BI Analyst,Infosys,IT Services,Bengaluru,Karnataka,Tier 1,On-Site,6,10,Lead / Principal (10+ yrs),9.4,16.3,12.85,2025-10-13,8,Naukri.com
JOB-100120,Lead Data Analyst,Data Analyst,Mu Sigma,Pureplay Analytics,Noida,Uttar Pradesh,Tier 1,On-Site,5,8,Senior (6-9 yrs),,,,2025-12-17,11,Naukri.com
JOB-100121,Senior Data Engineer,Data Engineer,LTIMindtree,IT Services,Pune,Maharashtra,Tier 1,Hybrid,0,1,Entry / Junior (0-2 yrs),,,,2025-12-26,10,LinkedIn
JOB-100122,Senior Data Analyst,Data Analyst,Zomato,Tech / Consumer,Mumbai,Maharashtra,Tier 1,Hybrid,2,4,Mid-Level (3-5 yrs),4.0,7.6,5.8,2025-10-17,7,LinkedIn
JOB-100123,Senior T-SQL Developer,SQL Developer,Tata Consultancy Services,IT Services,Bengaluru,Karnataka,Tier 1,On-Site,0,1,Entry / Junior (0-2 yrs),1.7,3.5,2.6,2026-02-13,10,LinkedIn
JOB-100124,Big Data Engineer,Data Engineer,Tiger Analytics,Pureplay Analytics,Noida,Uttar Pradesh,Tier 1,On-Site,4,8,Senior (6-9 yrs),,,,2025-09-29,9,LinkedIn
JOB-100125,Tableau Developer,BI Analyst,Zomato,Tech / Consumer,Hyderabad,Telangana,Tier 1,On-Site,0,2,Entry / Junior (0-2 yrs),2.8,5.6,4.2,2025-10-22,9,LinkedIn
JOB-100126,Database Administrator & SQL Dev,SQL Developer,Deloitte,Consulting,Pune,Maharashtra,Tier 1,Hybrid,1,4,Mid-Level (3-5 yrs),,,,2025-12-29,11,LinkedIn
JOB-100127,Big Data Engineer,Data Engineer,Razorpay,Fintech,Hyderabad,Telangana,Tier 1,On-Site,5,8,Senior (6-9 yrs),9.8,18.4,14.1,2026-01-19,10,Naukri.com
JOB-100128,Financial Data Analyst,Data Analyst,Goldman Sachs,Banking / Finance,Bengaluru,Karnataka,Tier 1,On-Site,4,7,Senior (6-9 yrs),7.8,14.7,11.25,2025-10-21,9,Indeed
JOB-100129,PL/SQL Developer,SQL Developer,HCL Technologies,IT Services,Noida,Uttar Pradesh,Tier 1,On-Site,7,11,Lead / Principal (10+ yrs),8.5,14.8,11.65,2025-09-03,10,LinkedIn
JOB-100130,ETL Developer,Data Engineer,Barclays,Banking,Chennai,Tamil Nadu,Tier 1,Hybrid,0,1,Entry / Junior (0-2 yrs),3.5,7.0,5.25,2026-01-12,10,LinkedIn
JOB-100131,Analytics Engineer,Data Engineer,Swiggy,Tech / Consumer,Pune,Maharashtra,Tier 1,On-Site,5,8,Senior (6-9 yrs),9.4,17.7,13.55,2026-02-16,11,Indeed
JOB-100132,SQL Developer,SQL Developer,Accenture,Consulting / IT,Hyderabad,Telangana,Tier 1,Hybrid,3,6,Senior (6-9 yrs),6.0,11.3,8.65,2025-11-08,13,LinkedIn
JOB-100133,Senior Python Developer,Python Developer,PwC,Consulting,Mumbai,Maharashtra,Tier 1,Hybrid,5,9,Senior (6-9 yrs),7.4,14.0,10.7,2026-02-16,9,Naukri.com
JOB-100134,Power BI Developer,BI Analyst,PhonePe,Fintech,Pune,Maharashtra,Tier 1,On-Site,2,4,Mid-Level (3-5 yrs),4.6,8.8,6.7,2025-09-19,11,Naukri.com
JOB-100135,Senior Data Engineer,Data Engineer,Google,Product / Tech,Noida,Uttar Pradesh,Tier 1,Hybrid,0,1,Entry / Junior (0-2 yrs),4.2,8.6,6.4,2025-12-08,9,LinkedIn
JOB-100136,Junior Python Engineer,Python Developer,Razorpay,Fintech,Pune,Maharashtra,Tier 1,On-Site,1,4,Mid-Level (3-5 yrs),4.9,9.3,7.1,2025-09-28,11,Naukri.com
JOB-100137,Reporting Analyst,BI Analyst,Swiggy,Tech / Consumer,Mumbai,Maharashtra,Tier 1,On-Site,2,5,Mid-Level (3-5 yrs),,,,2025-12-15,11,LinkedIn
JOB-100138,Senior Data Analyst,Data Analyst,Uber,Tech,Mumbai,Maharashtra,Tier 1,Hybrid,3,7,Senior (6-9 yrs),7.7,14.4,11.05,2025-10-31,8,Naukri.com
JOB-100139,Database Administrator & SQL Dev,SQL Developer,Standard Chartered,Banking,Bengaluru,Karnataka,Tier 1,Hybrid,4,6,Senior (6-9 yrs),6.2,11.8,9.0,2025-10-14,9,LinkedIn
JOB-100140,Senior T-SQL Developer,SQL Developer,Meesho,E-Commerce,Mumbai,Maharashtra,Tier 1,On-Site,5,7,Senior (6-9 yrs),6.7,12.5,9.6,2025-10-04,11,LinkedIn
JOB-100141,Marketing Data Analyst,Data Analyst,Google,Product / Tech,Hyderabad,Telangana,Tier 1,Remote,2,4,Mid-Level (3-5 yrs),4.9,9.3,7.1,2025-10-06,10,LinkedIn
JOB-100142,Healthcare Data Analyst,Data Analyst,EY,Consulting,Mumbai,Maharashtra,Tier 1,On-Site,5,7,Senior (6-9 yrs),6.4,12.0,9.2,2025-11-28,11,Naukri.com
JOB-100143,Junior Data Analyst,Data Analyst,LTIMindtree,IT Services,Bengaluru,Karnataka,Tier 1,On-Site,0,1,Entry / Junior (0-2 yrs),2.0,4.0,3.0,2026-02-18,11,LinkedIn
JOB-100144,Python Backend & Analytics Engineer,Python Developer,Deloitte,Consulting,Hyderabad,Telangana,Tier 1,Hybrid,2,4,Mid-Level (3-5 yrs),4.5,8.5,6.5,2025-10-20,11,Naukri.com
JOB-100145,Cloud Data Engineer,Data Engineer,Flipkart,E-Commerce,Noida,Uttar Pradesh,Tier 1,On-Site,1,4,Mid-Level (3-5 yrs),5.9,11.3,8.6,2026-01-28,12,Naukri.com
JOB-100146,Big Data Engineer,Data Engineer,Wipro,IT Services,Bengaluru,Karnataka,Tier 1,On-Site,0,2,Entry / Junior (0-2 yrs),2.4,4.8,3.6,2025-11-14,9,Naukri.com
JOB-100147,Financial Data Analyst,Data Analyst,Fractal Analytics,Pureplay Analytics,Bengaluru,Karnataka,Tier 1,On-Site,3,7,Senior (6-9 yrs),7.0,13.1,10.05,2025-09-20,11,LinkedIn
JOB-100148,Junior Data Analyst,Data Analyst,EY,Consulting,Bengaluru,Karnataka,Tier 1,Hybrid,3,6,Senior (6-9 yrs),6.4,12.0,9.2,2025-10-18,10,LinkedIn
JOB-100149,Business Intelligence Analyst,BI Analyst,Capgemini,IT Services,Chennai,Tamil Nadu,Tier 1,Hybrid,1,3,Mid-Level (3-5 yrs),3.3,6.4,4.85,2025-12-26,10,LinkedIn
JOB-100150,Senior Data Engineer,Data Engineer,Wipro,IT Services,Hyderabad,Telangana,Tier 1,Remote,2,4,Mid-Level (3-5 yrs),3.7,7.1,5.4,2026-02-12,11,LinkedIn
JOB-100151,Senior Python Developer,Python Developer,KPMG,Consulting,Hyderabad,Telangana,Tier 1,On-Site,0,2,Entry / Junior (0-2 yrs),,,,2025-12-25,9,LinkedIn
JOB-100152,Big Data Engineer,Data Engineer,Microsoft,Product / Tech,Bengaluru,Karnataka,Tier 1,Hybrid,4,8,Senior (6-9 yrs),11.0,20.7,15.85,2025-09-15,11,LinkedIn
JOB-100153,PL/SQL Developer,SQL Developer,Zomato,Tech / Consumer,Noida,Uttar Pradesh,Tier 1,On-Site,0,2,Entry / Junior (0-2 yrs),,,,2025-11-13,10,LinkedIn
JOB-100154,Senior Python Developer,Python Developer,Wipro,IT Services,Pune,Maharashtra,Tier 1,Hybrid,10,14,Lead / Principal (10+ yrs),15.2,26.6,20.9,2025-12-03,10,LinkedIn
JOB-100155,PL/SQL Developer,SQL Developer,Barclays,Banking,Hyderabad,Telangana,Tier 1,Hybrid,5,8,Senior (6-9 yrs),11.8,20.4,16.1,2025-12-03,10,Indeed
JOB-100156,Senior Python Developer,Python Developer,Paytm,Fintech,Bengaluru,Karnataka,Tier 1,On-Site,5,7,Senior (6-9 yrs),7.3,13.8,10.55,2026-01-20,13,Naukri.com
JOB-100157,Python Backend & Analytics Engineer,Python Developer,PhonePe,Fintech,Hyderabad,Telangana,Tier 1,Hybrid,2,5,Mid-Level (3-5 yrs),,,,2025-12-26,9,Naukri.com
JOB-100158,Power BI Developer,BI Analyst,Deloitte,Consulting,Mumbai,Maharashtra,Tier 1,On-Site,0,2,Entry / Junior (0-2 yrs),2.7,5.5,4.1,2026-02-06,12,LinkedIn
JOB-100159,Marketing Data Analyst,Data Analyst,HDFC Bank,Banking,Bengaluru,Karnataka,Tier 1,On-Site,3,7,Senior (6-9 yrs),5.8,10.9,8.35,2026-01-31,10,LinkedIn
JOB-100160,Lead Data Analyst,Data Analyst,Flipkart,E-Commerce,Bengaluru,Karnataka,Tier 1,Hybrid,2,4,Mid-Level (3-5 yrs),,,,2025-12-21,10,LinkedIn
JOB-100161,ETL Developer,Data Engineer,CRED,Fintech,Hyderabad,Telangana,Tier 1,Remote,7,11,Lead / Principal (10+ yrs),,,,2026-01-28,9,LinkedIn
JOB-100162,Power BI Developer,BI Analyst,Standard Chartered,Banking,Noida,Uttar Pradesh,Tier 1,On-Site,2,4,Mid-Level (3-5 yrs),,,,2025-12-13,10,Naukri.com
JOB-100163,Business Intelligence Analyst,BI Analyst,PhonePe,Fintech,Bengaluru,Karnataka,Tier 1,Remote,7,11,Lead / Principal (10+ yrs),13.9,24.1,19.0,2026-02-23,12,Indeed
JOB-100164,Junior Data Engineer,Data Engineer,LTIMindtree,IT Services,Hyderabad,Telangana,Tier 1,On-Site,3,7,Senior (6-9 yrs),,,,2026-02-20,10,Naukri.com
JOB-100165,Data Analyst,Data Analyst,HSBC,Banking,Bengaluru,Karnataka,Tier 1,On-Site,2,5,Mid-Level (3-5 yrs),3.9,7.4,5.65,2025-12-30,8,LinkedIn
JOB-100166,BI & Analytics Specialist,BI Analyst,Tata Consultancy Services,IT Services,Bengaluru,Karnataka,Tier 1,Hybrid,6,9,Senior (6-9 yrs),8.9,15.4,12.15,2025-11-15,11,LinkedIn
JOB-100167,Data Engineer,Data Engineer,HDFC Bank,Banking,Mumbai,Maharashtra,Tier 1,On-Site,3,7,Senior (6-9 yrs),7.8,14.7,11.25,2026-01-03,7,LinkedIn
JOB-100168,Python Data Programmer,Python Developer,Microsoft,Product / Tech,Mumbai,Maharashtra,Tier 1,On-Site,3,7,Senior (6-9 yrs),9.4,17.7,13.55,2025-12-31,9,Naukri.com
JOB-100169,Marketing Data Analyst,Data Analyst,Capgemini,IT Services,Hyderabad,Telangana,Tier 1,Remote,4,8,Senior (6-9 yrs),5.3,9.9,7.6,2025-11-20,11,LinkedIn
JOB-100170,Database Developer (SQL),SQL Developer,Mu Sigma,Pureplay Analytics,Pune,Maharashtra,Tier 1,Hybrid,0,2,Entry / Junior (0-2 yrs),2.0,4.1,3.05,2025-11-16,12,LinkedIn
JOB-100171,Python Developer,Python Developer,Accenture,Consulting / IT,Mumbai,Maharashtra,Tier 1,On-Site,10,14,Lead / Principal (10+ yrs),19.9,34.8,27.35,2026-01-08,13,Naukri.com
JOB-100172,Associate Analyst - Data,Data Analyst,Fractal Analytics,Pureplay Analytics,Gurgaon,Haryana,Tier 1,Hybrid,0,1,Entry / Junior (0-2 yrs),,,,2025-10-02,9,LinkedIn
JOB-100173,Senior Data Analyst,Data Analyst,Standard Chartered,Banking,Hyderabad,Telangana,Tier 1,Remote,2,5,Mid-Level (3-5 yrs),3.8,7.1,5.45,2026-02-16,13,LinkedIn
JOB-100174,Junior Data Analyst,Data Analyst,Capgemini,IT Services,Mumbai,Maharashtra,Tier 1,On-Site,2,4,Mid-Level (3-5 yrs),3.1,5.9,4.5,2025-12-09,7,LinkedIn
JOB-100175,Database Administrator & SQL Dev,SQL Developer,Cognizant,IT Services,Hyderabad,Telangana,Tier 1,On-Site,5,8,Senior (6-9 yrs),8.8,15.3,12.05,2025-09-11,11,Naukri.com
JOB-100176,Senior T-SQL Developer,SQL Developer,Meesho,E-Commerce,Bengaluru,Karnataka,Tier 1,Remote,6,10,Lead / Principal (10+ yrs),11.8,20.4,16.1,2025-12-27,10,LinkedIn
JOB-100177,Associate Analyst - Data,Data Analyst,Amazon,Product / Tech,Pune,Maharashtra,Tier 1,Hybrid,0,1,Entry / Junior (0-2 yrs),3.0,6.2,4.6,2025-11-11,10,Naukri.com
JOB-100178,Tableau Developer,BI Analyst,Uber,Tech,Bengaluru,Karnataka,Tier 1,On-Site,0,1,Entry / Junior (0-2 yrs),,,,2025-10-21,11,LinkedIn
JOB-100179,Operations Analyst,Data Analyst,Google,Product / Tech,Hyderabad,Telangana,Tier 1,On-Site,7,11,Lead / Principal (10+ yrs),14.7,25.5,20.1,2025-12-12,7,Naukri.com
JOB-100180,Reporting Analyst,BI Analyst,Amazon,Product / Tech,Hyderabad,Telangana,Tier 1,Hybrid,4,8,Senior (6-9 yrs),8.7,16.4,12.55,2025-10-31,12,Indeed
JOB-100181,Lead Data Analyst,Data Analyst,Barclays,Banking,Bengaluru,Karnataka,Tier 1,Hybrid,10,14,Lead / Principal (10+ yrs),19.2,33.6,26.4,2025-11-07,11,LinkedIn
JOB-100182,BI & Analytics Specialist,BI Analyst,Uber,Tech,Bengaluru,Karnataka,Tier 1,Remote,2,4,Mid-Level (3-5 yrs),,,,2026-01-09,11,Indeed
JOB-100183,Senior BI Consultant,BI Analyst,Zomato,Tech / Consumer,Mumbai,Maharashtra,Tier 1,On-Site,5,7,Senior (6-9 yrs),7.3,13.8,10.55,2026-01-06,12,LinkedIn
JOB-100184,Power BI Developer,BI Analyst,Deloitte,Consulting,Bengaluru,Karnataka,Tier 1,Hybrid,4,6,Senior (6-9 yrs),7.2,13.5,10.35,2025-12-30,9,Company Careers Portal
JOB-100185,Business Intelligence Analyst,BI Analyst,HSBC,Banking,Bengaluru,Karnataka,Tier 1,Remote,3,6,Senior (6-9 yrs),7.2,13.5,10.35,2025-10-10,11,Company Careers Portal
JOB-100186,Senior Python Developer,Python Developer,ICICI Bank,Banking,Bengaluru,Karnataka,Tier 1,Hybrid,2,4,Mid-Level (3-5 yrs),3.7,7.1,5.4,2026-02-02,8,LinkedIn
JOB-100187,Tableau Developer,BI Analyst,Fractal Analytics,Pureplay Analytics,Mumbai,Maharashtra,Tier 1,Remote,3,5,Mid-Level (3-5 yrs),7.5,14.2,10.85,2026-02-18,10,Naukri.com
JOB-100188,Senior BI Consultant,BI Analyst,KPMG,Consulting,Hyderabad,Telangana,Tier 1,On-Site,3,6,Senior (6-9 yrs),,,,2026-02-03,11,LinkedIn
JOB-100189,Senior Python Developer,Python Developer,Meesho,E-Commerce,Bengaluru,Karnataka,Tier 1,On-Site,5,8,Senior (6-9 yrs),7.8,14.7,11.25,2026-02-07,11,Naukri.com
JOB-100190,Junior Data Engineer,Data Engineer,PhonePe,Fintech,Bengaluru,Karnataka,Tier 1,On-Site,0,2,Entry / Junior (0-2 yrs),3.7,7.5,5.6,2025-11-25,10,Indeed
JOB-100191,Senior Data Engineer,Data Engineer,ICICI Bank,Banking,Hyderabad,Telangana,Tier 1,Hybrid,5,9,Senior (6-9 yrs),,,,2026-02-13,9,Naukri.com
JOB-100192,Reporting Analyst,BI Analyst,Goldman Sachs,Banking / Finance,Bengaluru,Karnataka,Tier 1,On-Site,1,3,Mid-Level (3-5 yrs),5.0,9.4,7.2,2025-11-17,8,LinkedIn
JOB-100193,Tableau Developer,BI Analyst,Capgemini,IT Services,Gurgaon,Haryana,Tier 1,Hybrid,4,7,Senior (6-9 yrs),5.7,10.7,8.2,2025-12-08,10,Naukri.com
JOB-100194,Financial Data Analyst,Data Analyst,Standard Chartered,Banking,Gurgaon,Haryana,Tier 1,On-Site,8,13,Lead / Principal (10+ yrs),18.0,31.5,24.75,2025-12-19,11,LinkedIn
JOB-100195,Junior Python Engineer,Python Developer,HCL Technologies,IT Services,Mumbai,Maharashtra,Tier 1,On-Site,5,7,Senior (6-9 yrs),,,,2025-09-21,11,LinkedIn
JOB-100196,Database Developer (SQL),SQL Developer,Swiggy,Tech / Consumer,Bengaluru,Karnataka,Tier 1,Hybrid,4,7,Senior (6-9 yrs),6.8,12.9,9.85,2025-12-04,11,Naukri.com
JOB-100197,Analytics Engineer,Data Engineer,Fractal Analytics,Pureplay Analytics,Hyderabad,Telangana,Tier 1,Remote,2,4,Mid-Level (3-5 yrs),5.5,10.5,8.0,2025-12-21,12,LinkedIn
JOB-100198,Database Administrator & SQL Dev,SQL Developer,ICICI Bank,Banking,Mumbai,Maharashtra,Tier 1,On-Site,2,5,Mid-Level (3-5 yrs),3.2,6.1,4.65,2025-12-11,13,Indeed
JOB-100199,Database Administrator & SQL Dev,SQL Developer,CRED,Fintech,Gurgaon,Haryana,Tier 1,Hybrid,1,4,Mid-Level (3-5 yrs),4.3,8.2,6.25,2026-01-14,11,LinkedIn
JOB-100200,Tableau Developer,BI Analyst,McKinsey & Company,Strategy Consulting,Hyderabad,Telangana,Tier 1,On-Site,0,1,Entry / Junior (0-2 yrs),3.3,6.7,5.0,2025-09-09,8,LinkedIn
JOB-100201,PL/SQL Developer,SQL Developer,Uber,Tech,Pune,Maharashtra,Tier 1,Hybrid,1,4,Mid-Level (3-5 yrs),4.4,8.4,6.4,2025-09-17,11,Naukri.com
JOB-100202,Healthcare Data Analyst,Data Analyst,Infosys,IT Services,Chennai,Tamil Nadu,Tier 1,Hybrid,5,8,Senior (6-9 yrs),,,,2026-02-03,8,LinkedIn
JOB-100203,Operations Analyst,Data Analyst,Microsoft,Product / Tech,Bengaluru,Karnataka,Tier 1,On-Site,2,4,Mid-Level (3-5 yrs),4.8,9.1,6.95,2025-12-07,8,Naukri.com
JOB-100204,Financial Data Analyst,Data Analyst,Capgemini,IT Services,Bengaluru,Karnataka,Tier 1,Hybrid,0,2,Entry / Junior (0-2 yrs),,,,2026-01-01,10,LinkedIn
JOB-100205,Cloud Data Engineer,Data Engineer,CRED,Fintech,Pune,Maharashtra,Tier 1,On-Site,0,2,Entry / Junior (0-2 yrs),,,,2025-12-13,12,LinkedIn
JOB-100206,Data Analyst,Data Analyst,Barclays,Banking,Pune,Maharashtra,Tier 1,On-Site,3,7,Senior (6-9 yrs),6.8,12.8,9.8,2025-12-01,10,Naukri.com
JOB-100207,PL/SQL Developer,SQL Developer,Morgan Stanley,Banking / Finance,Bengaluru,Karnataka,Tier 1,On-Site,1,4,Mid-Level (3-5 yrs),4.4,8.4,6.4,2025-10-01,11,Naukri.com
JOB-100208,Associate Analyst - Data,Data Analyst,JPMorgan Chase,Banking / Finance,Mumbai,Maharashtra,Tier 1,Hybrid,4,8,Senior (6-9 yrs),7.5,14.1,10.8,2025-10-21,7,Naukri.com
JOB-100209,Operations Analyst,Data Analyst,Fractal Analytics,Pureplay Analytics,Pune,Maharashtra,Tier 1,Hybrid,1,3,Mid-Level (3-5 yrs),,,,2025-11-13,8,Indeed
JOB-100210,Operations Analyst,Data Analyst,Barclays,Banking,Bengaluru,Karnataka,Tier 1,On-Site,6,10,Lead / Principal (10+ yrs),12.0,20.8,16.4,2025-12-03,12,Naukri.com
JOB-100211,Junior Data Engineer,Data Engineer,Swiggy,Tech / Consumer,Hyderabad,Telangana,Tier 1,Hybrid,5,7,Senior (6-9 yrs),9.4,17.7,13.55,2025-09-12,9,LinkedIn
JOB-100212,Business Intelligence Analyst,BI Analyst,Capgemini,IT Services,Noida,Uttar Pradesh,Tier 1,On-Site,1,3,Mid-Level (3-5 yrs),3.3,6.4,4.85,2025-11-23,11,Naukri.com
JOB-100213,Senior Python Developer,Python Developer,CRED,Fintech,Hyderabad,Telangana,Tier 1,Remote,4,7,Senior (6-9 yrs),,,,2026-02-12,9,LinkedIn
JOB-100214,Marketing Data Analyst,Data Analyst,Capgemini,IT Services,Bengaluru,Karnataka,Tier 1,On-Site,3,5,Mid-Level (3-5 yrs),5.3,9.9,7.6,2026-02-05,9,LinkedIn
JOB-100215,Marketing Data Analyst,Data Analyst,Microsoft,Product / Tech,Pune,Maharashtra,Tier 1,Hybrid,2,4,Mid-Level (3-5 yrs),4.8,9.1,6.95,2026-01-19,12,Naukri.com
JOB-100216,Reporting Analyst,BI Analyst,ICICI Bank,Banking,Bengaluru,Karnataka,Tier 1,Remote,5,9,Senior (6-9 yrs),6.0,11.2,8.6,2026-02-26,10,LinkedIn
JOB-100217,Operations Analyst,Data Analyst,Swiggy,Tech / Consumer,Hyderabad,Telangana,Tier 1,Hybrid,3,5,Mid-Level (3-5 yrs),,,,2026-01-25,8,Naukri.com
JOB-100218,Junior Data Engineer,Data Engineer,Meesho,E-Commerce,Bengaluru,Karnataka,Tier 1,On-Site,0,2,Entry / Junior (0-2 yrs),3.5,7.0,5.25,2025-11-01,6,Naukri.com
JOB-100219,Financial Data Analyst,Data Analyst,Infosys,IT Services,Pune,Maharashtra,Tier 1,Hybrid,4,6,Senior (6-9 yrs),4.9,9.3,7.1,2025-09-07,7,LinkedIn
JOB-100220,Senior Data Analyst,Data Analyst,LTIMindtree,IT Services,Bengaluru,Karnataka,Tier 1,On-Site,3,7,Senior (6-9 yrs),,,,2025-11-30,13,LinkedIn
JOB-100221,Big Data Engineer,Data Engineer,Cognizant,IT Services,Remote,All India,Remote,Remote,9,13,Lead / Principal (10+ yrs),19.4,34.0,26.7,2025-09-22,10,LinkedIn
JOB-100222,Operations Analyst,Data Analyst,HSBC,Banking,Mumbai,Maharashtra,Tier 1,On-Site,2,4,Mid-Level (3-5 yrs),3.9,7.4,5.65,2025-12-13,9,Indeed
JOB-100223,Senior Data Engineer,Data Engineer,Standard Chartered,Banking,Hyderabad,Telangana,Tier 1,Hybrid,4,6,Senior (6-9 yrs),8.6,16.2,12.4,2026-01-06,10,LinkedIn
JOB-100224,Data Engineer,Data Engineer,Cognizant,IT Services,Hyderabad,Telangana,Tier 1,Hybrid,0,2,Entry / Junior (0-2 yrs),2.6,5.3,3.95,2025-10-16,9,LinkedIn
JOB-100225,BI Developer,BI Analyst,Tiger Analytics,Pureplay Analytics,Hyderabad,Telangana,Tier 1,Hybrid,2,5,Mid-Level (3-5 yrs),4.3,8.2,6.25,2025-10-28,9,LinkedIn
JOB-100226,SQL Developer,SQL Developer,HCL Technologies,IT Services,Gurgaon,Haryana,Tier 1,On-Site,4,8,Senior (6-9 yrs),4.8,9.1,6.95,2025-11-22,10,LinkedIn
JOB-100227,Junior Data Engineer,Data Engineer,Amazon,Product / Tech,Pune,Maharashtra,Tier 1,On-Site,3,7,Senior (6-9 yrs),10.9,20.5,15.7,2025-10-07,8,Indeed
JOB-100228,Marketing Data Analyst,Data Analyst,Swiggy,Tech / Consumer,Hyderabad,Telangana,Tier 1,On-Site,1,4,Mid-Level (3-5 yrs),,,,2025-12-03,9,LinkedIn
JOB-100229,Database Administrator & SQL Dev,SQL Developer,Paytm,Fintech,Bengaluru,Karnataka,Tier 1,On-Site,3,6,Senior (6-9 yrs),6.2,11.8,9.0,2026-01-24,10,Indeed
JOB-100230,Financial Data Analyst,Data Analyst,Deloitte,Consulting,Bengaluru,Karnataka,Tier 1,Hybrid,0,2,Entry / Junior (0-2 yrs),2.5,5.1,3.8,2026-01-25,10,LinkedIn
JOB-100231,Junior Data Engineer,Data Engineer,JPMorgan Chase,Banking / Finance,Gurgaon,Haryana,Tier 1,On-Site,1,4,Mid-Level (3-5 yrs),5.9,11.3,8.6,2025-11-28,10,Naukri.com
JOB-100232,Database Administrator & SQL Dev,SQL Developer,KPMG,Consulting,Pune,Maharashtra,Tier 1,On-Site,2,5,Mid-Level (3-5 yrs),3.7,7.0,5.35,2026-02-26,10,LinkedIn
JOB-100233,Big Data Engineer,Data Engineer,PhonePe,Fintech,Bengaluru,Karnataka,Tier 1,Hybrid,7,11,Lead / Principal (10+ yrs),17.4,30.2,23.8,2026-02-06,12,Naukri.com
JOB-100234,Tableau Developer,BI Analyst,Swiggy,Tech / Consumer,Bengaluru,Karnataka,Tier 1,Hybrid,2,4,Mid-Level (3-5 yrs),,,,2026-01-14,10,Naukri.com
JOB-100235,Operations Analyst,Data Analyst,Flipkart,E-Commerce,Pune,Maharashtra,Tier 1,Hybrid,8,12,Lead / Principal (10+ yrs),,,,2025-11-20,8,LinkedIn
JOB-100236,Python Developer,Python Developer,PwC,Consulting,Bengaluru,Karnataka,Tier 1,On-Site,0,2,Entry / Junior (0-2 yrs),,,,2025-09-29,10,Naukri.com
JOB-100237,Junior Data Analyst,Data Analyst,CRED,Fintech,Chennai,Tamil Nadu,Tier 1,Hybrid,7,10,Lead / Principal (10+ yrs),,,,2026-02-07,11,LinkedIn
JOB-100238,ETL Developer,Data Engineer,LTIMindtree,IT Services,Bengaluru,Karnataka,Tier 1,Hybrid,2,4,Mid-Level (3-5 yrs),4.2,8.0,6.1,2025-10-15,11,Naukri.com
JOB-100239,Database Administrator & SQL Dev,SQL Developer,Paytm,Fintech,Pune,Maharashtra,Tier 1,On-Site,1,4,Mid-Level (3-5 yrs),3.7,7.0,5.35,2026-02-19,11,Indeed
JOB-100240,Big Data Engineer,Data Engineer,Flipkart,E-Commerce,Bengaluru,Karnataka,Tier 1,Hybrid,1,4,Mid-Level (3-5 yrs),5.9,11.3,8.6,2026-02-04,14,Indeed
JOB-100241,Healthcare Data Analyst,Data Analyst,Barclays,Banking,Bengaluru,Karnataka,Tier 1,Remote,0,1,Entry / Junior (0-2 yrs),2.6,5.2,3.9,2025-11-29,11,Naukri.com
JOB-100242,Cloud Data Engineer,Data Engineer,Swiggy,Tech / Consumer,Bengaluru,Karnataka,Tier 1,Hybrid,2,5,Mid-Level (3-5 yrs),5.5,10.5,8.0,2025-10-15,9,LinkedIn
JOB-100243,Data Engineer,Data Engineer,Swiggy,Tech / Consumer,Bengaluru,Karnataka,Tier 1,Hybrid,1,3,Mid-Level (3-5 yrs),5.5,10.5,8.0,2026-01-24,8,LinkedIn
JOB-100244,Power BI Developer,BI Analyst,Mu Sigma,Pureplay Analytics,Hyderabad,Telangana,Tier 1,Hybrid,7,11,Lead / Principal (10+ yrs),10.5,18.3,14.4,2025-11-07,11,LinkedIn
JOB-100245,Data Engineer,Data Engineer,Cognizant,IT Services,Bengaluru,Karnataka,Tier 1,On-Site,5,8,Senior (6-9 yrs),12.2,21.1,16.65,2025-09-14,12,LinkedIn
JOB-100246,Associate Analyst - Data,Data Analyst,Barclays,Banking,Pune,Maharashtra,Tier 1,Hybrid,3,6,Senior (6-9 yrs),,,,2026-02-28,9,LinkedIn
JOB-100247,Reporting Analyst,BI Analyst,Deloitte,Consulting,Mumbai,Maharashtra,Tier 1,On-Site,7,11,Lead / Principal (10+ yrs),12.6,21.9,17.25,2025-09-12,11,LinkedIn
JOB-100248,Junior Data Engineer,Data Engineer,Tiger Analytics,Pureplay Analytics,Bengaluru,Karnataka,Tier 1,Hybrid,2,4,Mid-Level (3-5 yrs),5.4,10.3,7.85,2025-11-08,12,Naukri.com
JOB-100249,Data Analyst,Data Analyst,PhonePe,Fintech,Bengaluru,Karnataka,Tier 1,Remote,4,6,Senior (6-9 yrs),,,,2025-11-06,8,LinkedIn
JOB-100250,Python Data Programmer,Python Developer,Tiger Analytics,Pureplay Analytics,Mumbai,Maharashtra,Tier 1,On-Site,4,6,Senior (6-9 yrs),,,,2025-10-26,9,Naukri.com
JOB-100251,Business Intelligence Analyst,BI Analyst,ICICI Bank,Banking,Mumbai,Maharashtra,Tier 1,On-Site,3,5,Mid-Level (3-5 yrs),6.0,11.2,8.6,2025-11-13,12,LinkedIn
JOB-100252,Data Engineer,Data Engineer,Standard Chartered,Banking,Hyderabad,Telangana,Tier 1,On-Site,0,2,Entry / Junior (0-2 yrs),3.2,6.6,4.9,2025-09-12,8,Indeed
JOB-100253,Senior Data Engineer,Data Engineer,Standard Chartered,Banking,Pune,Maharashtra,Tier 1,On-Site,4,7,Senior (6-9 yrs),8.6,16.2,12.4,2025-10-14,11,Indeed
JOB-100254,Operations Analyst,Data Analyst,Wipro,IT Services,Pune,Maharashtra,Tier 1,Hybrid,0,1,Entry / Junior (0-2 yrs),1.8,3.6,2.7,2025-09-21,10,LinkedIn
JOB-100255,Financial Data Analyst,Data Analyst,JPMorgan Chase,Banking / Finance,Bengaluru,Karnataka,Tier 1,Hybrid,2,4,Mid-Level (3-5 yrs),4.4,8.4,6.4,2026-02-09,10,Naukri.com
JOB-100256,Analytics Engineer,Data Engineer,Mu Sigma,Pureplay Analytics,Pune,Maharashtra,Tier 1,Hybrid,2,4,Mid-Level (3-5 yrs),4.4,8.3,6.35,2026-01-22,10,LinkedIn
JOB-100257,Database Administrator & SQL Dev,SQL Developer,Standard Chartered,Banking,Hyderabad,Telangana,Tier 1,On-Site,2,5,Mid-Level (3-5 yrs),3.7,7.0,5.35,2025-10-29,9,LinkedIn
JOB-100258,Python Backend & Analytics Engineer,Python Developer,Goldman Sachs,Banking / Finance,Hyderabad,Telangana,Tier 1,Hybrid,3,5,Mid-Level (3-5 yrs),,,,2025-09-25,8,Naukri.com
JOB-100259,Tableau Developer,BI Analyst,HCL Technologies,IT Services,Mumbai,Maharashtra,Tier 1,Hybrid,1,4,Mid-Level (3-5 yrs),3.1,6.0,4.55,2026-01-12,12,Naukri.com
JOB-100260,Reporting Analyst,BI Analyst,Flipkart,E-Commerce,Mumbai,Maharashtra,Tier 1,On-Site,2,5,Mid-Level (3-5 yrs),,,,2026-01-12,13,Indeed
JOB-100261,BI Developer,BI Analyst,CRED,Fintech,Bengaluru,Karnataka,Tier 1,Hybrid,5,9,Senior (6-9 yrs),8.1,15.2,11.65,2025-09-20,11,LinkedIn
JOB-100262,Senior BI Consultant,BI Analyst,Capgemini,IT Services,Bengaluru,Karnataka,Tier 1,Hybrid,3,7,Senior (6-9 yrs),5.7,10.7,8.2,2026-02-02,8,Company Careers Portal
JOB-100263,Database Developer (SQL),SQL Developer,CRED,Fintech,Gurgaon,Haryana,Tier 1,Hybrid,4,8,Senior (6-9 yrs),7.3,13.8,10.55,2026-01-25,11,Indeed
JOB-100264,Analytics Engineer,Data Engineer,PwC,Consulting,Hyderabad,Telangana,Tier 1,On-Site,5,9,Senior (6-9 yrs),,,,2026-01-11,6,Naukri.com
JOB-100265,Data Engineer,Data Engineer,Flipkart,E-Commerce,Bengaluru,Karnataka,Tier 1,On-Site,7,10,Lead / Principal (10+ yrs),17.8,30.9,24.35,2025-09-03,7,LinkedIn
JOB-100266,Marketing Data Analyst,Data Analyst,Accenture,Consulting / IT,Bengaluru,Karnataka,Tier 1,On-Site,3,7,Senior (6-9 yrs),6.1,11.5,8.8,2026-02-27,8,Naukri.com
JOB-100267,Senior T-SQL Developer,SQL Developer,Infosys,IT Services,Bengaluru,Karnataka,Tier 1,Hybrid,10,15,Lead / Principal (10+ yrs),,,,2026-01-30,11,LinkedIn
JOB-100268,Senior Python Developer,Python Developer,EY,Consulting,Gurgaon,Haryana,Tier 1,Hybrid,2,5,Mid-Level (3-5 yrs),4.3,8.2,6.25,2025-09-02,12,LinkedIn
JOB-100269,Analytics Engineer,Data Engineer,McKinsey & Company,Strategy Consulting,Pune,Maharashtra,Tier 1,On-Site,4,8,Senior (6-9 yrs),10.9,20.5,15.7,2025-10-19,8,LinkedIn
JOB-100270,Marketing Data Analyst,Data Analyst,Goldman Sachs,Banking / Finance,Hyderabad,Telangana,Tier 1,Remote,1,4,Mid-Level (3-5 yrs),4.6,8.7,6.65,2026-01-15,10,LinkedIn
JOB-100271,Power BI Developer,BI Analyst,Barclays,Banking,Hyderabad,Telangana,Tier 1,Hybrid,1,3,Mid-Level (3-5 yrs),,,,2025-12-27,14,LinkedIn
JOB-100272,Big Data Engineer,Data Engineer,Microsoft,Product / Tech,Bengaluru,Karnataka,Tier 1,On-Site,1,3,Mid-Level (3-5 yrs),6.5,12.3,9.4,2025-11-09,11,LinkedIn
JOB-100273,Data Engineer,Data Engineer,Paytm,Fintech,Bengaluru,Karnataka,Tier 1,On-Site,5,8,Senior (6-9 yrs),,,,2025-09-22,10,Company Careers Portal
JOB-100274,Python Backend & Analytics Engineer,Python Developer,HCL Technologies,IT Services,Bengaluru,Karnataka,Tier 1,Hybrid,2,4,Mid-Level (3-5 yrs),3.3,6.3,4.8,2025-10-28,11,Naukri.com
JOB-100275,Big Data Engineer,Data Engineer,LTIMindtree,IT Services,Gurgaon,Haryana,Tier 1,Hybrid,1,4,Mid-Level (3-5 yrs),4.2,8.0,6.1,2025-12-04,10,LinkedIn
JOB-100276,Analytics Engineer,Data Engineer,Tata Consultancy Services,IT Services,Bengaluru,Karnataka,Tier 1,Hybrid,1,3,Mid-Level (3-5 yrs),3.7,7.1,5.4,2025-12-12,11,Naukri.com
JOB-100277,Senior Data Engineer,Data Engineer,Barclays,Banking,Mumbai,Maharashtra,Tier 1,On-Site,0,2,Entry / Junior (0-2 yrs),3.5,7.0,5.25,2026-01-12,8,LinkedIn
JOB-100278,Python Backend & Analytics Engineer,Python Developer,HDFC Bank,Banking,Mumbai,Maharashtra,Tier 1,Hybrid,1,4,Mid-Level (3-5 yrs),3.9,7.4,5.65,2025-12-06,11,Naukri.com
JOB-100279,BI Developer,BI Analyst,Mu Sigma,Pureplay Analytics,Hyderabad,Telangana,Tier 1,On-Site,4,6,Senior (6-9 yrs),6.0,11.2,8.6,2025-11-02,8,Naukri.com
JOB-100280,BI & Analytics Specialist,BI Analyst,Wipro,IT Services,Pune,Maharashtra,Tier 1,Hybrid,3,7,Senior (6-9 yrs),5.0,9.5,7.25,2025-12-14,13,Naukri.com
JOB-100281,Power BI Developer,BI Analyst,Goldman Sachs,Banking / Finance,Hyderabad,Telangana,Tier 1,Remote,5,8,Senior (6-9 yrs),8.4,15.9,12.15,2025-11-23,12,Company Careers Portal
JOB-100282,Data Engineer,Data Engineer,Capgemini,IT Services,Bengaluru,Karnataka,Tier 1,On-Site,2,5,Mid-Level (3-5 yrs),,,,2025-11-10,9,LinkedIn
JOB-100283,Database Administrator & SQL Dev,SQL Developer,EY,Consulting,Chennai,Tamil Nadu,Tier 1,Hybrid,3,7,Senior (6-9 yrs),6.2,11.8,9.0,2025-12-24,14,LinkedIn
JOB-100284,Database Administrator & SQL Dev,SQL Developer,PwC,Consulting,Bengaluru,Karnataka,Tier 1,Hybrid,1,4,Mid-Level (3-5 yrs),3.7,7.1,5.4,2026-01-10,8,LinkedIn
JOB-100285,Big Data Engineer,Data Engineer,Tata Consultancy Services,IT Services,Mumbai,Maharashtra,Tier 1,Hybrid,4,7,Senior (6-9 yrs),6.3,11.9,9.1,2025-10-19,10,LinkedIn
JOB-100286,Power BI Developer,BI Analyst,Razorpay,Fintech,Bengaluru,Karnataka,Tier 1,Hybrid,3,5,Mid-Level (3-5 yrs),7.8,14.7,11.25,2025-10-12,9,LinkedIn
JOB-100287,ETL Developer,Data Engineer,Morgan Stanley,Banking / Finance,Mumbai,Maharashtra,Tier 1,Hybrid,1,3,Mid-Level (3-5 yrs),6.1,11.5,8.8,2025-10-03,9,LinkedIn
JOB-100288,Analytics Engineer,Data Engineer,Microsoft,Product / Tech,Bengaluru,Karnataka,Tier 1,On-Site,7,11,Lead / Principal (10+ yrs),19.4,33.7,26.55,2025-09-17,9,Naukri.com
JOB-100289,Data Engineer,Data Engineer,Tiger Analytics,Pureplay Analytics,Hyderabad,Telangana,Tier 1,On-Site,7,10,Lead / Principal (10+ yrs),16.2,28.1,22.15,2025-12-18,12,LinkedIn
JOB-100290,Senior Data Analyst,Data Analyst,ICICI Bank,Banking,Pune,Maharashtra,Tier 1,Hybrid,3,5,Mid-Level (3-5 yrs),,,,2025-09-17,8,LinkedIn
JOB-100291,Junior Data Analyst,Data Analyst,Tiger Analytics,Pureplay Analytics,Bengaluru,Karnataka,Tier 1,Hybrid,2,4,Mid-Level (3-5 yrs),,,,2026-02-10,8,Naukri.com
JOB-100292,Business Intelligence Analyst,BI Analyst,Tiger Analytics,Pureplay Analytics,Chennai,Tamil Nadu,Tier 1,On-Site,3,6,Senior (6-9 yrs),,,,2025-11-10,9,LinkedIn
JOB-100293,Business Intelligence Analyst,BI Analyst,Infosys,IT Services,Hyderabad,Telangana,Tier 1,Hybrid,4,6,Senior (6-9 yrs),5.3,10.0,7.65,2025-09-15,10,Indeed
JOB-100294,Database Developer (SQL),SQL Developer,Capgemini,IT Services,Noida,Uttar Pradesh,Tier 1,Hybrid,4,7,Senior (6-9 yrs),5.2,9.7,7.45,2026-02-13,10,Indeed
JOB-100295,Senior Data Analyst,Data Analyst,HSBC,Banking,Gurgaon,Haryana,Tier 1,On-Site,4,8,Senior (6-9 yrs),6.6,12.5,9.55,2025-09-23,7,Naukri.com
JOB-100296,Reporting Analyst,BI Analyst,JPMorgan Chase,Banking / Finance,Gurgaon,Haryana,Tier 1,On-Site,0,1,Entry / Junior (0-2 yrs),3.0,6.2,4.6,2025-12-11,10,LinkedIn
JOB-100297,Senior T-SQL Developer,SQL Developer,Zomato,Tech / Consumer,Bengaluru,Karnataka,Tier 1,Remote,1,3,Mid-Level (3-5 yrs),3.9,7.4,5.65,2025-09-20,11,LinkedIn
JOB-100298,BI & Analytics Specialist,BI Analyst,Tiger Analytics,Pureplay Analytics,Pune,Maharashtra,Tier 1,Hybrid,0,2,Entry / Junior (0-2 yrs),2.8,5.6,4.2,2025-11-19,13,Naukri.com
JOB-100299,Python Developer,Python Developer,Wipro,IT Services,Hyderabad,Telangana,Tier 1,Hybrid,6,9,Senior (6-9 yrs),9.5,16.4,12.95,2025-10-06,8,LinkedIn
JOB-100300,PL/SQL Developer,SQL Developer,Morgan Stanley,Banking / Finance,Bengaluru,Karnataka,Tier 1,On-Site,2,5,Mid-Level (3-5 yrs),,,,2026-01-25,13,LinkedIn
JOB-100301,Power BI Developer,BI Analyst,Fractal Analytics,Pureplay Analytics,Bengaluru,Karnataka,Tier 1,On-Site,5,8,Senior (6-9 yrs),13.3,23.0,18.15,2026-01-12,10,Naukri.com
JOB-100302,Senior Python Developer,Python Developer,Tiger Analytics,Pureplay Analytics,Pune,Maharashtra,Tier 1,On-Site,1,4,Mid-Level (3-5 yrs),4.6,8.7,6.65,2026-01-09,11,Naukri.com
JOB-100303,Senior BI Consultant,BI Analyst,Razorpay,Fintech,Hyderabad,Telangana,Tier 1,On-Site,1,4,Mid-Level (3-5 yrs),,,,2026-02-01,12,Naukri.com
JOB-100304,Senior Data Analyst,Data Analyst,Deloitte,Consulting,Bengaluru,Karnataka,Tier 1,On-Site,3,7,Senior (6-9 yrs),,,,2025-10-29,7,LinkedIn
JOB-100305,Marketing Data Analyst,Data Analyst,Swiggy,Tech / Consumer,Bengaluru,Karnataka,Tier 1,On-Site,4,8,Senior (6-9 yrs),,,,2025-11-22,11,LinkedIn
JOB-100306,Operations Analyst,Data Analyst,Wipro,IT Services,Bengaluru,Karnataka,Tier 1,On-Site,0,1,Entry / Junior (0-2 yrs),1.8,3.6,2.7,2025-12-12,9,Naukri.com
JOB-100307,Senior BI Consultant,BI Analyst,HSBC,Banking,Hyderabad,Telangana,Tier 1,On-Site,2,5,Mid-Level (3-5 yrs),4.2,8.0,6.1,2025-09-14,8,LinkedIn
JOB-100308,BI Developer,BI Analyst,ICICI Bank,Banking,Chennai,Tamil Nadu,Tier 1,Remote,2,4,Mid-Level (3-5 yrs),3.5,6.7,5.1,2026-01-28,10,LinkedIn
JOB-100309,Python Developer,Python Developer,Uber,Tech,Bengaluru,Karnataka,Tier 1,On-Site,0,1,Entry / Junior (0-2 yrs),3.3,6.7,5.0,2025-12-04,10,LinkedIn
JOB-100310,PL/SQL Developer,SQL Developer,HSBC,Banking,Noida,Uttar Pradesh,Tier 1,Hybrid,0,1,Entry / Junior (0-2 yrs),2.4,5.0,3.7,2025-09-10,10,LinkedIn
JOB-100311,Junior Python Engineer,Python Developer,Goldman Sachs,Banking / Finance,Hyderabad,Telangana,Tier 1,On-Site,4,7,Senior (6-9 yrs),9.0,16.9,12.95,2026-02-04,10,Naukri.com
JOB-100312,Tableau Developer,BI Analyst,Zomato,Tech / Consumer,Bengaluru,Karnataka,Tier 1,Hybrid,3,5,Mid-Level (3-5 yrs),7.3,13.8,10.55,2025-12-11,10,Naukri.com
JOB-100313,Data Engineer,Data Engineer,Fractal Analytics,Pureplay Analytics,Pune,Maharashtra,Tier 1,On-Site,2,5,Mid-Level (3-5 yrs),5.5,10.5,8.0,2026-01-04,10,Company Careers Portal
JOB-100314,Tableau Developer,BI Analyst,Wipro,IT Services,Pune,Maharashtra,Tier 1,Hybrid,0,2,Entry / Junior (0-2 yrs),1.9,3.9,2.9,2025-10-11,10,Naukri.com
JOB-100315,Python Data Programmer,Python Developer,Razorpay,Fintech,Bengaluru,Karnataka,Tier 1,Hybrid,2,5,Mid-Level (3-5 yrs),,,,2026-01-26,11,Naukri.com
JOB-100316,Associate Analyst - Data,Data Analyst,JPMorgan Chase,Banking / Finance,Mumbai,Maharashtra,Tier 1,Remote,3,7,Senior (6-9 yrs),7.5,14.1,10.8,2025-11-09,7,Naukri.com
JOB-100317,Database Administrator & SQL Dev,SQL Developer,Tiger Analytics,Pureplay Analytics,Bengaluru,Karnataka,Tier 1,Remote,5,8,Senior (6-9 yrs),11.8,20.4,16.1,2025-11-22,11,LinkedIn
JOB-100318,Database Administrator & SQL Dev,SQL Developer,McKinsey & Company,Strategy Consulting,Hyderabad,Telangana,Tier 1,On-Site,0,2,Entry / Junior (0-2 yrs),3.0,6.1,4.55,2025-10-29,14,Naukri.com
JOB-100319,Junior Data Analyst,Data Analyst,Flipkart,E-Commerce,Pune,Maharashtra,Tier 1,On-Site,4,6,Senior (6-9 yrs),,,,2026-02-03,13,LinkedIn
JOB-100320,SQL Developer,SQL Developer,HSBC,Banking,Bengaluru,Karnataka,Tier 1,Hybrid,1,4,Mid-Level (3-5 yrs),3.8,7.3,5.55,2026-02-02,9,Indeed
JOB-100321,Analytics Engineer,Data Engineer,McKinsey & Company,Strategy Consulting,Pune,Maharashtra,Tier 1,On-Site,5,7,Senior (6-9 yrs),,,,2025-12-31,9,LinkedIn
JOB-100322,BI & Analytics Specialist,BI Analyst,PwC,Consulting,Gurgaon,Haryana,Tier 1,On-Site,5,8,Senior (6-9 yrs),7.0,13.1,10.05,2026-02-24,9,LinkedIn
JOB-100323,Senior Data Analyst,Data Analyst,Barclays,Banking,Hyderabad,Telangana,Tier 1,On-Site,3,7,Senior (6-9 yrs),,,,2026-01-25,11,Indeed
JOB-100324,Senior BI Consultant,BI Analyst,HSBC,Banking,Bengaluru,Karnataka,Tier 1,On-Site,1,3,Mid-Level (3-5 yrs),4.2,8.0,6.1,2025-10-24,13,Naukri.com
JOB-100325,Financial Data Analyst,Data Analyst,Swiggy,Tech / Consumer,Bengaluru,Karnataka,Tier 1,Remote,9,14,Lead / Principal (10+ yrs),,,,2026-02-02,10,LinkedIn
JOB-100326,PL/SQL Developer,SQL Developer,McKinsey & Company,Strategy Consulting,Mumbai,Maharashtra,Tier 1,On-Site,5,9,Senior (6-9 yrs),,,,2025-10-17,13,Indeed
JOB-100327,ETL Developer,Data Engineer,Wipro,IT Services,Mumbai,Maharashtra,Tier 1,Hybrid,5,8,Senior (6-9 yrs),11.1,19.3,15.2,2025-09-30,13,LinkedIn
JOB-100328,Business Intelligence Analyst,BI Analyst,HCL Technologies,IT Services,Bengaluru,Karnataka,Tier 1,Hybrid,3,6,Senior (6-9 yrs),,,,2025-09-16,9,LinkedIn
JOB-100329,Database Administrator & SQL Dev,SQL Developer,HSBC,Banking,Bengaluru,Karnataka,Tier 1,Hybrid,4,7,Senior (6-9 yrs),6.5,12.2,9.35,2025-11-18,10,Naukri.com
JOB-100330,ETL Developer,Data Engineer,ICICI Bank,Banking,Mumbai,Maharashtra,Tier 1,Hybrid,7,10,Lead / Principal (10+ yrs),13.2,22.8,18.0,2026-01-27,10,LinkedIn
JOB-100331,Senior T-SQL Developer,SQL Developer,Accenture,Consulting / IT,Bengaluru,Karnataka,Tier 1,On-Site,4,6,Senior (6-9 yrs),6.0,11.3,8.65,2025-12-31,10,LinkedIn
JOB-100332,Associate Analyst - Data,Data Analyst,Uber,Tech,Bengaluru,Karnataka,Tier 1,On-Site,3,5,Mid-Level (3-5 yrs),7.7,14.4,11.05,2025-09-28,14,Naukri.com
JOB-100333,Junior Data Engineer,Data Engineer,ICICI Bank,Banking,Hyderabad,Telangana,Tier 1,On-Site,1,4,Mid-Level (3-5 yrs),4.4,8.3,6.35,2025-09-06,14,LinkedIn
JOB-100334,Junior Python Engineer,Python Developer,Google,Product / Tech,Hyderabad,Telangana,Tier 1,Hybrid,4,6,Senior (6-9 yrs),9.6,18.0,13.8,2025-11-13,10,Indeed
JOB-100335,BI Developer,BI Analyst,Accenture,Consulting / IT,Bengaluru,Karnataka,Tier 1,Hybrid,10,14,Lead / Principal (10+ yrs),,,,2026-01-25,8,Naukri.com
JOB-100336,Big Data Engineer,Data Engineer,Uber,Tech,Mumbai,Maharashtra,Tier 1,Hybrid,3,7,Senior (6-9 yrs),,,,2026-01-30,12,Naukri.com
JOB-100337,PL/SQL Developer,SQL Developer,HSBC,Banking,Bengaluru,Karnataka,Tier 1,On-Site,0,1,Entry / Junior (0-2 yrs),2.4,5.0,3.7,2026-01-09,11,Naukri.com
JOB-100338,Junior Data Analyst,Data Analyst,Deloitte,Consulting,Hyderabad,Telangana,Tier 1,Remote,4,7,Senior (6-9 yrs),6.6,12.5,9.55,2025-12-29,11,LinkedIn
JOB-100339,ETL Developer,Data Engineer,PhonePe,Fintech,Bengaluru,Karnataka,Tier 1,On-Site,4,8,Senior (6-9 yrs),9.9,18.6,14.25,2025-09-21,12,Naukri.com
JOB-100340,Financial Data Analyst,Data Analyst,JPMorgan Chase,Banking / Finance,Noida,Uttar Pradesh,Tier 1,Hybrid,0,2,Entry / Junior (0-2 yrs),2.8,5.7,4.25,2025-09-01,8,LinkedIn
JOB-100341,Senior T-SQL Developer,SQL Developer,HDFC Bank,Banking,Pune,Maharashtra,Tier 1,Hybrid,7,11,Lead / Principal (10+ yrs),10.0,17.3,13.65,2026-02-12,8,Naukri.com
JOB-100342,ETL Developer,Data Engineer,Wipro,IT Services,Pune,Maharashtra,Tier 1,Hybrid,0,2,Entry / Junior (0-2 yrs),2.4,4.8,3.6,2025-10-24,10,Naukri.com
JOB-100343,Python Backend & Analytics Engineer,Python Developer,Meesho,E-Commerce,Hyderabad,Telangana,Tier 1,On-Site,1,3,Mid-Level (3-5 yrs),4.6,8.7,6.65,2025-11-26,12,Naukri.com
JOB-100344,Cloud Data Engineer,Data Engineer,Tata Consultancy Services,IT Services,Bengaluru,Karnataka,Tier 1,Hybrid,2,5,Mid-Level (3-5 yrs),3.7,7.1,5.4,2026-01-16,11,Naukri.com
JOB-100345,Data Engineer,Data Engineer,Google,Product / Tech,Hyderabad,Telangana,Tier 1,Hybrid,10,15,Lead / Principal (10+ yrs),31.8,55.6,43.7,2025-10-10,10,Indeed
JOB-100346,Data Analyst,Data Analyst,Accenture,Consulting / IT,Bengaluru,Karnataka,Tier 1,Hybrid,4,6,Senior (6-9 yrs),,,,2026-02-06,11,Naukri.com
JOB-100347,Financial Data Analyst,Data Analyst,Wipro,IT Services,Gurgaon,Haryana,Tier 1,On-Site,6,10,Lead / Principal (10+ yrs),8.2,14.3,11.25,2025-09-28,10,LinkedIn
JOB-100348,Associate Analyst - Data,Data Analyst,Cognizant,IT Services,Gurgaon,Haryana,Tier 1,Hybrid,9,14,Lead / Principal (10+ yrs),14.4,25.2,19.8,2025-12-13,10,LinkedIn
JOB-100349,Data Engineer,Data Engineer,Zomato,Tech / Consumer,Pune,Maharashtra,Tier 1,Hybrid,1,3,Mid-Level (3-5 yrs),,,,2026-01-05,9,LinkedIn
JOB-100350,Senior BI Consultant,BI Analyst,ICICI Bank,Banking,Bengaluru,Karnataka,Tier 1,On-Site,4,6,Senior (6-9 yrs),6.0,11.2,8.6,2025-12-15,10,LinkedIn
JOB-100351,Business Intelligence Analyst,BI Analyst,CRED,Fintech,Mumbai,Maharashtra,Tier 1,On-Site,4,7,Senior (6-9 yrs),8.1,15.2,11.65,2026-02-12,10,LinkedIn
JOB-100352,Database Developer (SQL),SQL Developer,EY,Consulting,Chennai,Tamil Nadu,Tier 1,On-Site,2,4,Mid-Level (3-5 yrs),3.7,7.0,5.35,2025-09-06,11,Naukri.com
JOB-100353,Data Engineer,Data Engineer,Goldman Sachs,Banking / Finance,Bengaluru,Karnataka,Tier 1,On-Site,1,4,Mid-Level (3-5 yrs),6.2,11.8,9.0,2025-12-04,12,LinkedIn
JOB-100354,Data Engineer,Data Engineer,PhonePe,Fintech,Remote,All India,Remote,Remote,4,6,Senior (6-9 yrs),,,,2025-09-07,7,Naukri.com
JOB-100355,Junior Data Analyst,Data Analyst,Capgemini,IT Services,Bengaluru,Karnataka,Tier 1,On-Site,5,8,Senior (6-9 yrs),9.3,16.1,12.7,2025-12-21,7,Indeed
JOB-100356,Database Developer (SQL),SQL Developer,Mu Sigma,Pureplay Analytics,Mumbai,Maharashtra,Tier 1,Hybrid,7,11,Lead / Principal (10+ yrs),9.6,16.6,13.1,2025-09-13,12,Naukri.com
JOB-100357,Financial Data Analyst,Data Analyst,Accenture,Consulting / IT,Hyderabad,Telangana,Tier 1,On-Site,0,1,Entry / Junior (0-2 yrs),2.3,4.7,3.5,2025-09-22,7,Naukri.com
JOB-100358,Marketing Data Analyst,Data Analyst,Zomato,Tech / Consumer,Pune,Maharashtra,Tier 1,On-Site,3,6,Senior (6-9 yrs),6.8,12.8,9.8,2025-11-02,11,Naukri.com
JOB-100359,Marketing Data Analyst,Data Analyst,HDFC Bank,Banking,Mumbai,Maharashtra,Tier 1,On-Site,1,4,Mid-Level (3-5 yrs),3.4,6.5,4.95,2025-10-03,9,LinkedIn
JOB-100360,Lead Data Analyst,Data Analyst,PhonePe,Fintech,Gurgaon,Haryana,Tier 1,Remote,1,3,Mid-Level (3-5 yrs),4.3,8.2,6.25,2025-11-30,11,LinkedIn
JOB-100361,Senior T-SQL Developer,SQL Developer,Microsoft,Product / Tech,Bengaluru,Karnataka,Tier 1,On-Site,5,9,Senior (6-9 yrs),8.0,15.1,11.55,2025-10-02,12,LinkedIn
JOB-100362,Business Intelligence Analyst,BI Analyst,Razorpay,Fintech,Bengaluru,Karnataka,Tier 1,Remote,4,8,Senior (6-9 yrs),7.8,14.7,11.25,2025-09-03,8,LinkedIn
JOB-100363,Junior Data Analyst,Data Analyst,Google,Product / Tech,Pune,Maharashtra,Tier 1,On-Site,2,4,Mid-Level (3-5 yrs),4.9,9.3,7.1,2025-11-26,13,LinkedIn
JOB-100364,Senior Data Analyst,Data Analyst,LTIMindtree,IT Services,Bengaluru,Karnataka,Tier 1,On-Site,5,7,Senior (6-9 yrs),5.3,9.9,7.6,2026-01-25,10,Naukri.com
JOB-100365,ETL Developer,Data Engineer,Barclays,Banking,Mumbai,Maharashtra,Tier 1,On-Site,3,7,Senior (6-9 yrs),9.2,17.3,13.25,2025-11-14,11,LinkedIn
JOB-100366,Junior Data Analyst,Data Analyst,Deloitte,Consulting,Remote,All India,Remote,Remote,3,6,Senior (6-9 yrs),6.6,12.5,9.55,2025-10-10,11,LinkedIn
JOB-100367,Healthcare Data Analyst,Data Analyst,PwC,Consulting,Mumbai,Maharashtra,Tier 1,Hybrid,8,13,Lead / Principal (10+ yrs),18.2,31.9,25.05,2025-10-20,14,LinkedIn
JOB-100368,Business Intelligence Analyst,BI Analyst,Accenture,Consulting / IT,Pune,Maharashtra,Tier 1,On-Site,5,8,Senior (6-9 yrs),,,,2025-12-26,9,LinkedIn
JOB-100369,Tableau Developer,BI Analyst,Deloitte,Consulting,Pune,Maharashtra,Tier 1,On-Site,3,7,Senior (6-9 yrs),7.2,13.5,10.35,2025-09-06,11,Naukri.com
JOB-100370,SQL Developer,SQL Developer,Swiggy,Tech / Consumer,Chennai,Tamil Nadu,Tier 1,On-Site,2,4,Mid-Level (3-5 yrs),,,,2025-12-24,9,Naukri.com
JOB-100371,Senior T-SQL Developer,SQL Developer,HCL Technologies,IT Services,Bengaluru,Karnataka,Tier 1,Hybrid,0,1,Entry / Junior (0-2 yrs),1.8,3.7,2.75,2026-01-29,11,LinkedIn
JOB-100372,Tableau Developer,BI Analyst,Cognizant,IT Services,Hyderabad,Telangana,Tier 1,On-Site,8,13,Lead / Principal (10+ yrs),15.6,27.2,21.4,2026-02-09,13,Naukri.com
JOB-100373,Marketing Data Analyst,Data Analyst,HSBC,Banking,Pune,Maharashtra,Tier 1,Hybrid,3,6,Senior (6-9 yrs),6.6,12.5,9.55,2026-02-17,8,LinkedIn
JOB-100374,SQL Developer,SQL Developer,Fractal Analytics,Pureplay Analytics,Chennai,Tamil Nadu,Tier 1,Hybrid,4,8,Senior (6-9 yrs),6.8,12.9,9.85,2026-01-08,11,Indeed
JOB-100375,Associate Analyst - Data,Data Analyst,JPMorgan Chase,Banking / Finance,Hyderabad,Telangana,Tier 1,On-Site,1,4,Mid-Level (3-5 yrs),,,,2025-11-27,12,LinkedIn
JOB-100376,Database Administrator & SQL Dev,SQL Developer,Uber,Tech,Hyderabad,Telangana,Tier 1,On-Site,2,4,Mid-Level (3-5 yrs),4.4,8.4,6.4,2025-10-20,10,Naukri.com
JOB-100377,Cloud Data Engineer,Data Engineer,Swiggy,Tech / Consumer,Noida,Uttar Pradesh,Tier 1,Hybrid,0,2,Entry / Junior (0-2 yrs),3.5,7.2,5.35,2025-12-24,8,LinkedIn
JOB-100378,Database Developer (SQL),SQL Developer,CRED,Fintech,Pune,Maharashtra,Tier 1,Hybrid,3,6,Senior (6-9 yrs),7.3,13.8,10.55,2025-12-25,10,LinkedIn
JOB-100379,BI Developer,BI Analyst,Paytm,Fintech,Hyderabad,Telangana,Tier 1,Hybrid,2,5,Mid-Level (3-5 yrs),4.1,7.7,5.9,2025-12-08,13,Company Careers Portal
JOB-100380,ETL Developer,Data Engineer,CRED,Fintech,Hyderabad,Telangana,Tier 1,On-Site,5,9,Senior (6-9 yrs),17.8,30.9,24.35,2025-12-16,10,LinkedIn
JOB-100381,Big Data Engineer,Data Engineer,Morgan Stanley,Banking / Finance,Bengaluru,Karnataka,Tier 1,On-Site,2,5,Mid-Level (3-5 yrs),6.1,11.5,8.8,2025-09-08,11,LinkedIn
JOB-100382,Senior BI Consultant,BI Analyst,Standard Chartered,Banking,Gurgaon,Haryana,Tier 1,On-Site,10,15,Lead / Principal (10+ yrs),19.4,34.0,26.7,2025-09-01,12,LinkedIn
JOB-100383,Financial Data Analyst,Data Analyst,Meesho,E-Commerce,Bengaluru,Karnataka,Tier 1,Remote,2,5,Mid-Level (3-5 yrs),4.0,7.6,5.8,2025-10-31,13,Naukri.com
JOB-100384,Database Administrator & SQL Dev,SQL Developer,PhonePe,Fintech,Hyderabad,Telangana,Tier 1,Hybrid,1,3,Mid-Level (3-5 yrs),4.2,8.0,6.1,2025-12-29,11,LinkedIn
JOB-100385,Healthcare Data Analyst,Data Analyst,Zomato,Tech / Consumer,Bengaluru,Karnataka,Tier 1,Hybrid,1,3,Mid-Level (3-5 yrs),,,,2025-09-03,9,LinkedIn
JOB-100386,Associate Analyst - Data,Data Analyst,CRED,Fintech,Pune,Maharashtra,Tier 1,Hybrid,1,3,Mid-Level (3-5 yrs),4.4,8.4,6.4,2025-12-23,12,Company Careers Portal
JOB-100387,Junior Data Engineer,Data Engineer,Barclays,Banking,Gurgaon,Haryana,Tier 1,On-Site,0,1,Entry / Junior (0-2 yrs),,,,2025-11-12,8,LinkedIn
JOB-100388,BI & Analytics Specialist,BI Analyst,Cognizant,IT Services,Hyderabad,Telangana,Tier 1,On-Site,0,2,Entry / Junior (0-2 yrs),,,,2025-09-28,6,LinkedIn
JOB-100389,Operations Analyst,Data Analyst,Goldman Sachs,Banking / Finance,Pune,Maharashtra,Tier 1,Remote,3,7,Senior (6-9 yrs),,,,2025-10-21,9,Indeed
JOB-100390,Tableau Developer,BI Analyst,HSBC,Banking,Bengaluru,Karnataka,Tier 1,On-Site,6,10,Lead / Principal (10+ yrs),12.6,21.9,17.25,2025-11-20,12,Company Careers Portal
JOB-100391,Financial Data Analyst,Data Analyst,JPMorgan Chase,Banking / Finance,Mumbai,Maharashtra,Tier 1,On-Site,0,1,Entry / Junior (0-2 yrs),2.8,5.7,4.25,2026-02-04,10,LinkedIn
JOB-100392,SQL Developer,SQL Developer,Meesho,E-Commerce,Gurgaon,Haryana,Tier 1,On-Site,7,10,Lead / Principal (10+ yrs),,,,2025-11-06,10,LinkedIn
JOB-100393,Healthcare Data Analyst,Data Analyst,Deloitte,Consulting,Chennai,Tamil Nadu,Tier 1,Hybrid,7,10,Lead / Principal (10+ yrs),11.7,20.3,16.0,2025-12-10,10,Company Careers Portal
JOB-100394,Analytics Engineer,Data Engineer,Flipkart,E-Commerce,Bengaluru,Karnataka,Tier 1,On-Site,3,7,Senior (6-9 yrs),,,,2026-02-04,7,Naukri.com
JOB-100395,SQL Developer,SQL Developer,Barclays,Banking,Bengaluru,Karnataka,Tier 1,Hybrid,4,6,Senior (6-9 yrs),,,,2026-02-02,9,LinkedIn
JOB-100396,Financial Data Analyst,Data Analyst,Zomato,Tech / Consumer,Bengaluru,Karnataka,Tier 1,Hybrid,1,3,Mid-Level (3-5 yrs),4.0,7.6,5.8,2025-09-17,9,Naukri.com
JOB-100397,Financial Data Analyst,Data Analyst,Mu Sigma,Pureplay Analytics,Bengaluru,Karnataka,Tier 1,Hybrid,1,3,Mid-Level (3-5 yrs),3.2,6.2,4.7,2026-02-01,9,LinkedIn
JOB-100398,Analytics Engineer,Data Engineer,HDFC Bank,Banking,Bengaluru,Karnataka,Tier 1,Hybrid,7,10,Lead / Principal (10+ yrs),13.8,23.9,18.85,2025-12-20,12,LinkedIn
JOB-100399,Junior Data Engineer,Data Engineer,Cognizant,IT Services,Bengaluru,Karnataka,Tier 1,On-Site,6,10,Lead / Principal (10+ yrs),12.2,21.1,16.65,2025-10-15,9,LinkedIn
JOB-100400,Senior Data Engineer,Data Engineer,Barclays,Banking,Chennai,Tamil Nadu,Tier 1,Hybrid,5,8,Senior (6-9 yrs),9.2,17.3,13.25,2025-10-21,7,LinkedIn
JOB-100401,Python Data Programmer,Python Developer,Deloitte,Consulting,Chennai,Tamil Nadu,Tier 1,On-Site,6,10,Lead / Principal (10+ yrs),,,,2025-11-08,11,Naukri.com
JOB-100402,Junior Data Engineer,Data Engineer,Cognizant,IT Services,Bengaluru,Karnataka,Tier 1,Hybrid,2,5,Mid-Level (3-5 yrs),4.1,7.7,5.9,2026-02-15,8,Indeed
JOB-100403,Financial Data Analyst,Data Analyst,ICICI Bank,Banking,Chennai,Tamil Nadu,Tier 1,Hybrid,6,10,Lead / Principal (10+ yrs),9.8,16.9,13.35,2026-01-15,9,Naukri.com
JOB-100404,Analytics Engineer,Data Engineer,Infosys,IT Services,Hyderabad,Telangana,Tier 1,On-Site,3,5,Mid-Level (3-5 yrs),6.7,12.5,9.6,2025-11-08,11,LinkedIn
JOB-100405,Reporting Analyst,BI Analyst,Deloitte,Consulting,Bengaluru,Karnataka,Tier 1,On-Site,1,3,Mid-Level (3-5 yrs),4.2,8.0,6.1,2025-10-02,11,LinkedIn
JOB-100406,Senior T-SQL Developer,SQL Developer,Tata Consultancy Services,IT Services,Hyderabad,Telangana,Tier 1,Remote,4,6,Senior (6-9 yrs),4.6,8.6,6.6,2025-12-20,11,Naukri.com
JOB-100407,Junior Data Engineer,Data Engineer,Capgemini,IT Services,Bengaluru,Karnataka,Tier 1,Remote,0,2,Entry / Junior (0-2 yrs),2.7,5.4,4.05,2026-01-14,11,Naukri.com
JOB-100408,ETL Developer,Data Engineer,Swiggy,Tech / Consumer,Hyderabad,Telangana,Tier 1,On-Site,2,4,Mid-Level (3-5 yrs),5.5,10.5,8.0,2025-11-15,10,LinkedIn
JOB-100409,Financial Data Analyst,Data Analyst,Razorpay,Fintech,Hyderabad,Telangana,Tier 1,Hybrid,5,9,Senior (6-9 yrs),,,,2025-09-17,8,LinkedIn
JOB-100410,Python Developer,Python Developer,Standard Chartered,Banking,Bengaluru,Karnataka,Tier 1,Hybrid,0,1,Entry / Junior (0-2 yrs),2.8,5.6,4.2,2025-09-01,11,Indeed
JOB-100411,Operations Analyst,Data Analyst,Zomato,Tech / Consumer,Bengaluru,Karnataka,Tier 1,Hybrid,1,4,Mid-Level (3-5 yrs),4.0,7.6,5.8,2025-12-30,8,LinkedIn
JOB-100412,Marketing Data Analyst,Data Analyst,Fractal Analytics,Pureplay Analytics,Noida,Uttar Pradesh,Tier 1,On-Site,8,13,Lead / Principal (10+ yrs),19.7,34.4,27.05,2026-01-19,9,LinkedIn
JOB-100413,Reporting Analyst,BI Analyst,ICICI Bank,Banking,Noida,Uttar Pradesh,Tier 1,On-Site,5,8,Senior (6-9 yrs),6.0,11.2,8.6,2025-10-30,9,LinkedIn
JOB-100414,Operations Analyst,Data Analyst,PwC,Consulting,Mumbai,Maharashtra,Tier 1,Hybrid,5,8,Senior (6-9 yrs),,,,2025-12-22,11,Naukri.com
JOB-100415,Senior Data Analyst,Data Analyst,Deloitte,Consulting,Bengaluru,Karnataka,Tier 1,On-Site,9,13,Lead / Principal (10+ yrs),18.7,32.8,25.75,2026-01-18,9,Naukri.com
JOB-100416,BI & Analytics Specialist,BI Analyst,HDFC Bank,Banking,Pune,Maharashtra,Tier 1,Hybrid,1,4,Mid-Level (3-5 yrs),,,,2025-12-06,9,Indeed
JOB-100417,Python Developer,Python Developer,JPMorgan Chase,Banking / Finance,Bengaluru,Karnataka,Tier 1,On-Site,2,4,Mid-Level (3-5 yrs),,,,2025-09-04,10,Indeed
JOB-100418,Marketing Data Analyst,Data Analyst,ICICI Bank,Banking,Hyderabad,Telangana,Tier 1,Remote,1,3,Mid-Level (3-5 yrs),3.2,6.2,4.7,2025-11-30,12,Naukri.com
JOB-100419,Healthcare Data Analyst,Data Analyst,Mu Sigma,Pureplay Analytics,Pune,Maharashtra,Tier 1,Remote,3,7,Senior (6-9 yrs),5.5,10.4,7.95,2026-02-03,8,Naukri.com
JOB-100420,Analytics Engineer,Data Engineer,Uber,Tech,Mumbai,Maharashtra,Tier 1,Remote,2,4,Mid-Level (3-5 yrs),6.1,11.5,8.8,2025-12-17,7,Company Careers Portal
JOB-100421,Tableau Developer,BI Analyst,Amazon,Product / Tech,Pune,Maharashtra,Tier 1,Hybrid,5,7,Senior (6-9 yrs),,,,2025-09-19,10,Naukri.com
JOB-100422,Marketing Data Analyst,Data Analyst,Standard Chartered,Banking,Pune,Maharashtra,Tier 1,On-Site,7,10,Lead / Principal (10+ yrs),11.2,19.5,15.35,2025-09-16,11,LinkedIn
JOB-100423,SQL Developer,SQL Developer,HCL Technologies,IT Services,Pune,Maharashtra,Tier 1,Remote,2,5,Mid-Level (3-5 yrs),2.8,5.4,4.1,2026-01-31,11,Naukri.com
JOB-100424,Data Engineer,Data Engineer,CRED,Fintech,Pune,Maharashtra,Tier 1,Hybrid,5,7,Senior (6-9 yrs),10.1,19.0,14.55,2026-01-29,11,Naukri.com
JOB-100425,Database Developer (SQL),SQL Developer,Goldman Sachs,Banking / Finance,Chennai,Tamil Nadu,Tier 1,On-Site,1,4,Mid-Level (3-5 yrs),4.5,8.6,6.55,2025-11-08,11,LinkedIn
JOB-100426,Senior T-SQL Developer,SQL Developer,Flipkart,E-Commerce,Remote,All India,Remote,Remote,10,14,Lead / Principal (10+ yrs),20.7,36.2,28.45,2025-12-20,10,Indeed
JOB-100427,Cloud Data Engineer,Data Engineer,PwC,Consulting,Bengaluru,Karnataka,Tier 1,On-Site,7,11,Lead / Principal (10+ yrs),,,,2025-10-03,12,LinkedIn
JOB-100428,Big Data Engineer,Data Engineer,Tata Consultancy Services,IT Services,Bengaluru,Karnataka,Tier 1,Hybrid,0,2,Entry / Junior (0-2 yrs),2.4,4.8,3.6,2026-02-16,9,Indeed
JOB-100429,Business Intelligence Analyst,BI Analyst,Meesho,E-Commerce,Bengaluru,Karnataka,Tier 1,Hybrid,4,6,Senior (6-9 yrs),7.3,13.8,10.55,2026-01-21,11,Naukri.com
JOB-100430,Power BI Developer,BI Analyst,Zomato,Tech / Consumer,Chennai,Tamil Nadu,Tier 1,On-Site,5,8,Senior (6-9 yrs),7.3,13.8,10.55,2025-12-13,11,LinkedIn
JOB-100431,Python Developer,Python Developer,Infosys,IT Services,Hyderabad,Telangana,Tier 1,On-Site,0,2,Entry / Junior (0-2 yrs),2.1,4.3,3.2,2025-12-04,11,Company Careers Portal
JOB-100432,Database Developer (SQL),SQL Developer,Swiggy,Tech / Consumer,Bengaluru,Karnataka,Tier 1,On-Site,5,8,Senior (6-9 yrs),6.8,12.9,9.85,2025-10-26,13,LinkedIn
JOB-100433,Analytics Engineer,Data Engineer,Wipro,IT Services,Bengaluru,Karnataka,Tier 1,Remote,3,5,Mid-Level (3-5 yrs),6.3,11.9,9.1,2025-11-09,9,Naukri.com
JOB-100434,Big Data Engineer,Data Engineer,LTIMindtree,IT Services,Hyderabad,Telangana,Tier 1,On-Site,3,5,Mid-Level (3-5 yrs),7.1,13.4,10.25,2025-10-23,15,LinkedIn
JOB-100435,Big Data Engineer,Data Engineer,Amazon,Product / Tech,Bengaluru,Karnataka,Tier 1,On-Site,1,3,Mid-Level (3-5 yrs),6.4,12.2,9.3,2025-12-14,11,Naukri.com
JOB-100436,BI Developer,BI Analyst,CRED,Fintech,Bengaluru,Karnataka,Tier 1,On-Site,5,8,Senior (6-9 yrs),,,,2025-09-17,11,Naukri.com
JOB-100437,Lead Data Analyst,Data Analyst,Google,Product / Tech,Bengaluru,Karnataka,Tier 1,On-Site,4,6,Senior (6-9 yrs),,,,2025-11-03,10,Naukri.com
JOB-100438,Power BI Developer,BI Analyst,Cognizant,IT Services,Hyderabad,Telangana,Tier 1,On-Site,3,6,Senior (6-9 yrs),5.5,10.4,7.95,2025-10-21,11,Naukri.com
JOB-100439,Business Intelligence Analyst,BI Analyst,Wipro,IT Services,Bengaluru,Karnataka,Tier 1,On-Site,0,2,Entry / Junior (0-2 yrs),1.9,3.9,2.9,2025-09-15,7,Indeed
JOB-100440,Reporting Analyst,BI Analyst,McKinsey & Company,Strategy Consulting,Mumbai,Maharashtra,Tier 1,Hybrid,5,8,Senior (6-9 yrs),,,,2025-12-02,13,LinkedIn
JOB-100441,Senior Data Engineer,Data Engineer,CRED,Fintech,Mumbai,Maharashtra,Tier 1,Hybrid,3,6,Senior (6-9 yrs),10.1,19.0,14.55,2025-11-14,11,Naukri.com
JOB-100442,Reporting Analyst,BI Analyst,CRED,Fintech,Hyderabad,Telangana,Tier 1,On-Site,5,9,Senior (6-9 yrs),8.1,15.2,11.65,2025-11-14,10,LinkedIn
JOB-100443,Junior Data Analyst,Data Analyst,HCL Technologies,IT Services,Hyderabad,Telangana,Tier 1,Hybrid,5,9,Senior (6-9 yrs),4.9,9.3,7.1,2025-09-08,9,Naukri.com
JOB-100444,BI Developer,BI Analyst,CRED,Fintech,Pune,Maharashtra,Tier 1,Hybrid,0,2,Entry / Junior (0-2 yrs),3.0,6.2,4.6,2025-10-16,12,LinkedIn
JOB-100445,Power BI Developer,BI Analyst,Swiggy,Tech / Consumer,Hyderabad,Telangana,Tier 1,On-Site,1,4,Mid-Level (3-5 yrs),4.4,8.4,6.4,2025-10-08,13,LinkedIn
JOB-100446,Junior Data Analyst,Data Analyst,HCL Technologies,IT Services,Pune,Maharashtra,Tier 1,On-Site,0,1,Entry / Junior (0-2 yrs),1.9,3.8,2.85,2025-09-01,10,LinkedIn
JOB-100447,Power BI Developer,BI Analyst,Capgemini,IT Services,Bengaluru,Karnataka,Tier 1,Remote,3,7,Senior (6-9 yrs),5.7,10.7,8.2,2025-10-22,13,Naukri.com
JOB-100448,Business Intelligence Analyst,BI Analyst,Razorpay,Fintech,Pune,Maharashtra,Tier 1,Hybrid,7,10,Lead / Principal (10+ yrs),13.8,23.9,18.85,2025-11-29,13,LinkedIn
JOB-100449,Junior Data Analyst,Data Analyst,CRED,Fintech,Pune,Maharashtra,Tier 1,Hybrid,2,5,Mid-Level (3-5 yrs),4.4,8.4,6.4,2025-11-18,10,Naukri.com
JOB-100450,Python Data Programmer,Python Developer,LTIMindtree,IT Services,Hyderabad,Telangana,Tier 1,Hybrid,0,1,Entry / Junior (0-2 yrs),2.3,4.6,3.45,2025-09-05,9,LinkedIn
JOB-100451,SQL Developer,SQL Developer,Morgan Stanley,Banking / Finance,Hyderabad,Telangana,Tier 1,Hybrid,3,7,Senior (6-9 yrs),7.5,14.1,10.8,2025-12-09,8,LinkedIn
JOB-100452,Python Data Programmer,Python Developer,Infosys,IT Services,Bengaluru,Karnataka,Tier 1,On-Site,9,14,Lead / Principal (10+ yrs),16.0,28.0,22.0,2025-10-13,13,LinkedIn
JOB-100453,Business Intelligence Analyst,BI Analyst,Paytm,Fintech,Bengaluru,Karnataka,Tier 1,On-Site,7,11,Lead / Principal (10+ yrs),12.2,21.1,16.65,2025-11-13,7,LinkedIn
JOB-100454,Operations Analyst,Data Analyst,Meesho,E-Commerce,Pune,Maharashtra,Tier 1,On-Site,7,10,Lead / Principal (10+ yrs),,,,2025-12-24,9,LinkedIn
JOB-100455,Lead Data Analyst,Data Analyst,Mu Sigma,Pureplay Analytics,Gurgaon,Haryana,Tier 1,Hybrid,0,2,Entry / Junior (0-2 yrs),2.1,4.2,3.15,2025-11-01,10,Naukri.com
JOB-100456,Power BI Developer,BI Analyst,Barclays,Banking,Chennai,Tamil Nadu,Tier 1,Remote,5,9,Senior (6-9 yrs),7.3,13.8,10.55,2026-01-29,13,Company Careers Portal
JOB-100457,Reporting Analyst,BI Analyst,Infosys,IT Services,Gurgaon,Haryana,Tier 1,Hybrid,0,2,Entry / Junior (0-2 yrs),2.0,4.1,3.05,2026-02-10,13,LinkedIn
JOB-100458,Associate Analyst - Data,Data Analyst,Mu Sigma,Pureplay Analytics,Mumbai,Maharashtra,Tier 1,Hybrid,5,8,Senior (6-9 yrs),,,,2025-09-21,8,Naukri.com
JOB-100459,ETL Developer,Data Engineer,Tiger Analytics,Pureplay Analytics,Bengaluru,Karnataka,Tier 1,Remote,6,9,Senior (6-9 yrs),,,,2025-11-03,11,Naukri.com
JOB-100460,Analytics Engineer,Data Engineer,HCL Technologies,IT Services,Bengaluru,Karnataka,Tier 1,Hybrid,6,9,Senior (6-9 yrs),11.7,20.4,16.05,2025-12-03,12,LinkedIn
JOB-100461,BI & Analytics Specialist,BI Analyst,Zomato,Tech / Consumer,Pune,Maharashtra,Tier 1,On-Site,6,9,Senior (6-9 yrs),13.0,22.5,17.75,2026-01-12,8,Indeed
JOB-100462,SQL Developer,SQL Developer,Swiggy,Tech / Consumer,Gurgaon,Haryana,Tier 1,Hybrid,3,5,Mid-Level (3-5 yrs),6.8,12.9,9.85,2026-01-26,13,LinkedIn
JOB-100463,Senior Python Developer,Python Developer,Cognizant,IT Services,Pune,Maharashtra,Tier 1,Remote,7,10,Lead / Principal (10+ yrs),10.3,17.9,14.1,2025-11-18,10,Naukri.com
JOB-100464,Financial Data Analyst,Data Analyst,Fractal Analytics,Pureplay Analytics,Hyderabad,Telangana,Tier 1,Remote,4,8,Senior (6-9 yrs),7.0,13.1,10.05,2025-09-11,8,LinkedIn
JOB-100465,BI Developer,BI Analyst,Wipro,IT Services,Noida,Uttar Pradesh,Tier 1,On-Site,5,9,Senior (6-9 yrs),5.0,9.5,7.25,2025-10-23,9,LinkedIn
JOB-100466,ETL Developer,Data Engineer,HCL Technologies,IT Services,Mumbai,Maharashtra,Tier 1,Hybrid,1,4,Mid-Level (3-5 yrs),3.9,7.4,5.65,2026-01-18,10,LinkedIn
JOB-100467,Big Data Engineer,Data Engineer,EY,Consulting,Pune,Maharashtra,Tier 1,Hybrid,0,1,Entry / Junior (0-2 yrs),3.2,6.6,4.9,2025-10-28,12,LinkedIn
JOB-100468,Associate Analyst - Data,Data Analyst,Uber,Tech,Hyderabad,Telangana,Tier 1,Remote,0,2,Entry / Junior (0-2 yrs),,,,2025-11-21,10,Naukri.com
JOB-100469,Marketing Data Analyst,Data Analyst,Meesho,E-Commerce,Mumbai,Maharashtra,Tier 1,Hybrid,4,8,Senior (6-9 yrs),6.8,12.8,9.8,2025-12-10,9,Naukri.com
JOB-100470,Associate Analyst - Data,Data Analyst,Tata Consultancy Services,IT Services,Mumbai,Maharashtra,Tier 1,On-Site,9,14,Lead / Principal (10+ yrs),13.2,23.1,18.15,2025-09-06,8,Naukri.com
JOB-100471,BI & Analytics Specialist,BI Analyst,LTIMindtree,IT Services,Mumbai,Maharashtra,Tier 1,On-Site,9,13,Lead / Principal (10+ yrs),16.1,28.1,22.1,2025-12-09,7,Naukri.com
JOB-100472,Python Developer,Python Developer,HCL Technologies,IT Services,Hyderabad,Telangana,Tier 1,On-Site,5,9,Senior (6-9 yrs),10.0,17.3,13.65,2025-09-05,7,LinkedIn
JOB-100473,Data Analyst,Data Analyst,Swiggy,Tech / Consumer,Hyderabad,Telangana,Tier 1,On-Site,1,4,Mid-Level (3-5 yrs),,,,2026-01-06,9,LinkedIn
JOB-100474,Associate Analyst - Data,Data Analyst,PwC,Consulting,Bengaluru,Karnataka,Tier 1,Hybrid,7,10,Lead / Principal (10+ yrs),11.4,19.8,15.6,2025-09-30,6,LinkedIn
JOB-100475,Power BI Developer,BI Analyst,Wipro,IT Services,Bengaluru,Karnataka,Tier 1,On-Site,1,3,Mid-Level (3-5 yrs),,,,2026-02-10,10,Indeed
JOB-100476,Junior Data Analyst,Data Analyst,Razorpay,Fintech,Pune,Maharashtra,Tier 1,On-Site,1,4,Mid-Level (3-5 yrs),4.2,8.1,6.15,2026-01-18,12,Indeed
JOB-100477,Database Developer (SQL),SQL Developer,LTIMindtree,IT Services,Hyderabad,Telangana,Tier 1,On-Site,7,10,Lead / Principal (10+ yrs),9.1,15.8,12.45,2025-12-01,9,Naukri.com
JOB-100478,Junior Data Analyst,Data Analyst,HSBC,Banking,Pune,Maharashtra,Tier 1,Hybrid,2,4,Mid-Level (3-5 yrs),3.9,7.4,5.65,2025-10-21,10,LinkedIn
JOB-100479,Power BI Developer,BI Analyst,Accenture,Consulting / IT,Gurgaon,Haryana,Tier 1,Hybrid,0,2,Entry / Junior (0-2 yrs),,,,2025-09-12,9,LinkedIn
JOB-100480,Junior Python Engineer,Python Developer,CRED,Fintech,Mumbai,Maharashtra,Tier 1,Hybrid,7,10,Lead / Principal (10+ yrs),15.2,26.3,20.75,2025-11-04,14,Naukri.com
JOB-100481,Tableau Developer,BI Analyst,KPMG,Consulting,Bengaluru,Karnataka,Tier 1,Hybrid,2,5,Mid-Level (3-5 yrs),4.1,7.7,5.9,2025-12-09,9,Naukri.com
JOB-100482,Python Data Programmer,Python Developer,Swiggy,Tech / Consumer,Hyderabad,Telangana,Tier 1,On-Site,3,7,Senior (6-9 yrs),8.0,15.1,11.55,2025-09-03,9,LinkedIn
JOB-100483,Junior Data Engineer,Data Engineer,Swiggy,Tech / Consumer,Gurgaon,Haryana,Tier 1,Hybrid,1,3,Mid-Level (3-5 yrs),,,,2025-11-03,10,LinkedIn
JOB-100484,Healthcare Data Analyst,Data Analyst,Paytm,Fintech,Hyderabad,Telangana,Tier 1,On-Site,0,2,Entry / Junior (0-2 yrs),2.4,4.9,3.65,2025-10-23,8,Naukri.com
JOB-100485,Healthcare Data Analyst,Data Analyst,HDFC Bank,Banking,Hyderabad,Telangana,Tier 1,On-Site,2,4,Mid-Level (3-5 yrs),3.4,6.5,4.95,2025-12-19,8,LinkedIn
JOB-100486,Junior Python Engineer,Python Developer,Infosys,IT Services,Bengaluru,Karnataka,Tier 1,Remote,7,10,Lead / Principal (10+ yrs),10.0,17.3,13.65,2025-12-19,11,Naukri.com
JOB-100487,Database Administrator & SQL Dev,SQL Developer,Tata Consultancy Services,IT Services,Pune,Maharashtra,Tier 1,Hybrid,4,7,Senior (6-9 yrs),,,,2025-12-19,10,Company Careers Portal
JOB-100488,Operations Analyst,Data Analyst,Barclays,Banking,Bengaluru,Karnataka,Tier 1,On-Site,3,7,Senior (6-9 yrs),6.8,12.8,9.8,2025-10-20,8,Naukri.com
JOB-100489,Python Developer,Python Developer,Amazon,Product / Tech,Chennai,Tamil Nadu,Tier 1,Hybrid,1,3,Mid-Level (3-5 yrs),5.5,10.4,7.95,2025-12-28,10,Company Careers Portal
JOB-100490,ETL Developer,Data Engineer,Uber,Tech,Hyderabad,Telangana,Tier 1,On-Site,0,1,Entry / Junior (0-2 yrs),3.9,7.9,5.9,2026-01-31,11,LinkedIn
JOB-100491,Financial Data Analyst,Data Analyst,HDFC Bank,Banking,Mumbai,Maharashtra,Tier 1,Hybrid,5,8,Senior (6-9 yrs),10.2,17.7,13.95,2026-02-22,6,LinkedIn
JOB-100492,Senior Python Developer,Python Developer,Fractal Analytics,Pureplay Analytics,Gurgaon,Haryana,Tier 1,On-Site,6,9,Senior (6-9 yrs),14.1,24.5,19.3,2025-12-27,9,LinkedIn
JOB-100493,BI Developer,BI Analyst,Swiggy,Tech / Consumer,Noida,Uttar Pradesh,Tier 1,On-Site,2,4,Mid-Level (3-5 yrs),4.4,8.4,6.4,2025-10-01,7,Naukri.com
JOB-100494,Junior Data Analyst,Data Analyst,Amazon,Product / Tech,Pune,Maharashtra,Tier 1,Remote,2,5,Mid-Level (3-5 yrs),4.8,9.0,6.9,2025-10-10,8,Naukri.com
JOB-100495,BI & Analytics Specialist,BI Analyst,Cognizant,IT Services,Pune,Maharashtra,Tier 1,On-Site,5,9,Senior (6-9 yrs),5.5,10.4,7.95,2026-01-01,11,Naukri.com
JOB-100496,Junior Data Analyst,Data Analyst,Fractal Analytics,Pureplay Analytics,Bengaluru,Karnataka,Tier 1,Hybrid,5,9,Senior (6-9 yrs),7.0,13.1,10.05,2025-09-04,10,Naukri.com
JOB-100497,Senior Python Developer,Python Developer,Meesho,E-Commerce,Gurgaon,Haryana,Tier 1,Hybrid,1,4,Mid-Level (3-5 yrs),4.6,8.7,6.65,2026-01-03,9,LinkedIn
JOB-100498,Database Developer (SQL),SQL Developer,HSBC,Banking,Bengaluru,Karnataka,Tier 1,Hybrid,4,6,Senior (6-9 yrs),6.5,12.2,9.35,2025-10-22,10,LinkedIn
JOB-100499,Database Developer (SQL),SQL Developer,LTIMindtree,IT Services,Bengaluru,Karnataka,Tier 1,Hybrid,4,6,Senior (6-9 yrs),5.2,9.7,7.45,2025-11-25,13,Naukri.com
JOB-100500,Junior Python Engineer,Python Developer,Cognizant,IT Services,Hyderabad,Telangana,Tier 1,Hybrid,3,5,Mid-Level (3-5 yrs),5.9,11.0,8.45,2025-11-07,10,LinkedIn
JOB-100501,ETL Developer,Data Engineer,Standard Chartered,Banking,Mumbai,Maharashtra,Tier 1,On-Site,2,5,Mid-Level (3-5 yrs),5.1,9.6,7.35,2025-09-06,11,LinkedIn
JOB-100502,Data Engineer,Data Engineer,Barclays,Banking,Bengaluru,Karnataka,Tier 1,On-Site,5,8,Senior (6-9 yrs),16.2,28.1,22.15,2025-10-23,10,Indeed
JOB-100503,Cloud Data Engineer,Data Engineer,Fractal Analytics,Pureplay Analytics,Mumbai,Maharashtra,Tier 1,On-Site,8,13,Lead / Principal (10+ yrs),26.6,46.5,36.55,2026-01-22,11,Naukri.com
JOB-100504,Senior BI Consultant,BI Analyst,Wipro,IT Services,Hyderabad,Telangana,Tier 1,Remote,3,7,Senior (6-9 yrs),5.0,9.5,7.25,2026-01-22,11,Naukri.com
JOB-100505,Database Developer (SQL),SQL Developer,Accenture,Consulting / IT,Gurgaon,Haryana,Tier 1,On-Site,5,9,Senior (6-9 yrs),6.0,11.3,8.65,2025-10-11,13,Naukri.com
JOB-100506,Data Engineer,Data Engineer,McKinsey & Company,Strategy Consulting,Bengaluru,Karnataka,Tier 1,On-Site,6,10,Lead / Principal (10+ yrs),19.2,33.3,26.25,2025-12-26,8,Naukri.com
JOB-100507,Power BI Developer,BI Analyst,Standard Chartered,Banking,Bengaluru,Karnataka,Tier 1,Remote,6,10,Lead / Principal (10+ yrs),12.2,21.1,16.65,2025-10-04,12,LinkedIn
JOB-100508,Junior Python Engineer,Python Developer,JPMorgan Chase,Banking / Finance,Bengaluru,Karnataka,Tier 1,Hybrid,5,8,Senior (6-9 yrs),,,,2025-11-12,11,LinkedIn
JOB-100509,PL/SQL Developer,SQL Developer,KPMG,Consulting,Chennai,Tamil Nadu,Tier 1,Hybrid,7,10,Lead / Principal (10+ yrs),,,,2026-01-20,10,Indeed
JOB-100510,Senior Python Developer,Python Developer,McKinsey & Company,Strategy Consulting,Hyderabad,Telangana,Tier 1,Hybrid,4,8,Senior (6-9 yrs),9.3,17.5,13.4,2026-02-14,9,Indeed
JOB-100511,Senior T-SQL Developer,SQL Developer,Swiggy,Tech / Consumer,Bengaluru,Karnataka,Tier 1,Remote,0,1,Entry / Junior (0-2 yrs),2.6,5.2,3.9,2026-02-14,12,LinkedIn
JOB-100512,Associate Analyst - Data,Data Analyst,Amazon,Product / Tech,Bengaluru,Karnataka,Tier 1,Hybrid,3,7,Senior (6-9 yrs),8.1,15.2,11.65,2025-10-08,10,Indeed
JOB-100513,Financial Data Analyst,Data Analyst,Tata Consultancy Services,IT Services,Hyderabad,Telangana,Tier 1,On-Site,2,4,Mid-Level (3-5 yrs),2.8,5.2,4.0,2026-02-25,9,Naukri.com
JOB-100514,Python Data Programmer,Python Developer,Zomato,Tech / Consumer,Bengaluru,Karnataka,Tier 1,Hybrid,2,4,Mid-Level (3-5 yrs),4.6,8.7,6.65,2025-12-10,11,Naukri.com
JOB-100515,Senior Data Analyst,Data Analyst,Accenture,Consulting / IT,Hyderabad,Telangana,Tier 1,Hybrid,7,11,Lead / Principal (10+ yrs),10.8,18.7,14.75,2026-01-08,8,Naukri.com
JOB-100516,Analytics Engineer,Data Engineer,Microsoft,Product / Tech,Pune,Maharashtra,Tier 1,On-Site,0,1,Entry / Junior (0-2 yrs),4.1,8.4,6.25,2025-11-11,12,Naukri.com
JOB-100517,Lead Data Analyst,Data Analyst,Tiger Analytics,Pureplay Analytics,Pune,Maharashtra,Tier 1,On-Site,3,7,Senior (6-9 yrs),6.8,12.8,9.8,2025-12-04,11,Naukri.com
JOB-100518,Marketing Data Analyst,Data Analyst,Barclays,Banking,Bengaluru,Karnataka,Tier 1,Remote,0,1,Entry / Junior (0-2 yrs),,,,2025-11-29,7,Indeed
JOB-100519,Senior T-SQL Developer,SQL Developer,JPMorgan Chase,Banking / Finance,Bengaluru,Karnataka,Tier 1,On-Site,1,3,Mid-Level (3-5 yrs),4.3,8.2,6.25,2025-09-14,10,LinkedIn
JOB-100520,Data Analyst,Data Analyst,Accenture,Consulting / IT,Chennai,Tamil Nadu,Tier 1,Hybrid,2,4,Mid-Level (3-5 yrs),3.6,6.8,5.2,2025-12-23,11,LinkedIn
JOB-100521,Junior Python Engineer,Python Developer,Cognizant,IT Services,Mumbai,Maharashtra,Tier 1,Hybrid,1,4,Mid-Level (3-5 yrs),3.4,6.6,5.0,2025-09-23,9,LinkedIn
JOB-100522,Data Analyst,Data Analyst,Razorpay,Fintech,Hyderabad,Telangana,Tier 1,On-Site,2,5,Mid-Level (3-5 yrs),4.2,8.1,6.15,2025-09-17,9,LinkedIn
JOB-100523,Power BI Developer,BI Analyst,Mu Sigma,Pureplay Analytics,Bengaluru,Karnataka,Tier 1,On-Site,0,2,Entry / Junior (0-2 yrs),2.2,4.6,3.4,2025-10-26,11,LinkedIn
JOB-100524,Cloud Data Engineer,Data Engineer,Microsoft,Product / Tech,Chennai,Tamil Nadu,Tier 1,Hybrid,2,5,Mid-Level (3-5 yrs),,,,2025-12-20,9,LinkedIn
JOB-100525,Senior Data Analyst,Data Analyst,Accenture,Consulting / IT,Pune,Maharashtra,Tier 1,Hybrid,2,5,Mid-Level (3-5 yrs),3.6,6.8,5.2,2025-10-04,9,Company Careers Portal
JOB-100526,SQL Developer,SQL Developer,ICICI Bank,Banking,Bengaluru,Karnataka,Tier 1,On-Site,0,1,Entry / Junior (0-2 yrs),2.0,4.1,3.05,2025-10-03,9,Naukri.com
JOB-100527,Analytics Engineer,Data Engineer,Flipkart,E-Commerce,Bengaluru,Karnataka,Tier 1,Hybrid,4,6,Senior (6-9 yrs),,,,2025-11-24,16,Indeed
JOB-100528,Senior Python Developer,Python Developer,JPMorgan Chase,Banking / Finance,Bengaluru,Karnataka,Tier 1,On-Site,4,7,Senior (6-9 yrs),,,,2026-01-14,9,Naukri.com
JOB-100529,Junior Data Engineer,Data Engineer,Google,Product / Tech,Hyderabad,Telangana,Tier 1,Hybrid,2,5,Mid-Level (3-5 yrs),6.6,12.6,9.6,2025-10-05,9,LinkedIn
JOB-100530,Business Intelligence Analyst,BI Analyst,McKinsey & Company,Strategy Consulting,Bengaluru,Karnataka,Tier 1,Hybrid,2,5,Mid-Level (3-5 yrs),5.1,9.7,7.4,2026-02-04,11,LinkedIn
JOB-100531,Tableau Developer,BI Analyst,HCL Technologies,IT Services,Bengaluru,Karnataka,Tier 1,On-Site,2,5,Mid-Level (3-5 yrs),3.1,6.0,4.55,2026-01-11,10,Indeed
JOB-100532,Senior Data Engineer,Data Engineer,Tata Consultancy Services,IT Services,Pune,Maharashtra,Tier 1,Hybrid,1,3,Mid-Level (3-5 yrs),3.7,7.1,5.4,2025-11-09,10,Naukri.com
JOB-100533,Senior Data Engineer,Data Engineer,Flipkart,E-Commerce,Pune,Maharashtra,Tier 1,Hybrid,4,7,Senior (6-9 yrs),10.1,19.0,14.55,2025-12-13,7,LinkedIn
JOB-100534,SQL Developer,SQL Developer,McKinsey & Company,Strategy Consulting,Hyderabad,Telangana,Tier 1,Hybrid,1,3,Mid-Level (3-5 yrs),4.7,8.8,6.75,2026-01-02,9,Naukri.com
JOB-100535,Business Intelligence Analyst,BI Analyst,ICICI Bank,Banking,Hyderabad,Telangana,Tier 1,On-Site,5,9,Senior (6-9 yrs),10.5,18.3,14.4,2025-11-24,9,LinkedIn
JOB-100536,Database Administrator & SQL Dev,SQL Developer,Deloitte,Consulting,Pune,Maharashtra,Tier 1,On-Site,0,1,Entry / Junior (0-2 yrs),2.4,5.0,3.7,2026-01-16,13,Indeed
JOB-100537,Reporting Analyst,BI Analyst,HCL Technologies,IT Services,Mumbai,Maharashtra,Tier 1,Hybrid,4,7,Senior (6-9 yrs),5.3,10.0,7.65,2025-10-05,9,LinkedIn
JOB-100538,Python Backend & Analytics Engineer,Python Developer,HCL Technologies,IT Services,Pune,Maharashtra,Tier 1,Hybrid,8,12,Lead / Principal (10+ yrs),16.0,28.0,22.0,2025-10-12,11,LinkedIn
JOB-100539,Operations Analyst,Data Analyst,HSBC,Banking,Hyderabad,Telangana,Tier 1,On-Site,0,2,Entry / Junior (0-2 yrs),2.5,5.1,3.8,2025-12-15,10,LinkedIn
JOB-100540,Associate Analyst - Data,Data Analyst,JPMorgan Chase,Banking / Finance,Mumbai,Maharashtra,Tier 1,Hybrid,6,9,Senior (6-9 yrs),13.2,22.9,18.05,2025-11-03,12,LinkedIn
JOB-100541,Senior BI Consultant,BI Analyst,Swiggy,Tech / Consumer,Hyderabad,Telangana,Tier 1,On-Site,4,8,Senior (6-9 yrs),7.5,14.2,10.85,2025-12-02,11,Naukri.com
JOB-100542,Marketing Data Analyst,Data Analyst,HDFC Bank,Banking,Pune,Maharashtra,Tier 1,On-Site,1,3,Mid-Level (3-5 yrs),3.4,6.5,4.95,2026-01-19,11,Naukri.com
JOB-100543,Senior Data Analyst,Data Analyst,HSBC,Banking,Pune,Maharashtra,Tier 1,Hybrid,2,4,Mid-Level (3-5 yrs),3.9,7.4,5.65,2025-11-13,7,LinkedIn
JOB-100544,Business Intelligence Analyst,BI Analyst,Google,Product / Tech,Hyderabad,Telangana,Tier 1,Hybrid,3,6,Senior (6-9 yrs),,,,2025-10-17,11,Company Careers Portal
JOB-100545,Healthcare Data Analyst,Data Analyst,Infosys,IT Services,Bengaluru,Karnataka,Tier 1,Hybrid,4,7,Senior (6-9 yrs),4.9,9.3,7.1,2025-10-16,10,Indeed
JOB-100546,Python Data Programmer,Python Developer,HSBC,Banking,Gurgaon,Haryana,Tier 1,Hybrid,0,1,Entry / Junior (0-2 yrs),2.9,5.8,4.35,2025-11-21,10,LinkedIn
JOB-100547,Data Engineer,Data Engineer,Paytm,Fintech,Mumbai,Maharashtra,Tier 1,Hybrid,7,11,Lead / Principal (10+ yrs),15.2,26.3,20.75,2026-01-23,9,Naukri.com
JOB-100548,Financial Data Analyst,Data Analyst,Standard Chartered,Banking,Bengaluru,Karnataka,Tier 1,Remote,7,10,Lead / Principal (10+ yrs),,,,2025-10-02,7,LinkedIn
JOB-100549,Tableau Developer,BI Analyst,HCL Technologies,IT Services,Mumbai,Maharashtra,Tier 1,On-Site,1,4,Mid-Level (3-5 yrs),3.1,6.0,4.55,2025-10-26,9,Naukri.com
JOB-100550,Senior Data Analyst,Data Analyst,Razorpay,Fintech,Chennai,Tamil Nadu,Tier 1,On-Site,0,2,Entry / Junior (0-2 yrs),2.7,5.5,4.1,2025-09-10,8,LinkedIn
JOB-100551,Marketing Data Analyst,Data Analyst,Razorpay,Fintech,Hyderabad,Telangana,Tier 1,Remote,10,14,Lead / Principal (10+ yrs),,,,2025-10-23,8,LinkedIn
JOB-100552,Marketing Data Analyst,Data Analyst,JPMorgan Chase,Banking / Finance,Mumbai,Maharashtra,Tier 1,Hybrid,0,1,Entry / Junior (0-2 yrs),2.8,5.7,4.25,2025-10-19,7,LinkedIn
JOB-100553,Marketing Data Analyst,Data Analyst,Microsoft,Product / Tech,Noida,Uttar Pradesh,Tier 1,Hybrid,5,7,Senior (6-9 yrs),8.2,15.4,11.8,2026-01-28,9,Naukri.com
JOB-100554,Database Developer (SQL),SQL Developer,Mu Sigma,Pureplay Analytics,Hyderabad,Telangana,Tier 1,On-Site,6,10,Lead / Principal (10+ yrs),9.6,16.6,13.1,2025-10-17,12,Naukri.com
JOB-100555,Cloud Data Engineer,Data Engineer,Deloitte,Consulting,Mumbai,Maharashtra,Tier 1,Hybrid,0,1,Entry / Junior (0-2 yrs),,,,2025-09-27,14,Indeed
JOB-100556,Python Data Programmer,Python Developer,Google,Product / Tech,Gurgaon,Haryana,Tier 1,On-Site,6,9,Senior (6-9 yrs),16.9,29.3,23.1,2025-12-26,11,Indeed
JOB-100557,Associate Analyst - Data,Data Analyst,McKinsey & Company,Strategy Consulting,Bengaluru,Karnataka,Tier 1,Hybrid,0,1,Entry / Junior (0-2 yrs),,,,2026-01-24,10,Naukri.com
JOB-100558,Python Data Programmer,Python Developer,CRED,Fintech,Hyderabad,Telangana,Tier 1,On-Site,6,9,Senior (6-9 yrs),15.2,26.3,20.75,2025-11-15,9,Naukri.com
JOB-100559,ETL Developer,Data Engineer,Uber,Tech,Bengaluru,Karnataka,Tier 1,Hybrid,5,9,Senior (6-9 yrs),18.2,31.6,24.9,2025-10-15,7,Naukri.com
JOB-100560,Junior Python Engineer,Python Developer,Amazon,Product / Tech,Bengaluru,Karnataka,Tier 1,On-Site,2,4,Mid-Level (3-5 yrs),5.5,10.4,7.95,2025-10-04,8,LinkedIn
JOB-100561,Big Data Engineer,Data Engineer,Tiger Analytics,Pureplay Analytics,Noida,Uttar Pradesh,Tier 1,On-Site,1,4,Mid-Level (3-5 yrs),5.4,10.3,7.85,2026-02-13,9,Naukri.com
JOB-100562,Python Developer,Python Developer,Barclays,Banking,Bengaluru,Karnataka,Tier 1,On-Site,0,2,Entry / Junior (0-2 yrs),2.9,6.0,4.45,2025-11-30,11,Naukri.com
JOB-100563,Operations Analyst,Data Analyst,Zomato,Tech / Consumer,Pune,Maharashtra,Tier 1,Hybrid,9,14,Lead / Principal (10+ yrs),19.2,33.6,26.4,2026-02-13,11,LinkedIn
JOB-100564,ETL Developer,Data Engineer,Zomato,Tech / Consumer,Bengaluru,Karnataka,Tier 1,On-Site,7,11,Lead / Principal (10+ yrs),,,,2026-02-27,13,LinkedIn
JOB-100565,Junior Data Engineer,Data Engineer,Deloitte,Consulting,Gurgaon,Haryana,Tier 1,Hybrid,6,9,Senior (6-9 yrs),15.8,27.4,21.6,2025-12-17,10,Naukri.com
JOB-100566,Data Engineer,Data Engineer,KPMG,Consulting,Bengaluru,Karnataka,Tier 1,On-Site,7,11,Lead / Principal (10+ yrs),15.2,26.3,20.75,2025-10-20,12,Naukri.com
JOB-100567,Business Intelligence Analyst,BI Analyst,Flipkart,E-Commerce,Noida,Uttar Pradesh,Tier 1,Hybrid,4,7,Senior (6-9 yrs),,,,2026-02-20,10,LinkedIn
JOB-100568,Cloud Data Engineer,Data Engineer,Meesho,E-Commerce,Chennai,Tamil Nadu,Tier 1,Hybrid,5,8,Senior (6-9 yrs),9.2,17.3,13.25,2026-01-17,10,LinkedIn
JOB-100569,Cloud Data Engineer,Data Engineer,Microsoft,Product / Tech,Bengaluru,Karnataka,Tier 1,On-Site,3,6,Senior (6-9 yrs),,,,2026-02-03,9,Indeed
JOB-100570,Operations Analyst,Data Analyst,HSBC,Banking,Noida,Uttar Pradesh,Tier 1,On-Site,5,9,Senior (6-9 yrs),6.6,12.5,9.55,2025-12-05,7,LinkedIn
JOB-100571,Financial Data Analyst,Data Analyst,Morgan Stanley,Banking / Finance,Hyderabad,Telangana,Tier 1,On-Site,1,4,Mid-Level (3-5 yrs),4.5,8.6,6.55,2025-10-13,11,Indeed
JOB-100572,Python Backend & Analytics Engineer,Python Developer,HCL Technologies,IT Services,Hyderabad,Telangana,Tier 1,Hybrid,8,13,Lead / Principal (10+ yrs),16.0,28.0,22.0,2026-02-25,11,Company Careers Portal
JOB-100573,Operations Analyst,Data Analyst,Barclays,Banking,Chennai,Tamil Nadu,Tier 1,On-Site,5,9,Senior (6-9 yrs),6.8,12.8,9.8,2025-11-06,9,Naukri.com
JOB-100574,Data Analyst,Data Analyst,PwC,Consulting,Bengaluru,Karnataka,Tier 1,On-Site,4,8,Senior (6-9 yrs),6.5,12.2,9.35,2026-01-24,10,LinkedIn
JOB-100575,BI & Analytics Specialist,BI Analyst,Fractal Analytics,Pureplay Analytics,Noida,Uttar Pradesh,Tier 1,Hybrid,9,14,Lead / Principal (10+ yrs),21.3,37.2,29.25,2025-11-17,8,LinkedIn
JOB-100576,Junior Data Analyst,Data Analyst,JPMorgan Chase,Banking / Finance,Bengaluru,Karnataka,Tier 1,Hybrid,0,2,Entry / Junior (0-2 yrs),2.8,5.7,4.25,2026-01-13,8,Indeed
JOB-100577,Python Developer,Python Developer,Capgemini,IT Services,Bengaluru,Karnataka,Tier 1,On-Site,5,7,Senior (6-9 yrs),6.1,11.4,8.75,2026-02-04,10,Indeed
JOB-100578,Senior Data Engineer,Data Engineer,Fractal Analytics,Pureplay Analytics,Bengaluru,Karnataka,Tier 1,Hybrid,0,1,Entry / Junior (0-2 yrs),3.5,7.2,5.35,2026-01-24,11,LinkedIn
JOB-100579,Senior Python Developer,Python Developer,Zomato,Tech / Consumer,Chennai,Tamil Nadu,Tier 1,Hybrid,9,13,Lead / Principal (10+ yrs),22.1,38.6,30.35,2026-01-15,13,LinkedIn
JOB-100580,Healthcare Data Analyst,Data Analyst,HCL Technologies,IT Services,Hyderabad,Telangana,Tier 1,Hybrid,0,2,Entry / Junior (0-2 yrs),,,,2025-10-14,11,LinkedIn
JOB-100581,ETL Developer,Data Engineer,Tata Consultancy Services,IT Services,Bengaluru,Karnataka,Tier 1,Hybrid,0,2,Entry / Junior (0-2 yrs),2.4,4.8,3.6,2025-11-15,15,Indeed
JOB-100582,Python Data Programmer,Python Developer,McKinsey & Company,Strategy Consulting,Chennai,Tamil Nadu,Tier 1,On-Site,4,7,Senior (6-9 yrs),9.3,17.5,13.4,2026-01-31,8,LinkedIn
JOB-100583,Big Data Engineer,Data Engineer,Meesho,E-Commerce,Mumbai,Maharashtra,Tier 1,Hybrid,0,2,Entry / Junior (0-2 yrs),3.5,7.0,5.25,2026-01-04,12,Indeed
JOB-100584,Python Developer,Python Developer,Tata Consultancy Services,IT Services,Bengaluru,Karnataka,Tier 1,On-Site,3,5,Mid-Level (3-5 yrs),,,,2026-01-28,9,LinkedIn
JOB-100585,Analytics Engineer,Data Engineer,HCL Technologies,IT Services,Bengaluru,Karnataka,Tier 1,On-Site,1,4,Mid-Level (3-5 yrs),3.9,7.4,5.65,2026-01-25,10,Naukri.com
JOB-100586,Junior Data Engineer,Data Engineer,Accenture,Consulting / IT,Bengaluru,Karnataka,Tier 1,On-Site,7,11,Lead / Principal (10+ yrs),14.6,25.3,19.95,2025-10-31,9,LinkedIn
JOB-100587,Analytics Engineer,Data Engineer,HDFC Bank,Banking,Mumbai,Maharashtra,Tier 1,Hybrid,2,4,Mid-Level (3-5 yrs),4.6,8.7,6.65,2025-10-29,13,LinkedIn
JOB-100588,Operations Analyst,Data Analyst,McKinsey & Company,Strategy Consulting,Bengaluru,Karnataka,Tier 1,On-Site,3,6,Senior (6-9 yrs),8.1,15.2,11.65,2025-09-15,9,LinkedIn
JOB-100589,Senior Python Developer,Python Developer,Deloitte,Consulting,Mumbai,Maharashtra,Tier 1,On-Site,0,1,Entry / Junior (0-2 yrs),2.9,5.8,4.35,2026-02-11,13,LinkedIn
JOB-100590,Data Analyst,Data Analyst,Accenture,Consulting / IT,Hyderabad,Telangana,Tier 1,On-Site,5,7,Senior (6-9 yrs),6.1,11.5,8.8,2025-09-27,9,Naukri.com
JOB-100591,Python Backend & Analytics Engineer,Python Developer,Zomato,Tech / Consumer,Mumbai,Maharashtra,Tier 1,On-Site,7,10,Lead / Principal (10+ yrs),13.8,23.9,18.85,2025-09-07,11,Naukri.com
JOB-100592,Big Data Engineer,Data Engineer,Razorpay,Fintech,Bengaluru,Karnataka,Tier 1,Hybrid,7,11,Lead / Principal (10+ yrs),17.2,29.8,23.5,2025-11-07,9,Indeed
JOB-100593,Junior Python Engineer,Python Developer,JPMorgan Chase,Banking / Finance,Hyderabad,Telangana,Tier 1,On-Site,9,14,Lead / Principal (10+ yrs),24.3,42.5,33.4,2026-01-01,12,LinkedIn
JOB-100594,SQL Developer,SQL Developer,EY,Consulting,Noida,Uttar Pradesh,Tier 1,Hybrid,4,8,Senior (6-9 yrs),6.2,11.8,9.0,2025-10-26,10,Naukri.com
JOB-100595,Financial Data Analyst,Data Analyst,Zomato,Tech / Consumer,Pune,Maharashtra,Tier 1,Hybrid,7,10,Lead / Principal (10+ yrs),12.0,20.8,16.4,2025-11-19,6,Indeed
JOB-100596,BI & Analytics Specialist,BI Analyst,EY,Consulting,Pune,Maharashtra,Tier 1,Hybrid,5,8,Senior (6-9 yrs),6.9,13.0,9.95,2025-09-28,9,Company Careers Portal
JOB-100597,Tableau Developer,BI Analyst,HSBC,Banking,Gurgaon,Haryana,Tier 1,On-Site,0,2,Entry / Junior (0-2 yrs),2.7,5.5,4.1,2026-02-27,11,Naukri.com
JOB-100598,Tableau Developer,BI Analyst,Goldman Sachs,Banking / Finance,Pune,Maharashtra,Tier 1,Hybrid,3,6,Senior (6-9 yrs),8.4,15.9,12.15,2025-12-15,8,LinkedIn
JOB-100599,BI & Analytics Specialist,BI Analyst,Barclays,Banking,Bengaluru,Karnataka,Tier 1,On-Site,5,8,Senior (6-9 yrs),13.0,22.5,17.75,2026-02-10,10,Indeed
JOB-100600,Marketing Data Analyst,Data Analyst,Flipkart,E-Commerce,Hyderabad,Telangana,Tier 1,Hybrid,6,9,Senior (6-9 yrs),13.2,22.9,18.05,2026-02-07,8,Naukri.com
JOB-100601,PL/SQL Developer,SQL Developer,Paytm,Fintech,Bengaluru,Karnataka,Tier 1,Hybrid,3,6,Senior (6-9 yrs),,,,2025-11-27,12,LinkedIn
JOB-100602,Python Data Programmer,Python Developer,Meesho,E-Commerce,Chennai,Tamil Nadu,Tier 1,On-Site,7,11,Lead / Principal (10+ yrs),13.8,23.9,18.85,2026-02-18,7,Company Careers Portal
JOB-100603,Junior Data Engineer,Data Engineer,Deloitte,Consulting,Pune,Maharashtra,Tier 1,Hybrid,4,7,Senior (6-9 yrs),,,,2025-09-05,13,Company Careers Portal
JOB-100604,Database Developer (SQL),SQL Developer,JPMorgan Chase,Banking / Finance,Mumbai,Maharashtra,Tier 1,On-Site,0,2,Entry / Junior (0-2 yrs),2.8,5.6,4.2,2026-01-25,12,Naukri.com
JOB-100605,Lead Data Analyst,Data Analyst,ICICI Bank,Banking,Bengaluru,Karnataka,Tier 1,On-Site,3,5,Mid-Level (3-5 yrs),5.5,10.4,7.95,2025-10-21,11,LinkedIn
JOB-100606,Data Engineer,Data Engineer,Zomato,Tech / Consumer,Hyderabad,Telangana,Tier 1,Hybrid,5,9,Senior (6-9 yrs),16.2,28.1,22.15,2025-12-27,10,Indeed
JOB-100607,Junior Data Analyst,Data Analyst,Accenture,Consulting / IT,Hyderabad,Telangana,Tier 1,Hybrid,5,8,Senior (6-9 yrs),6.1,11.5,8.8,2025-11-14,8,LinkedIn
JOB-100608,Python Developer,Python Developer,Barclays,Banking,Hyderabad,Telangana,Tier 1,On-Site,1,3,Mid-Level (3-5 yrs),4.6,8.7,6.65,2025-12-12,11,LinkedIn
JOB-100609,PL/SQL Developer,SQL Developer,EY,Consulting,Hyderabad,Telangana,Tier 1,Remote,7,11,Lead / Principal (10+ yrs),11.0,19.1,15.05,2025-10-15,12,LinkedIn
JOB-100610,Lead Data Analyst,Data Analyst,Morgan Stanley,Banking / Finance,Bengaluru,Karnataka,Tier 1,On-Site,7,11,Lead / Principal (10+ yrs),13.5,23.4,18.45,2025-09-25,13,Company Careers Portal
JOB-100611,Python Backend & Analytics Engineer,Python Developer,Swiggy,Tech / Consumer,Hyderabad,Telangana,Tier 1,On-Site,1,4,Mid-Level (3-5 yrs),4.7,9.0,6.85,2026-01-29,10,Naukri.com
JOB-100612,Marketing Data Analyst,Data Analyst,McKinsey & Company,Strategy Consulting,Noida,Uttar Pradesh,Tier 1,On-Site,5,7,Senior (6-9 yrs),8.1,15.2,11.65,2025-11-22,8,LinkedIn
JOB-100613,PL/SQL Developer,SQL Developer,LTIMindtree,IT Services,Bengaluru,Karnataka,Tier 1,Hybrid,1,3,Mid-Level (3-5 yrs),3.0,5.8,4.4,2025-10-11,13,LinkedIn
JOB-100614,Healthcare Data Analyst,Data Analyst,HSBC,Banking,Hyderabad,Telangana,Tier 1,On-Site,1,3,Mid-Level (3-5 yrs),3.9,7.4,5.65,2025-10-02,10,LinkedIn
JOB-100615,Senior T-SQL Developer,SQL Developer,Goldman Sachs,Banking / Finance,Bengaluru,Karnataka,Tier 1,On-Site,3,6,Senior (6-9 yrs),7.7,14.4,11.05,2025-12-21,9,Naukri.com
JOB-100616,Senior BI Consultant,BI Analyst,Microsoft,Product / Tech,Bengaluru,Karnataka,Tier 1,Hybrid,2,5,Mid-Level (3-5 yrs),5.2,9.8,7.5,2025-11-02,12,Company Careers Portal
JOB-100617,Senior T-SQL Developer,SQL Developer,HCL Technologies,IT Services,Bengaluru,Karnataka,Tier 1,Hybrid,3,6,Senior (6-9 yrs),4.8,9.1,6.95,2025-12-07,9,LinkedIn
JOB-100618,BI Developer,BI Analyst,HDFC Bank,Banking,Mumbai,Maharashtra,Tier 1,Hybrid,7,10,Lead / Principal (10+ yrs),11.0,19.1,15.05,2025-11-08,8,Naukri.com
JOB-100619,Analytics Engineer,Data Engineer,Goldman Sachs,Banking / Finance,Bengaluru,Karnataka,Tier 1,Hybrid,1,3,Mid-Level (3-5 yrs),6.2,11.8,9.0,2025-12-22,11,LinkedIn
JOB-100620,Data Analyst,Data Analyst,Flipkart,E-Commerce,Hyderabad,Telangana,Tier 1,Hybrid,1,3,Mid-Level (3-5 yrs),4.4,8.4,6.4,2025-09-03,9,LinkedIn
JOB-100621,PL/SQL Developer,SQL Developer,McKinsey & Company,Strategy Consulting,Bengaluru,Karnataka,Tier 1,Hybrid,6,9,Senior (6-9 yrs),14.0,24.2,19.1,2025-12-23,12,Indeed
JOB-100622,Business Intelligence Analyst,BI Analyst,Fractal Analytics,Pureplay Analytics,Hyderabad,Telangana,Tier 1,Hybrid,0,1,Entry / Junior (0-2 yrs),2.8,5.8,4.3,2026-02-03,8,Naukri.com
JOB-100623,Python Backend & Analytics Engineer,Python Developer,HDFC Bank,Banking,Bengaluru,Karnataka,Tier 1,Hybrid,5,8,Senior (6-9 yrs),6.6,12.5,9.55,2025-11-26,8,Indeed
JOB-100624,Power BI Developer,BI Analyst,CRED,Fintech,Mumbai,Maharashtra,Tier 1,On-Site,6,9,Senior (6-9 yrs),14.3,24.7,19.5,2025-11-27,10,Company Careers Portal
JOB-100625,ETL Developer,Data Engineer,HCL Technologies,IT Services,Bengaluru,Karnataka,Tier 1,Hybrid,5,8,Senior (6-9 yrs),6.7,12.5,9.6,2026-02-10,11,LinkedIn
JOB-100626,ETL Developer,Data Engineer,KPMG,Consulting,Mumbai,Maharashtra,Tier 1,On-Site,7,10,Lead / Principal (10+ yrs),15.2,26.3,20.75,2026-01-14,10,Naukri.com
JOB-100627,Senior Python Developer,Python Developer,CRED,Fintech,Bengaluru,Karnataka,Tier 1,Hybrid,5,7,Senior (6-9 yrs),8.6,16.2,12.4,2025-12-13,11,Indeed
JOB-100628,Database Administrator & SQL Dev,SQL Developer,EY,Consulting,Mumbai,Maharashtra,Tier 1,On-Site,4,7,Senior (6-9 yrs),6.2,11.8,9.0,2026-02-20,11,LinkedIn
JOB-100629,BI Developer,BI Analyst,Swiggy,Tech / Consumer,Bengaluru,Karnataka,Tier 1,Hybrid,4,6,Senior (6-9 yrs),7.5,14.2,10.85,2025-10-23,11,Naukri.com
JOB-100630,Operations Analyst,Data Analyst,Infosys,IT Services,Hyderabad,Telangana,Tier 1,On-Site,9,14,Lead / Principal (10+ yrs),13.9,24.4,19.15,2026-01-25,8,LinkedIn
JOB-100631,Analytics Engineer,Data Engineer,Barclays,Banking,Bengaluru,Karnataka,Tier 1,Hybrid,4,7,Senior (6-9 yrs),,,,2026-02-03,11,LinkedIn
JOB-100632,SQL Developer,SQL Developer,Microsoft,Product / Tech,Chennai,Tamil Nadu,Tier 1,Hybrid,4,8,Senior (6-9 yrs),,,,2025-12-03,12,Naukri.com
JOB-100633,Business Intelligence Analyst,BI Analyst,Wipro,IT Services,Bengaluru,Karnataka,Tier 1,Hybrid,10,14,Lead / Principal (10+ yrs),14.3,24.9,19.6,2026-02-02,10,Naukri.com
JOB-100634,ETL Developer,Data Engineer,Zomato,Tech / Consumer,Gurgaon,Haryana,Tier 1,On-Site,3,5,Mid-Level (3-5 yrs),9.2,17.3,13.25,2025-12-09,8,LinkedIn
JOB-100635,Big Data Engineer,Data Engineer,Wipro,IT Services,Gurgaon,Haryana,Tier 1,Hybrid,4,6,Senior (6-9 yrs),,,,2026-01-27,10,LinkedIn
JOB-100636,Analytics Engineer,Data Engineer,Standard Chartered,Banking,Gurgaon,Haryana,Tier 1,Hybrid,0,1,Entry / Junior (0-2 yrs),3.2,6.6,4.9,2025-12-14,10,Naukri.com
JOB-100637,Senior Data Engineer,Data Engineer,Deloitte,Consulting,Noida,Uttar Pradesh,Tier 1,On-Site,2,5,Mid-Level (3-5 yrs),,,,2025-10-07,9,Naukri.com
JOB-100638,Reporting Analyst,BI Analyst,Cognizant,IT Services,Bengaluru,Karnataka,Tier 1,On-Site,0,2,Entry / Junior (0-2 yrs),2.1,4.2,3.15,2025-10-13,12,Company Careers Portal
JOB-100639,Business Intelligence Analyst,BI Analyst,Mu Sigma,Pureplay Analytics,Mumbai,Maharashtra,Tier 1,Hybrid,2,5,Mid-Level (3-5 yrs),3.5,6.7,5.1,2026-01-17,10,Naukri.com
JOB-100640,Analytics Engineer,Data Engineer,Meesho,E-Commerce,Noida,Uttar Pradesh,Tier 1,On-Site,3,7,Senior (6-9 yrs),,,,2026-01-04,9,LinkedIn
JOB-100641,Database Developer (SQL),SQL Developer,Swiggy,Tech / Consumer,Hyderabad,Telangana,Tier 1,Remote,5,7,Senior (6-9 yrs),6.8,12.9,9.85,2026-01-25,9,Naukri.com
JOB-100642,ETL Developer,Data Engineer,CRED,Fintech,Noida,Uttar Pradesh,Tier 1,Hybrid,3,6,Senior (6-9 yrs),10.1,19.0,14.55,2026-01-19,11,LinkedIn
JOB-100643,BI & Analytics Specialist,BI Analyst,Wipro,IT Services,Pune,Maharashtra,Tier 1,Hybrid,9,13,Lead / Principal (10+ yrs),14.3,24.9,19.6,2026-01-22,8,Indeed
JOB-100644,Data Engineer,Data Engineer,Meesho,E-Commerce,Hyderabad,Telangana,Tier 1,Hybrid,1,3,Mid-Level (3-5 yrs),5.4,10.3,7.85,2025-11-15,12,Indeed
JOB-100645,Lead Data Analyst,Data Analyst,Google,Product / Tech,Mumbai,Maharashtra,Tier 1,On-Site,3,7,Senior (6-9 yrs),,,,2025-11-24,10,Company Careers Portal
JOB-100646,Data Analyst,Data Analyst,Amazon,Product / Tech,Pune,Maharashtra,Tier 1,On-Site,3,7,Senior (6-9 yrs),8.1,15.2,11.65,2025-12-26,12,Indeed
JOB-100647,PL/SQL Developer,SQL Developer,HCL Technologies,IT Services,Bengaluru,Karnataka,Tier 1,On-Site,3,7,Senior (6-9 yrs),4.8,9.1,6.95,2025-09-13,13,LinkedIn
JOB-100648,PL/SQL Developer,SQL Developer,Razorpay,Fintech,Gurgaon,Haryana,Tier 1,On-Site,2,5,Mid-Level (3-5 yrs),,,,2025-11-27,11,LinkedIn
JOB-100649,BI Developer,BI Analyst,HDFC Bank,Banking,Gurgaon,Haryana,Tier 1,Hybrid,5,9,Senior (6-9 yrs),11.0,19.1,15.05,2025-10-05,11,LinkedIn
JOB-100650,Python Backend & Analytics Engineer,Python Developer,Barclays,Banking,Bengaluru,Karnataka,Tier 1,Hybrid,0,1,Entry / Junior (0-2 yrs),2.9,6.0,4.45,2026-01-16,9,LinkedIn
JOB-100651,Senior Python Developer,Python Developer,PhonePe,Fintech,Hyderabad,Telangana,Tier 1,On-Site,1,4,Mid-Level (3-5 yrs),4.9,9.4,7.15,2025-11-12,10,Naukri.com
JOB-100652,Junior Data Analyst,Data Analyst,Tiger Analytics,Pureplay Analytics,Bengaluru,Karnataka,Tier 1,Remote,5,8,Senior (6-9 yrs),6.8,12.8,9.8,2026-01-29,11,LinkedIn
JOB-100653,Senior Data Analyst,Data Analyst,Paytm,Fintech,Bengaluru,Karnataka,Tier 1,Remote,6,10,Lead / Principal (10+ yrs),11.2,19.5,15.35,2026-01-30,9,Naukri.com
JOB-100654,Senior Data Analyst,Data Analyst,McKinsey & Company,Strategy Consulting,Gurgaon,Haryana,Tier 1,Hybrid,4,7,Senior (6-9 yrs),8.1,15.2,11.65,2025-12-15,9,LinkedIn
JOB-100655,ETL Developer,Data Engineer,Tata Consultancy Services,IT Services,Hyderabad,Telangana,Tier 1,Hybrid,4,6,Senior (6-9 yrs),,,,2026-01-08,9,LinkedIn
JOB-100656,Financial Data Analyst,Data Analyst,Standard Chartered,Banking,Hyderabad,Telangana,Tier 1,Remote,0,1,Entry / Junior (0-2 yrs),2.4,4.9,3.65,2025-09-29,9,LinkedIn
JOB-100657,Business Intelligence Analyst,BI Analyst,ICICI Bank,Banking,Pune,Maharashtra,Tier 1,On-Site,3,6,Senior (6-9 yrs),6.0,11.2,8.6,2025-11-19,7,Company Careers Portal
JOB-100658,Marketing Data Analyst,Data Analyst,Wipro,IT Services,Bengaluru,Karnataka,Tier 1,On-Site,4,8,Senior (6-9 yrs),4.7,8.8,6.75,2025-10-27,9,Company Careers Portal
JOB-100659,Senior Data Engineer,Data Engineer,Cognizant,IT Services,Bengaluru,Karnataka,Tier 1,On-Site,5,9,Senior (6-9 yrs),6.9,13.0,9.95,2026-02-12,10,LinkedIn
JOB-100660,Operations Analyst,Data Analyst,Meesho,E-Commerce,Bengaluru,Karnataka,Tier 1,Remote,2,5,Mid-Level (3-5 yrs),,,,2025-09-29,10,LinkedIn
JOB-100661,Operations Analyst,Data Analyst,Barclays,Banking,Gurgaon,Haryana,Tier 1,Hybrid,9,13,Lead / Principal (10+ yrs),19.2,33.6,26.4,2025-12-08,9,Company Careers Portal
JOB-100662,Senior BI Consultant,BI Analyst,ICICI Bank,Banking,Mumbai,Maharashtra,Tier 1,On-Site,10,15,Lead / Principal (10+ yrs),16.8,29.5,23.15,2026-02-03,9,Indeed
JOB-100663,Junior Data Engineer,Data Engineer,Amazon,Product / Tech,Hyderabad,Telangana,Tier 1,Remote,3,6,Senior (6-9 yrs),10.9,20.5,15.7,2025-12-11,9,Naukri.com
JOB-100664,Business Intelligence Analyst,BI Analyst,HDFC Bank,Banking,Bengaluru,Karnataka,Tier 1,Remote,5,7,Senior (6-9 yrs),6.2,11.8,9.0,2025-10-06,5,Indeed
JOB-100665,Data Analyst,Data Analyst,Flipkart,E-Commerce,Pune,Maharashtra,Tier 1,On-Site,3,7,Senior (6-9 yrs),7.5,14.1,10.8,2025-09-06,9,Naukri.com
JOB-100666,Senior Python Developer,Python Developer,LTIMindtree,IT Services,Bengaluru,Karnataka,Tier 1,Hybrid,1,3,Mid-Level (3-5 yrs),3.6,6.8,5.2,2026-02-10,7,Indeed
JOB-100667,Operations Analyst,Data Analyst,Uber,Tech,Hyderabad,Telangana,Tier 1,Hybrid,4,8,Senior (6-9 yrs),7.7,14.4,11.05,2026-02-26,9,Naukri.com
JOB-100668,Analytics Engineer,Data Engineer,Flipkart,E-Commerce,Bengaluru,Karnataka,Tier 1,On-Site,1,3,Mid-Level (3-5 yrs),,,,2025-11-28,10,Company Careers Portal
JOB-100669,Business Intelligence Analyst,BI Analyst,Cognizant,IT Services,Mumbai,Maharashtra,Tier 1,Hybrid,1,3,Mid-Level (3-5 yrs),,,,2026-01-09,9,Company Careers Portal
JOB-100670,BI Developer,BI Analyst,PhonePe,Fintech,Bengaluru,Karnataka,Tier 1,Hybrid,5,9,Senior (6-9 yrs),7.9,14.9,11.4,2025-12-03,11,LinkedIn
JOB-100671,Healthcare Data Analyst,Data Analyst,HCL Technologies,IT Services,Pune,Maharashtra,Tier 1,On-Site,5,7,Senior (6-9 yrs),,,,2026-01-26,6,LinkedIn
JOB-100672,Business Intelligence Analyst,BI Analyst,McKinsey & Company,Strategy Consulting,Bengaluru,Karnataka,Tier 1,On-Site,4,8,Senior (6-9 yrs),8.7,16.4,12.55,2025-11-16,8,Indeed
JOB-100673,BI Developer,BI Analyst,Mu Sigma,Pureplay Analytics,Bengaluru,Karnataka,Tier 1,On-Site,0,1,Entry / Junior (0-2 yrs),,,,2025-10-31,8,LinkedIn
JOB-100674,Lead Data Analyst,Data Analyst,HCL Technologies,IT Services,Hyderabad,Telangana,Tier 1,Hybrid,2,4,Mid-Level (3-5 yrs),,,,2025-10-16,11,Indeed
JOB-100675,Python Backend & Analytics Engineer,Python Developer,Goldman Sachs,Banking / Finance,Chennai,Tamil Nadu,Tier 1,Hybrid,5,9,Senior (6-9 yrs),9.0,16.9,12.95,2025-09-10,9,LinkedIn
JOB-100676,Python Data Programmer,Python Developer,Meesho,E-Commerce,Bengaluru,Karnataka,Tier 1,Hybrid,3,6,Senior (6-9 yrs),7.8,14.7,11.25,2025-09-27,8,Indeed
JOB-100677,Senior Python Developer,Python Developer,Flipkart,E-Commerce,Noida,Uttar Pradesh,Tier 1,Hybrid,5,8,Senior (6-9 yrs),15.2,26.3,20.75,2025-09-29,11,LinkedIn
JOB-100678,Senior Python Developer,Python Developer,Meesho,E-Commerce,Mumbai,Maharashtra,Tier 1,Hybrid,0,2,Entry / Junior (0-2 yrs),2.9,6.0,4.45,2025-11-18,9,Naukri.com
JOB-100679,Senior BI Consultant,BI Analyst,Flipkart,E-Commerce,Remote,All India,Remote,Remote,3,7,Senior (6-9 yrs),8.1,15.2,11.65,2025-10-21,11,LinkedIn
JOB-100680,BI & Analytics Specialist,BI Analyst,JPMorgan Chase,Banking / Finance,Pune,Maharashtra,Tier 1,On-Site,3,6,Senior (6-9 yrs),8.1,15.2,11.65,2026-02-10,10,Naukri.com
JOB-100681,Data Analyst,Data Analyst,Standard Chartered,Banking,Bengaluru,Karnataka,Tier 1,Hybrid,2,4,Mid-Level (3-5 yrs),3.8,7.1,5.45,2025-10-20,10,Naukri.com
JOB-100682,SQL Developer,SQL Developer,Standard Chartered,Banking,Bengaluru,Karnataka,Tier 1,On-Site,5,9,Senior (6-9 yrs),6.2,11.8,9.0,2026-02-23,12,Naukri.com
JOB-100683,Reporting Analyst,BI Analyst,Swiggy,Tech / Consumer,Mumbai,Maharashtra,Tier 1,On-Site,2,4,Mid-Level (3-5 yrs),,,,2025-12-12,8,LinkedIn
JOB-100684,Junior Data Analyst,Data Analyst,Zomato,Tech / Consumer,Remote,All India,Remote,Remote,1,4,Mid-Level (3-5 yrs),4.0,7.6,5.8,2026-02-05,13,Naukri.com
JOB-100685,Big Data Engineer,Data Engineer,CRED,Fintech,Hyderabad,Telangana,Tier 1,Hybrid,1,3,Mid-Level (3-5 yrs),5.9,11.3,8.6,2025-10-05,11,LinkedIn
JOB-100686,Python Backend & Analytics Engineer,Python Developer,Capgemini,IT Services,Bengaluru,Karnataka,Tier 1,Hybrid,1,3,Mid-Level (3-5 yrs),3.6,6.8,5.2,2026-02-21,11,Indeed
JOB-100687,ETL Developer,Data Engineer,McKinsey & Company,Strategy Consulting,Mumbai,Maharashtra,Tier 1,Hybrid,0,1,Entry / Junior (0-2 yrs),,,,2025-12-08,11,Naukri.com
JOB-100688,SQL Developer,SQL Developer,Meesho,E-Commerce,Bengaluru,Karnataka,Tier 1,Remote,0,2,Entry / Junior (0-2 yrs),,,,2025-10-25,10,Naukri.com
JOB-100689,Cloud Data Engineer,Data Engineer,HSBC,Banking,Bengaluru,Karnataka,Tier 1,Hybrid,5,8,Senior (6-9 yrs),9.0,16.8,12.9,2026-01-07,10,LinkedIn
JOB-100690,Big Data Engineer,Data Engineer,Tata Consultancy Services,IT Services,Pune,Maharashtra,Tier 1,On-Site,5,7,Senior (6-9 yrs),,,,2025-11-15,9,LinkedIn
JOB-100691,Big Data Engineer,Data Engineer,Razorpay,Fintech,Hyderabad,Telangana,Tier 1,On-Site,4,8,Senior (6-9 yrs),9.8,18.4,14.1,2025-11-15,11,Naukri.com
JOB-100692,Senior Data Engineer,Data Engineer,LTIMindtree,IT Services,Chennai,Tamil Nadu,Tier 1,Remote,1,3,Mid-Level (3-5 yrs),4.2,8.0,6.1,2025-10-01,11,LinkedIn
JOB-100693,Python Backend & Analytics Engineer,Python Developer,Standard Chartered,Banking,Hyderabad,Telangana,Tier 1,Hybrid,1,3,Mid-Level (3-5 yrs),4.3,8.2,6.25,2025-10-04,10,LinkedIn
JOB-100694,Data Analyst,Data Analyst,KPMG,Consulting,Hyderabad,Telangana,Tier 1,On-Site,2,4,Mid-Level (3-5 yrs),3.8,7.1,5.45,2025-09-10,11,LinkedIn
JOB-100695,Marketing Data Analyst,Data Analyst,Wipro,IT Services,Gurgaon,Haryana,Tier 1,On-Site,2,4,Mid-Level (3-5 yrs),2.8,5.2,4.0,2025-11-08,7,LinkedIn
JOB-100696,Data Analyst,Data Analyst,Standard Chartered,Banking,Bengaluru,Karnataka,Tier 1,On-Site,3,6,Senior (6-9 yrs),6.4,12.0,9.2,2025-11-27,11,Indeed
JOB-100697,Reporting Analyst,BI Analyst,Deloitte,Consulting,Noida,Uttar Pradesh,Tier 1,Hybrid,10,14,Lead / Principal (10+ yrs),20.2,35.4,27.8,2026-01-28,12,Naukri.com
JOB-100698,Database Developer (SQL),SQL Developer,Meesho,E-Commerce,Hyderabad,Telangana,Tier 1,Hybrid,0,2,Entry / Junior (0-2 yrs),,,,2025-10-23,8,Indeed
JOB-100699,Tableau Developer,BI Analyst,JPMorgan Chase,Banking / Finance,Hyderabad,Telangana,Tier 1,Hybrid,0,2,Entry / Junior (0-2 yrs),3.0,6.2,4.6,2025-10-07,12,LinkedIn
JOB-100700,Big Data Engineer,Data Engineer,Mu Sigma,Pureplay Analytics,Pune,Maharashtra,Tier 1,Hybrid,3,6,Senior (6-9 yrs),7.5,14.0,10.75,2025-09-03,10,LinkedIn
JOB-100701,Tableau Developer,BI Analyst,Barclays,Banking,Bengaluru,Karnataka,Tier 1,On-Site,3,7,Senior (6-9 yrs),7.3,13.8,10.55,2026-02-25,12,Naukri.com
JOB-100702,Data Engineer,Data Engineer,Zomato,Tech / Consumer,Bengaluru,Karnataka,Tier 1,On-Site,1,3,Mid-Level (3-5 yrs),5.4,10.3,7.85,2025-09-25,9,LinkedIn
JOB-100703,Junior Data Engineer,Data Engineer,HSBC,Banking,Hyderabad,Telangana,Tier 1,On-Site,10,14,Lead / Principal (10+ yrs),25.3,44.2,34.75,2025-12-10,11,LinkedIn
JOB-100704,ETL Developer,Data Engineer,Fractal Analytics,Pureplay Analytics,Mumbai,Maharashtra,Tier 1,On-Site,0,1,Entry / Junior (0-2 yrs),3.5,7.2,5.35,2025-10-21,11,LinkedIn
JOB-100705,Senior BI Consultant,BI Analyst,Google,Product / Tech,Mumbai,Maharashtra,Tier 1,On-Site,2,5,Mid-Level (3-5 yrs),5.3,10.1,7.7,2025-10-21,12,Naukri.com
JOB-100706,Tableau Developer,BI Analyst,CRED,Fintech,Chennai,Tamil Nadu,Tier 1,On-Site,3,6,Senior (6-9 yrs),8.1,15.2,11.65,2026-02-27,10,LinkedIn
JOB-100707,Data Engineer,Data Engineer,Tiger Analytics,Pureplay Analytics,Hyderabad,Telangana,Tier 1,On-Site,0,2,Entry / Junior (0-2 yrs),3.5,7.0,5.25,2026-02-20,10,LinkedIn
JOB-100708,Data Analyst,Data Analyst,Wipro,IT Services,Remote,All India,Remote,Remote,5,9,Senior (6-9 yrs),8.2,14.3,11.25,2025-11-01,8,LinkedIn
JOB-100709,SQL Developer,SQL Developer,McKinsey & Company,Strategy Consulting,Bengaluru,Karnataka,Tier 1,On-Site,6,10,Lead / Principal (10+ yrs),,,,2025-10-30,13,LinkedIn
JOB-100710,Data Engineer,Data Engineer,Infosys,IT Services,Hyderabad,Telangana,Tier 1,Hybrid,6,10,Lead / Principal (10+ yrs),11.7,20.4,16.05,2025-09-24,8,Indeed
JOB-100711,Power BI Developer,BI Analyst,Accenture,Consulting / IT,Bengaluru,Karnataka,Tier 1,On-Site,1,3,Mid-Level (3-5 yrs),3.9,7.4,5.65,2025-10-01,13,Indeed
JOB-100712,SQL Developer,SQL Developer,Cognizant,IT Services,Hyderabad,Telangana,Tier 1,Hybrid,3,7,Senior (6-9 yrs),5.0,9.4,7.2,2025-10-08,14,LinkedIn
JOB-100713,Senior BI Consultant,BI Analyst,McKinsey & Company,Strategy Consulting,Remote,All India,Remote,Remote,7,11,Lead / Principal (10+ yrs),15.4,26.7,21.05,2025-11-17,10,Naukri.com
JOB-100714,Data Engineer,Data Engineer,Uber,Tech,Pune,Maharashtra,Tier 1,On-Site,2,5,Mid-Level (3-5 yrs),6.1,11.5,8.8,2025-11-28,10,Indeed
JOB-100715,Senior Data Engineer,Data Engineer,Wipro,IT Services,Bengaluru,Karnataka,Tier 1,Hybrid,5,7,Senior (6-9 yrs),6.3,11.9,9.1,2025-12-14,10,LinkedIn
JOB-100716,Associate Analyst - Data,Data Analyst,KPMG,Consulting,Hyderabad,Telangana,Tier 1,Hybrid,2,4,Mid-Level (3-5 yrs),,,,2025-12-02,11,Indeed
JOB-100717,Data Analyst,Data Analyst,Capgemini,IT Services,Hyderabad,Telangana,Tier 1,Remote,2,4,Mid-Level (3-5 yrs),3.1,5.9,4.5,2026-02-05,11,Naukri.com
JOB-100718,Senior BI Consultant,BI Analyst,Infosys,IT Services,Bengaluru,Karnataka,Tier 1,On-Site,1,3,Mid-Level (3-5 yrs),,,,2025-10-10,12,LinkedIn
JOB-100719,Senior Python Developer,Python Developer,Accenture,Consulting / IT,Noida,Uttar Pradesh,Tier 1,On-Site,1,4,Mid-Level (3-5 yrs),4.1,7.9,6.0,2025-10-23,11,Naukri.com
JOB-100720,Database Developer (SQL),SQL Developer,Infosys,IT Services,Pune,Maharashtra,Tier 1,Remote,0,2,Entry / Junior (0-2 yrs),,,,2026-01-02,8,Naukri.com
JOB-100721,Junior Data Analyst,Data Analyst,Tata Consultancy Services,IT Services,Hyderabad,Telangana,Tier 1,On-Site,6,10,Lead / Principal (10+ yrs),8.2,14.3,11.25,2025-12-23,9,Indeed
JOB-100722,Python Data Programmer,Python Developer,Microsoft,Product / Tech,Pune,Maharashtra,Tier 1,On-Site,2,4,Mid-Level (3-5 yrs),5.5,10.5,8.0,2025-12-07,9,Indeed
JOB-100723,Lead Data Analyst,Data Analyst,Infosys,IT Services,Hyderabad,Telangana,Tier 1,On-Site,2,5,Mid-Level (3-5 yrs),2.9,5.5,4.2,2025-11-17,6,Naukri.com
JOB-100724,Reporting Analyst,BI Analyst,Infosys,IT Services,Bengaluru,Karnataka,Tier 1,On-Site,0,2,Entry / Junior (0-2 yrs),2.0,4.1,3.05,2026-02-01,7,Naukri.com
JOB-100725,Healthcare Data Analyst,Data Analyst,Tata Consultancy Services,IT Services,Noida,Uttar Pradesh,Tier 1,On-Site,5,8,Senior (6-9 yrs),,,,2026-01-30,10,Indeed
JOB-100726,Financial Data Analyst,Data Analyst,Tata Consultancy Services,IT Services,Bengaluru,Karnataka,Tier 1,On-Site,1,3,Mid-Level (3-5 yrs),2.8,5.2,4.0,2025-09-19,10,Naukri.com
JOB-100727,Marketing Data Analyst,Data Analyst,Meesho,E-Commerce,Bengaluru,Karnataka,Tier 1,On-Site,3,7,Senior (6-9 yrs),,,,2026-01-19,8,LinkedIn
JOB-100728,Junior Data Analyst,Data Analyst,Morgan Stanley,Banking / Finance,Bengaluru,Karnataka,Tier 1,On-Site,0,1,Entry / Junior (0-2 yrs),2.9,5.9,4.4,2025-11-27,12,Naukri.com
JOB-100729,Reporting Analyst,BI Analyst,Tiger Analytics,Pureplay Analytics,Noida,Uttar Pradesh,Tier 1,On-Site,1,4,Mid-Level (3-5 yrs),4.3,8.2,6.25,2025-09-22,11,LinkedIn
JOB-100730,Associate Analyst - Data,Data Analyst,Tiger Analytics,Pureplay Analytics,Hyderabad,Telangana,Tier 1,On-Site,0,1,Entry / Junior (0-2 yrs),2.6,5.2,3.9,2025-09-15,11,LinkedIn
JOB-100731,Python Backend & Analytics Engineer,Python Developer,Wipro,IT Services,Bengaluru,Karnataka,Tier 1,On-Site,3,7,Senior (6-9 yrs),,,,2026-01-10,8,Naukri.com
JOB-100732,Tableau Developer,BI Analyst,PwC,Consulting,Gurgaon,Haryana,Tier 1,Hybrid,5,7,Senior (6-9 yrs),7.0,13.1,10.05,2025-11-28,9,LinkedIn
JOB-100733,PL/SQL Developer,SQL Developer,Fractal Analytics,Pureplay Analytics,Hyderabad,Telangana,Tier 1,Hybrid,3,7,Senior (6-9 yrs),6.8,12.9,9.85,2025-09-21,13,LinkedIn
JOB-100734,Analytics Engineer,Data Engineer,JPMorgan Chase,Banking / Finance,Bengaluru,Karnataka,Tier 1,Hybrid,3,7,Senior (6-9 yrs),10.1,19.0,14.55,2025-10-13,11,Indeed
JOB-100735,Big Data Engineer,Data Engineer,Google,Product / Tech,Bengaluru,Karnataka,Tier 1,Hybrid,5,7,Senior (6-9 yrs),11.2,21.2,16.2,2025-11-07,10,Indeed
JOB-100736,Senior Data Engineer,Data Engineer,Amazon,Product / Tech,Bengaluru,Karnataka,Tier 1,On-Site,1,4,Mid-Level (3-5 yrs),6.4,12.2,9.3,2025-10-05,11,Naukri.com
JOB-100737,Senior BI Consultant,BI Analyst,Infosys,IT Services,Bengaluru,Karnataka,Tier 1,Hybrid,0,2,Entry / Junior (0-2 yrs),2.0,4.1,3.05,2026-01-21,9,Naukri.com
JOB-100738,Junior Data Analyst,Data Analyst,HCL Technologies,IT Services,Hyderabad,Telangana,Tier 1,On-Site,3,6,Senior (6-9 yrs),4.9,9.3,7.1,2026-01-28,10,Naukri.com
JOB-100739,Junior Data Analyst,Data Analyst,McKinsey & Company,Strategy Consulting,Pune,Maharashtra,Tier 1,Hybrid,3,6,Senior (6-9 yrs),8.1,15.2,11.65,2025-09-25,8,LinkedIn
JOB-100740,SQL Developer,SQL Developer,PwC,Consulting,Pune,Maharashtra,Tier 1,Remote,0,1,Entry / Junior (0-2 yrs),2.4,4.8,3.6,2025-11-08,9,Naukri.com
JOB-100741,Analytics Engineer,Data Engineer,Razorpay,Fintech,Pune,Maharashtra,Tier 1,Hybrid,4,7,Senior (6-9 yrs),9.8,18.4,14.1,2025-11-28,9,Company Careers Portal
JOB-100742,Analytics Engineer,Data Engineer,LTIMindtree,IT Services,Gurgaon,Haryana,Tier 1,On-Site,5,9,Senior (6-9 yrs),12.6,21.8,17.2,2026-02-13,9,Naukri.com
JOB-100743,SQL Developer,SQL Developer,Google,Product / Tech,Mumbai,Maharashtra,Tier 1,On-Site,2,4,Mid-Level (3-5 yrs),,,,2025-12-31,11,LinkedIn
JOB-100744,Database Developer (SQL),SQL Developer,Zomato,Tech / Consumer,Hyderabad,Telangana,Tier 1,On-Site,4,6,Senior (6-9 yrs),6.7,12.5,9.6,2025-11-07,8,Naukri.com
JOB-100745,Lead Data Analyst,Data Analyst,LTIMindtree,IT Services,Gurgaon,Haryana,Tier 1,On-Site,0,1,Entry / Junior (0-2 yrs),,,,2025-11-25,10,Naukri.com
JOB-100746,Analytics Engineer,Data Engineer,Zomato,Tech / Consumer,Pune,Maharashtra,Tier 1,Hybrid,7,10,Lead / Principal (10+ yrs),16.2,28.1,22.15,2026-01-04,7,Naukri.com
JOB-100747,Senior Python Developer,Python Developer,HDFC Bank,Banking,Bengaluru,Karnataka,Tier 1,Hybrid,0,2,Entry / Junior (0-2 yrs),2.5,5.1,3.8,2026-02-07,14,LinkedIn
JOB-100748,SQL Developer,SQL Developer,Capgemini,IT Services,Gurgaon,Haryana,Tier 1,Hybrid,5,9,Senior (6-9 yrs),5.2,9.7,7.45,2026-01-31,11,LinkedIn
JOB-100749,Python Data Programmer,Python Developer,Capgemini,IT Services,Mumbai,Maharashtra,Tier 1,Hybrid,5,9,Senior (6-9 yrs),10.7,18.5,14.6,2025-11-09,11,LinkedIn
JOB-100750,Database Administrator & SQL Dev,SQL Developer,Accenture,Consulting / IT,Hyderabad,Telangana,Tier 1,Hybrid,0,1,Entry / Junior (0-2 yrs),2.3,4.6,3.45,2026-01-28,13,Indeed
JOB-100751,Database Administrator & SQL Dev,SQL Developer,Google,Product / Tech,Hyderabad,Telangana,Tier 1,On-Site,0,2,Entry / Junior (0-2 yrs),3.1,6.2,4.65,2025-10-01,10,Naukri.com
JOB-100752,Business Intelligence Analyst,BI Analyst,LTIMindtree,IT Services,Mumbai,Maharashtra,Tier 1,Hybrid,5,9,Senior (6-9 yrs),10.0,17.4,13.7,2025-10-08,10,LinkedIn
JOB-100753,Tableau Developer,BI Analyst,Swiggy,Tech / Consumer,Chennai,Tamil Nadu,Tier 1,On-Site,5,8,Senior (6-9 yrs),13.3,23.0,18.15,2025-10-11,13,Naukri.com
JOB-100754,Big Data Engineer,Data Engineer,Wipro,IT Services,Bengaluru,Karnataka,Tier 1,On-Site,3,7,Senior (6-9 yrs),6.3,11.9,9.1,2026-01-11,10,Naukri.com
JOB-100755,Financial Data Analyst,Data Analyst,McKinsey & Company,Strategy Consulting,Hyderabad,Telangana,Tier 1,On-Site,2,5,Mid-Level (3-5 yrs),4.8,9.0,6.9,2025-12-14,7,Naukri.com
JOB-100756,Database Administrator & SQL Dev,SQL Developer,Mu Sigma,Pureplay Analytics,Bengaluru,Karnataka,Tier 1,Hybrid,4,7,Senior (6-9 yrs),5.4,10.2,7.8,2025-10-02,12,Naukri.com
JOB-100757,Associate Analyst - Data,Data Analyst,CRED,Fintech,Bengaluru,Karnataka,Tier 1,On-Site,5,9,Senior (6-9 yrs),,,,2026-02-17,9,Indeed
JOB-100758,Python Backend & Analytics Engineer,Python Developer,PwC,Consulting,Hyderabad,Telangana,Tier 1,On-Site,3,5,Mid-Level (3-5 yrs),7.4,14.0,10.7,2025-12-14,14,LinkedIn
JOB-100759,Reporting Analyst,BI Analyst,JPMorgan Chase,Banking / Finance,Gurgaon,Haryana,Tier 1,Hybrid,3,7,Senior (6-9 yrs),,,,2026-02-05,12,LinkedIn
JOB-100760,Healthcare Data Analyst,Data Analyst,LTIMindtree,IT Services,Bengaluru,Karnataka,Tier 1,On-Site,7,10,Lead / Principal (10+ yrs),,,,2025-10-15,8,LinkedIn
JOB-100761,Data Engineer,Data Engineer,Morgan Stanley,Banking / Finance,Bengaluru,Karnataka,Tier 1,Hybrid,0,1,Entry / Junior (0-2 yrs),3.9,7.9,5.9,2025-09-22,8,LinkedIn
JOB-100762,Junior Python Engineer,Python Developer,PwC,Consulting,Gurgaon,Haryana,Tier 1,On-Site,3,5,Mid-Level (3-5 yrs),7.4,14.0,10.7,2025-11-20,11,Naukri.com
JOB-100763,Tableau Developer,BI Analyst,LTIMindtree,IT Services,Hyderabad,Telangana,Tier 1,Hybrid,1,3,Mid-Level (3-5 yrs),3.3,6.4,4.85,2026-02-08,8,Naukri.com
JOB-100764,Marketing Data Analyst,Data Analyst,Deloitte,Consulting,Pune,Maharashtra,Tier 1,Hybrid,6,10,Lead / Principal (10+ yrs),11.7,20.3,16.0,2025-12-04,12,Naukri.com
JOB-100765,Junior Python Engineer,Python Developer,HDFC Bank,Banking,Bengaluru,Karnataka,Tier 1,On-Site,1,3,Mid-Level (3-5 yrs),3.9,7.4,5.65,2026-02-18,11,LinkedIn
JOB-100766,Big Data Engineer,Data Engineer,PwC,Consulting,Gurgaon,Haryana,Tier 1,Hybrid,5,8,Senior (6-9 yrs),15.4,26.7,21.05,2026-01-14,11,Naukri.com
JOB-100767,Python Data Programmer,Python Developer,Microsoft,Product / Tech,Bengaluru,Karnataka,Tier 1,On-Site,2,5,Mid-Level (3-5 yrs),5.5,10.5,8.0,2026-01-04,12,LinkedIn
JOB-100768,Data Engineer,Data Engineer,Tata Consultancy Services,IT Services,Bengaluru,Karnataka,Tier 1,Hybrid,1,3,Mid-Level (3-5 yrs),3.7,7.1,5.4,2025-10-06,11,LinkedIn
JOB-100769,Big Data Engineer,Data Engineer,Fractal Analytics,Pureplay Analytics,Hyderabad,Telangana,Tier 1,On-Site,5,8,Senior (6-9 yrs),16.6,28.8,22.7,2026-02-12,11,LinkedIn
JOB-100770,SQL Developer,SQL Developer,Tata Consultancy Services,IT Services,Bengaluru,Karnataka,Tier 1,On-Site,0,2,Entry / Junior (0-2 yrs),1.7,3.5,2.6,2025-12-04,12,Company Careers Portal
JOB-100771,Senior BI Consultant,BI Analyst,Mu Sigma,Pureplay Analytics,Bengaluru,Karnataka,Tier 1,Hybrid,5,7,Senior (6-9 yrs),,,,2025-10-07,8,Naukri.com
JOB-100772,Data Analyst,Data Analyst,KPMG,Consulting,Gurgaon,Haryana,Tier 1,Hybrid,0,2,Entry / Junior (0-2 yrs),2.4,4.9,3.65,2025-11-04,10,LinkedIn
JOB-100773,Python Developer,Python Developer,Capgemini,IT Services,Bengaluru,Karnataka,Tier 1,On-Site,1,4,Mid-Level (3-5 yrs),3.6,6.8,5.2,2025-11-14,10,LinkedIn
JOB-100774,Marketing Data Analyst,Data Analyst,Infosys,IT Services,Gurgaon,Haryana,Tier 1,Hybrid,10,15,Lead / Principal (10+ yrs),13.9,24.4,19.15,2025-11-03,9,Naukri.com
JOB-100775,Database Administrator & SQL Dev,SQL Developer,Razorpay,Fintech,Noida,Uttar Pradesh,Tier 1,Remote,2,4,Mid-Level (3-5 yrs),4.2,7.9,6.05,2025-10-15,9,Naukri.com
JOB-100776,Marketing Data Analyst,Data Analyst,Accenture,Consulting / IT,Remote,All India,Remote,Remote,1,4,Mid-Level (3-5 yrs),3.6,6.8,5.2,2026-02-24,9,LinkedIn
JOB-100777,BI & Analytics Specialist,BI Analyst,Infosys,IT Services,Pune,Maharashtra,Tier 1,Hybrid,6,9,Senior (6-9 yrs),,,,2026-01-19,9,Naukri.com
JOB-100778,Analytics Engineer,Data Engineer,Microsoft,Product / Tech,Bengaluru,Karnataka,Tier 1,Hybrid,3,6,Senior (6-9 yrs),11.0,20.7,15.85,2025-11-28,12,Naukri.com
JOB-100779,Data Engineer,Data Engineer,Paytm,Fintech,Mumbai,Maharashtra,Tier 1,Hybrid,1,4,Mid-Level (3-5 yrs),5.1,9.6,7.35,2025-09-17,12,Naukri.com
JOB-100780,Business Intelligence Analyst,BI Analyst,CRED,Fintech,Bengaluru,Karnataka,Tier 1,Hybrid,0,2,Entry / Junior (0-2 yrs),3.0,6.2,4.6,2025-09-27,10,Company Careers Portal
JOB-100781,Cloud Data Engineer,Data Engineer,HSBC,Banking,Bengaluru,Karnataka,Tier 1,Hybrid,2,5,Mid-Level (3-5 yrs),5.3,10.0,7.65,2025-11-12,10,Naukri.com
JOB-100782,Data Analyst,Data Analyst,Infosys,IT Services,Pune,Maharashtra,Tier 1,Hybrid,9,13,Lead / Principal (10+ yrs),13.9,24.4,19.15,2025-12-18,9,Company Careers Portal
JOB-100783,Big Data Engineer,Data Engineer,Paytm,Fintech,Pune,Maharashtra,Tier 1,On-Site,3,7,Senior (6-9 yrs),8.6,16.2,12.4,2025-10-28,10,Naukri.com
JOB-100784,Junior Data Analyst,Data Analyst,KPMG,Consulting,Chennai,Tamil Nadu,Tier 1,Hybrid,4,7,Senior (6-9 yrs),,,,2025-10-27,13,LinkedIn
JOB-100785,Senior Data Analyst,Data Analyst,Deloitte,Consulting,Mumbai,Maharashtra,Tier 1,Hybrid,7,11,Lead / Principal (10+ yrs),11.7,20.3,16.0,2025-11-16,12,Company Careers Portal
JOB-100786,Lead Data Analyst,Data Analyst,Cognizant,IT Services,Hyderabad,Telangana,Tier 1,On-Site,1,3,Mid-Level (3-5 yrs),3.0,5.7,4.35,2025-11-06,9,Naukri.com
JOB-100787,Senior T-SQL Developer,SQL Developer,PwC,Consulting,Bengaluru,Karnataka,Tier 1,Hybrid,5,8,Senior (6-9 yrs),11.2,19.4,15.3,2025-12-07,9,Naukri.com
JOB-100788,Junior Data Analyst,Data Analyst,Goldman Sachs,Banking / Finance,Bengaluru,Karnataka,Tier 1,Remote,0,1,Entry / Junior (0-2 yrs),2.9,6.0,4.45,2026-02-15,9,LinkedIn
JOB-100789,Python Backend & Analytics Engineer,Python Developer,Tata Consultancy Services,IT Services,Hyderabad,Telangana,Tier 1,Hybrid,4,7,Senior (6-9 yrs),,,,2025-11-29,10,Naukri.com
JOB-100790,Python Developer,Python Developer,Meesho,E-Commerce,Hyderabad,Telangana,Tier 1,Hybrid,0,1,Entry / Junior (0-2 yrs),2.9,6.0,4.45,2025-11-16,10,LinkedIn
JOB-100791,Big Data Engineer,Data Engineer,HDFC Bank,Banking,Mumbai,Maharashtra,Tier 1,Hybrid,6,10,Lead / Principal (10+ yrs),13.8,23.9,18.85,2026-02-28,10,LinkedIn
JOB-100792,Senior Python Developer,Python Developer,Flipkart,E-Commerce,Bengaluru,Karnataka,Tier 1,Remote,1,4,Mid-Level (3-5 yrs),5.1,9.6,7.35,2026-02-01,12,LinkedIn
JOB-100793,Associate Analyst - Data,Data Analyst,EY,Consulting,Hyderabad,Telangana,Tier 1,Hybrid,4,8,Senior (6-9 yrs),,,,2025-10-23,10,LinkedIn
JOB-100794,SQL Developer,SQL Developer,Infosys,IT Services,Noida,Uttar Pradesh,Tier 1,Remote,2,4,Mid-Level (3-5 yrs),2.8,5.4,4.1,2025-09-29,10,LinkedIn
JOB-100795,Data Analyst,Data Analyst,McKinsey & Company,Strategy Consulting,Hyderabad,Telangana,Tier 1,On-Site,2,4,Mid-Level (3-5 yrs),,,,2025-12-30,9,LinkedIn
JOB-100796,Analytics Engineer,Data Engineer,Zomato,Tech / Consumer,Gurgaon,Haryana,Tier 1,Hybrid,5,9,Senior (6-9 yrs),16.2,28.1,22.15,2025-12-23,10,Naukri.com
JOB-100797,ETL Developer,Data Engineer,Morgan Stanley,Banking / Finance,Hyderabad,Telangana,Tier 1,Remote,4,7,Senior (6-9 yrs),10.3,19.4,14.85,2026-02-22,10,LinkedIn
JOB-100798,Senior Python Developer,Python Developer,CRED,Fintech,Bengaluru,Karnataka,Tier 1,Hybrid,6,9,Senior (6-9 yrs),15.2,26.3,20.75,2025-10-26,9,LinkedIn
JOB-100799,BI Developer,BI Analyst,Capgemini,IT Services,Pune,Maharashtra,Tier 1,On-Site,5,9,Senior (6-9 yrs),10.0,17.4,13.7,2025-11-03,12,Naukri.com
JOB-100800,Python Developer,Python Developer,PwC,Consulting,Pune,Maharashtra,Tier 1,On-Site,6,9,Senior (6-9 yrs),13.1,22.7,17.9,2025-09-12,12,LinkedIn
JOB-100801,Junior Python Engineer,Python Developer,Razorpay,Fintech,Gurgaon,Haryana,Tier 1,On-Site,3,6,Senior (6-9 yrs),,,,2025-11-18,11,LinkedIn
JOB-100802,Cloud Data Engineer,Data Engineer,HDFC Bank,Banking,Gurgaon,Haryana,Tier 1,Hybrid,4,6,Senior (6-9 yrs),7.8,14.7,11.25,2025-12-28,10,LinkedIn
JOB-100803,Data Analyst,Data Analyst,LTIMindtree,IT Services,Bengaluru,Karnataka,Tier 1,Hybrid,3,7,Senior (6-9 yrs),,,,2026-01-30,10,Naukri.com
JOB-100804,Business Intelligence Analyst,BI Analyst,PwC,Consulting,Hyderabad,Telangana,Tier 1,Hybrid,3,5,Mid-Level (3-5 yrs),,,,2025-09-06,9,LinkedIn
JOB-100805,Healthcare Data Analyst,Data Analyst,Fractal Analytics,Pureplay Analytics,Bengaluru,Karnataka,Tier 1,On-Site,0,2,Entry / Junior (0-2 yrs),2.6,5.3,3.95,2025-11-24,8,LinkedIn
JOB-100806,Junior Data Engineer,Data Engineer,Barclays,Banking,Chennai,Tamil Nadu,Tier 1,Hybrid,1,4,Mid-Level (3-5 yrs),5.4,10.3,7.85,2026-01-02,10,Indeed
JOB-100807,Lead Data Analyst,Data Analyst,Zomato,Tech / Consumer,Gurgaon,Haryana,Tier 1,On-Site,0,2,Entry / Junior (0-2 yrs),2.6,5.2,3.9,2025-09-10,6,LinkedIn
JOB-100808,Data Engineer,Data Engineer,Infosys,IT Services,Pune,Maharashtra,Tier 1,On-Site,1,4,Mid-Level (3-5 yrs),,,,2026-01-10,8,Naukri.com
JOB-100809,Big Data Engineer,Data Engineer,Google,Product / Tech,Bengaluru,Karnataka,Tier 1,On-Site,2,4,Mid-Level (3-5 yrs),,,,2026-02-03,11,Naukri.com
JOB-100810,Lead Data Analyst,Data Analyst,Paytm,Fintech,Chennai,Tamil Nadu,Tier 1,On-Site,1,3,Mid-Level (3-5 yrs),3.8,7.1,5.45,2025-09-23,9,Naukri.com
JOB-100811,Power BI Developer,BI Analyst,Microsoft,Product / Tech,Gurgaon,Haryana,Tier 1,Hybrid,5,9,Senior (6-9 yrs),8.8,16.6,12.7,2026-02-19,12,LinkedIn
JOB-100812,Senior BI Consultant,BI Analyst,Tata Consultancy Services,IT Services,Hyderabad,Telangana,Tier 1,On-Site,1,3,Mid-Level (3-5 yrs),,,,2025-11-25,11,LinkedIn
JOB-100813,Senior BI Consultant,BI Analyst,JPMorgan Chase,Banking / Finance,Chennai,Tamil Nadu,Tier 1,On-Site,5,8,Senior (6-9 yrs),,,,2025-09-12,11,LinkedIn
JOB-100814,Junior Data Engineer,Data Engineer,HCL Technologies,IT Services,Bengaluru,Karnataka,Tier 1,Remote,2,4,Mid-Level (3-5 yrs),3.9,7.4,5.65,2026-02-16,9,LinkedIn
JOB-100815,ETL Developer,Data Engineer,HSBC,Banking,Hyderabad,Telangana,Tier 1,Hybrid,3,6,Senior (6-9 yrs),9.0,16.8,12.9,2026-01-17,11,Naukri.com
JOB-100816,BI Developer,BI Analyst,EY,Consulting,Chennai,Tamil Nadu,Tier 1,Remote,4,7,Senior (6-9 yrs),6.9,13.0,9.95,2026-02-22,8,Naukri.com
JOB-100817,Python Backend & Analytics Engineer,Python Developer,Zomato,Tech / Consumer,Hyderabad,Telangana,Tier 1,Hybrid,2,5,Mid-Level (3-5 yrs),4.6,8.7,6.65,2026-02-20,9,LinkedIn
JOB-100818,Junior Data Analyst,Data Analyst,Swiggy,Tech / Consumer,Hyderabad,Telangana,Tier 1,Hybrid,0,2,Entry / Junior (0-2 yrs),,,,2026-02-17,8,Naukri.com
JOB-100819,Database Administrator & SQL Dev,SQL Developer,HSBC,Banking,Noida,Uttar Pradesh,Tier 1,On-Site,3,5,Mid-Level (3-5 yrs),6.5,12.2,9.35,2026-02-07,10,Company Careers Portal
JOB-100820,Data Analyst,Data Analyst,Tiger Analytics,Pureplay Analytics,Chennai,Tamil Nadu,Tier 1,On-Site,1,3,Mid-Level (3-5 yrs),4.0,7.6,5.8,2025-09-22,10,Naukri.com
JOB-100821,Healthcare Data Analyst,Data Analyst,Barclays,Banking,Remote,All India,Remote,Remote,5,9,Senior (6-9 yrs),6.8,12.8,9.8,2025-09-16,11,LinkedIn
JOB-100822,ETL Developer,Data Engineer,Fractal Analytics,Pureplay Analytics,Bengaluru,Karnataka,Tier 1,Hybrid,4,6,Senior (6-9 yrs),9.4,17.7,13.55,2025-09-19,11,Naukri.com
JOB-100823,Python Backend & Analytics Engineer,Python Developer,Google,Product / Tech,Bengaluru,Karnataka,Tier 1,Hybrid,0,2,Entry / Junior (0-2 yrs),,,,2026-01-06,12,LinkedIn
JOB-100824,Senior Data Engineer,Data Engineer,Standard Chartered,Banking,Noida,Uttar Pradesh,Tier 1,Remote,4,6,Senior (6-9 yrs),8.6,16.2,12.4,2026-02-06,8,Naukri.com
JOB-100825,Power BI Developer,BI Analyst,Tiger Analytics,Pureplay Analytics,Bengaluru,Karnataka,Tier 1,Hybrid,4,6,Senior (6-9 yrs),7.3,13.8,10.55,2025-11-01,10,Naukri.com
JOB-100826,Data Engineer,Data Engineer,PwC,Consulting,Hyderabad,Telangana,Tier 1,Hybrid,3,6,Senior (6-9 yrs),8.7,16.4,12.55,2025-10-17,7,LinkedIn
JOB-100827,Big Data Engineer,Data Engineer,Microsoft,Product / Tech,Bengaluru,Karnataka,Tier 1,Hybrid,2,4,Mid-Level (3-5 yrs),6.5,12.3,9.4,2026-02-12,8,Indeed
JOB-100828,Junior Python Engineer,Python Developer,LTIMindtree,IT Services,Bengaluru,Karnataka,Tier 1,On-Site,5,8,Senior (6-9 yrs),6.1,11.4,8.75,2025-11-06,8,LinkedIn
JOB-100829,Financial Data Analyst,Data Analyst,Google,Product / Tech,Mumbai,Maharashtra,Tier 1,On-Site,0,2,Entry / Junior (0-2 yrs),3.1,6.4,4.75,2025-09-03,9,Indeed
JOB-100830,Database Developer (SQL),SQL Developer,Deloitte,Consulting,Bengaluru,Karnataka,Tier 1,On-Site,3,5,Mid-Level (3-5 yrs),6.5,12.2,9.35,2025-12-05,7,Naukri.com
JOB-100831,Senior Python Developer,Python Developer,ICICI Bank,Banking,Pune,Maharashtra,Tier 1,Hybrid,6,10,Lead / Principal (10+ yrs),11.2,19.4,15.3,2025-11-20,10,Naukri.com
JOB-100832,Senior BI Consultant,BI Analyst,ICICI Bank,Banking,Hyderabad,Telangana,Tier 1,On-Site,0,2,Entry / Junior (0-2 yrs),2.2,4.6,3.4,2025-09-15,10,LinkedIn
JOB-100833,Junior Python Engineer,Python Developer,Meesho,E-Commerce,Pune,Maharashtra,Tier 1,On-Site,2,4,Mid-Level (3-5 yrs),4.6,8.7,6.65,2025-10-14,12,LinkedIn
JOB-100834,Senior T-SQL Developer,SQL Developer,Standard Chartered,Banking,Hyderabad,Telangana,Tier 1,On-Site,5,7,Senior (6-9 yrs),,,,2025-11-21,11,Naukri.com
JOB-100835,Python Developer,Python Developer,Swiggy,Tech / Consumer,Pune,Maharashtra,Tier 1,Hybrid,2,5,Mid-Level (3-5 yrs),4.7,9.0,6.85,2026-02-25,9,LinkedIn
JOB-100836,Financial Data Analyst,Data Analyst,EY,Consulting,Bengaluru,Karnataka,Tier 1,Hybrid,6,9,Senior (6-9 yrs),11.2,19.5,15.35,2025-11-24,11,LinkedIn
JOB-100837,SQL Developer,SQL Developer,Fractal Analytics,Pureplay Analytics,Bengaluru,Karnataka,Tier 1,On-Site,2,4,Mid-Level (3-5 yrs),4.0,7.6,5.8,2025-11-04,7,LinkedIn
JOB-100838,Junior Data Engineer,Data Engineer,Amazon,Product / Tech,Hyderabad,Telangana,Tier 1,On-Site,1,4,Mid-Level (3-5 yrs),6.4,12.2,9.3,2026-01-18,12,LinkedIn
JOB-100839,Marketing Data Analyst,Data Analyst,HCL Technologies,IT Services,Gurgaon,Haryana,Tier 1,Hybrid,1,4,Mid-Level (3-5 yrs),2.9,5.5,4.2,2025-12-18,10,Naukri.com
JOB-100840,Python Developer,Python Developer,Microsoft,Product / Tech,Mumbai,Maharashtra,Tier 1,Hybrid,7,10,Lead / Principal (10+ yrs),,,,2026-01-04,11,Naukri.com
JOB-100841,Marketing Data Analyst,Data Analyst,Morgan Stanley,Banking / Finance,Pune,Maharashtra,Tier 1,On-Site,2,4,Mid-Level (3-5 yrs),4.5,8.6,6.55,2025-10-04,9,LinkedIn
JOB-100842,Financial Data Analyst,Data Analyst,Fractal Analytics,Pureplay Analytics,Bengaluru,Karnataka,Tier 1,On-Site,2,4,Mid-Level (3-5 yrs),4.1,7.8,5.95,2025-12-09,10,LinkedIn
JOB-100843,Marketing Data Analyst,Data Analyst,Fractal Analytics,Pureplay Analytics,Gurgaon,Haryana,Tier 1,Hybrid,1,4,Mid-Level (3-5 yrs),4.1,7.8,5.95,2025-10-11,6,LinkedIn
JOB-100844,Associate Analyst - Data,Data Analyst,HCL Technologies,IT Services,Mumbai,Maharashtra,Tier 1,Remote,2,5,Mid-Level (3-5 yrs),2.9,5.5,4.2,2026-02-15,8,Naukri.com
JOB-100845,Marketing Data Analyst,Data Analyst,PwC,Consulting,Hyderabad,Telangana,Tier 1,Hybrid,3,7,Senior (6-9 yrs),6.5,12.2,9.35,2025-10-10,8,Naukri.com
JOB-100846,Associate Analyst - Data,Data Analyst,Deloitte,Consulting,Chennai,Tamil Nadu,Tier 1,Hybrid,2,4,Mid-Level (3-5 yrs),3.9,7.4,5.65,2025-10-05,10,Indeed
JOB-100847,Junior Python Engineer,Python Developer,Razorpay,Fintech,Gurgaon,Haryana,Tier 1,On-Site,5,8,Senior (6-9 yrs),8.3,15.6,11.95,2026-02-26,9,LinkedIn
JOB-100848,Senior Python Developer,Python Developer,Deloitte,Consulting,Hyderabad,Telangana,Tier 1,Hybrid,0,1,Entry / Junior (0-2 yrs),2.9,5.8,4.35,2025-12-11,11,LinkedIn
JOB-100849,Reporting Analyst,BI Analyst,Deloitte,Consulting,Bengaluru,Karnataka,Tier 1,Hybrid,0,2,Entry / Junior (0-2 yrs),2.7,5.5,4.1,2025-11-01,8,LinkedIn
JOB-100850,Python Data Programmer,Python Developer,Mu Sigma,Pureplay Analytics,Chennai,Tamil Nadu,Tier 1,On-Site,1,3,Mid-Level (3-5 yrs),3.7,7.1,5.4,2025-12-25,9,Naukri.com
JOB-100851,Database Administrator & SQL Dev,SQL Developer,Cognizant,IT Services,Hyderabad,Telangana,Tier 1,Hybrid,7,10,Lead / Principal (10+ yrs),8.8,15.3,12.05,2025-11-30,11,Indeed
JOB-100852,Data Analyst,Data Analyst,LTIMindtree,IT Services,Bengaluru,Karnataka,Tier 1,On-Site,3,5,Mid-Level (3-5 yrs),5.3,9.9,7.6,2025-10-17,10,LinkedIn
JOB-100853,Cloud Data Engineer,Data Engineer,Meesho,E-Commerce,Gurgaon,Haryana,Tier 1,On-Site,4,7,Senior (6-9 yrs),9.2,17.3,13.25,2025-12-16,9,LinkedIn
JOB-100854,Analytics Engineer,Data Engineer,PhonePe,Fintech,Pune,Maharashtra,Tier 1,Hybrid,4,8,Senior (6-9 yrs),9.9,18.6,14.25,2025-09-29,9,LinkedIn
JOB-100855,Operations Analyst,Data Analyst,Razorpay,Fintech,Gurgaon,Haryana,Tier 1,On-Site,2,5,Mid-Level (3-5 yrs),4.2,8.1,6.15,2025-11-02,8,Company Careers Portal
JOB-100856,Python Backend & Analytics Engineer,Python Developer,Paytm,Fintech,Bengaluru,Karnataka,Tier 1,Hybrid,1,4,Mid-Level (3-5 yrs),,,,2025-12-15,12,Naukri.com
JOB-100857,Tableau Developer,BI Analyst,PhonePe,Fintech,Mumbai,Maharashtra,Tier 1,On-Site,2,4,Mid-Level (3-5 yrs),4.6,8.8,6.7,2026-02-18,10,Naukri.com
JOB-100858,PL/SQL Developer,SQL Developer,Deloitte,Consulting,Pune,Maharashtra,Tier 1,On-Site,4,7,Senior (6-9 yrs),6.5,12.2,9.35,2025-10-24,14,LinkedIn
JOB-100859,Junior Data Analyst,Data Analyst,McKinsey & Company,Strategy Consulting,Bengaluru,Karnataka,Tier 1,On-Site,0,2,Entry / Junior (0-2 yrs),3.0,6.2,4.6,2025-11-18,11,Naukri.com
JOB-100860,Python Developer,Python Developer,PwC,Consulting,Pune,Maharashtra,Tier 1,On-Site,6,9,Senior (6-9 yrs),13.1,22.7,17.9,2025-11-19,8,Company Careers Portal
JOB-100861,Data Engineer,Data Engineer,ICICI Bank,Banking,Pune,Maharashtra,Tier 1,On-Site,4,7,Senior (6-9 yrs),7.5,14.0,10.75,2025-09-07,7,Naukri.com
JOB-100862,Junior Data Analyst,Data Analyst,Morgan Stanley,Banking / Finance,Pune,Maharashtra,Tier 1,Hybrid,4,7,Senior (6-9 yrs),7.7,14.4,11.05,2025-09-29,10,Indeed
JOB-100863,Data Analyst,Data Analyst,PhonePe,Fintech,Chennai,Tamil Nadu,Tier 1,On-Site,2,4,Mid-Level (3-5 yrs),,,,2025-11-05,10,Naukri.com
JOB-100864,Database Developer (SQL),SQL Developer,CRED,Fintech,Gurgaon,Haryana,Tier 1,On-Site,4,8,Senior (6-9 yrs),7.3,13.8,10.55,2026-02-25,11,LinkedIn
JOB-100865,SQL Developer,SQL Developer,Amazon,Product / Tech,Bengaluru,Karnataka,Tier 1,On-Site,4,7,Senior (6-9 yrs),7.9,14.9,11.4,2025-09-05,13,Naukri.com
JOB-100866,Python Developer,Python Developer,EY,Consulting,Chennai,Tamil Nadu,Tier 1,On-Site,2,5,Mid-Level (3-5 yrs),4.3,8.2,6.25,2025-10-19,12,Indeed
JOB-100867,Big Data Engineer,Data Engineer,Accenture,Consulting / IT,Bengaluru,Karnataka,Tier 1,Hybrid,5,8,Senior (6-9 yrs),14.6,25.3,19.95,2025-09-14,10,Naukri.com
JOB-100868,Senior T-SQL Developer,SQL Developer,PhonePe,Fintech,Pune,Maharashtra,Tier 1,Hybrid,4,7,Senior (6-9 yrs),7.2,13.5,10.35,2026-01-29,11,LinkedIn
JOB-100869,ETL Developer,Data Engineer,McKinsey & Company,Strategy Consulting,Pune,Maharashtra,Tier 1,On-Site,7,11,Lead / Principal (10+ yrs),19.2,33.3,26.25,2025-11-18,9,LinkedIn
JOB-100870,Database Developer (SQL),SQL Developer,Microsoft,Product / Tech,Mumbai,Maharashtra,Tier 1,Hybrid,1,3,Mid-Level (3-5 yrs),4.7,8.9,6.8,2025-12-24,10,LinkedIn
JOB-100871,Big Data Engineer,Data Engineer,McKinsey & Company,Strategy Consulting,Pune,Maharashtra,Tier 1,On-Site,7,10,Lead / Principal (10+ yrs),19.2,33.3,26.25,2025-09-01,12,Company Careers Portal
JOB-100872,Senior Data Engineer,Data Engineer,PwC,Consulting,Bengaluru,Karnataka,Tier 1,On-Site,2,4,Mid-Level (3-5 yrs),5.1,9.7,7.4,2026-01-02,10,LinkedIn
JOB-100873,Senior T-SQL Developer,SQL Developer,ICICI Bank,Banking,Mumbai,Maharashtra,Tier 1,Hybrid,10,14,Lead / Principal (10+ yrs),,,,2025-10-30,10,LinkedIn
JOB-100874,BI Developer,BI Analyst,PhonePe,Fintech,Pune,Maharashtra,Tier 1,On-Site,2,4,Mid-Level (3-5 yrs),4.6,8.8,6.7,2026-01-22,9,Naukri.com
JOB-100875,Database Developer (SQL),SQL Developer,LTIMindtree,IT Services,Bengaluru,Karnataka,Tier 1,Hybrid,4,8,Senior (6-9 yrs),5.2,9.7,7.45,2025-11-08,11,LinkedIn
JOB-100876,Python Developer,Python Developer,Mu Sigma,Pureplay Analytics,Pune,Maharashtra,Tier 1,Hybrid,5,8,Senior (6-9 yrs),6.4,12.0,9.2,2025-10-13,9,LinkedIn
JOB-100877,Database Developer (SQL),SQL Developer,Microsoft,Product / Tech,Mumbai,Maharashtra,Tier 1,Hybrid,5,8,Senior (6-9 yrs),8.0,15.1,11.55,2026-01-20,7,LinkedIn
JOB-100878,Lead Data Analyst,Data Analyst,Goldman Sachs,Banking / Finance,Hyderabad,Telangana,Tier 1,Hybrid,5,9,Senior (6-9 yrs),13.8,23.9,18.85,2025-11-08,8,Indeed
JOB-100879,SQL Developer,SQL Developer,JPMorgan Chase,Banking / Finance,Pune,Maharashtra,Tier 1,Hybrid,6,9,Senior (6-9 yrs),12.9,22.4,17.65,2025-10-19,11,LinkedIn
JOB-100880,Associate Analyst - Data,Data Analyst,Wipro,IT Services,Bengaluru,Karnataka,Tier 1,On-Site,9,14,Lead / Principal (10+ yrs),13.2,23.1,18.15,2026-01-29,8,LinkedIn
JOB-100881,Junior Python Engineer,Python Developer,HDFC Bank,Banking,Hyderabad,Telangana,Tier 1,Hybrid,2,5,Mid-Level (3-5 yrs),3.9,7.4,5.65,2025-10-28,10,Naukri.com
JOB-100882,Database Developer (SQL),SQL Developer,Razorpay,Fintech,Remote,All India,Remote,Remote,6,9,Senior (6-9 yrs),,,,2026-02-12,11,LinkedIn
JOB-100883,Senior T-SQL Developer,SQL Developer,CRED,Fintech,Bengaluru,Karnataka,Tier 1,Hybrid,1,3,Mid-Level (3-5 yrs),,,,2025-10-16,12,LinkedIn
JOB-100884,Senior T-SQL Developer,SQL Developer,PwC,Consulting,Bengaluru,Karnataka,Tier 1,Hybrid,5,9,Senior (6-9 yrs),6.3,11.9,9.1,2025-10-26,13,Naukri.com
JOB-100885,Marketing Data Analyst,Data Analyst,Wipro,IT Services,Gurgaon,Haryana,Tier 1,On-Site,2,5,Mid-Level (3-5 yrs),2.8,5.2,4.0,2025-09-08,13,LinkedIn
JOB-100886,Cloud Data Engineer,Data Engineer,Standard Chartered,Banking,Pune,Maharashtra,Tier 1,On-Site,4,6,Senior (6-9 yrs),8.6,16.2,12.4,2026-01-11,9,LinkedIn
JOB-100887,Python Data Programmer,Python Developer,PhonePe,Fintech,Hyderabad,Telangana,Tier 1,Hybrid,3,7,Senior (6-9 yrs),8.4,15.8,12.1,2026-02-09,8,Naukri.com
JOB-100888,Cloud Data Engineer,Data Engineer,Google,Product / Tech,Chennai,Tamil Nadu,Tier 1,Hybrid,1,4,Mid-Level (3-5 yrs),6.6,12.6,9.6,2025-09-15,10,LinkedIn
JOB-100889,Reporting Analyst,BI Analyst,HCL Technologies,IT Services,Gurgaon,Haryana,Tier 1,Hybrid,6,10,Lead / Principal (10+ yrs),9.4,16.3,12.85,2025-12-01,11,LinkedIn
JOB-100890,Lead Data Analyst,Data Analyst,Deloitte,Consulting,Hyderabad,Telangana,Tier 1,On-Site,7,10,Lead / Principal (10+ yrs),11.7,20.3,16.0,2026-02-16,13,LinkedIn
JOB-100891,Operations Analyst,Data Analyst,Infosys,IT Services,Remote,All India,Remote,Remote,1,4,Mid-Level (3-5 yrs),2.9,5.5,4.2,2026-02-24,8,Naukri.com
JOB-100892,ETL Developer,Data Engineer,Google,Product / Tech,Gurgaon,Haryana,Tier 1,Hybrid,5,8,Senior (6-9 yrs),19.8,34.4,27.1,2025-09-27,8,Indeed
JOB-100893,Healthcare Data Analyst,Data Analyst,McKinsey & Company,Strategy Consulting,Chennai,Tamil Nadu,Tier 1,On-Site,3,7,Senior (6-9 yrs),8.1,15.2,11.65,2025-11-24,10,LinkedIn
JOB-100894,PL/SQL Developer,SQL Developer,Deloitte,Consulting,Hyderabad,Telangana,Tier 1,On-Site,4,6,Senior (6-9 yrs),6.5,12.2,9.35,2025-11-09,11,Naukri.com
JOB-100895,Senior Data Engineer,Data Engineer,Accenture,Consulting / IT,Chennai,Tamil Nadu,Tier 1,Hybrid,1,4,Mid-Level (3-5 yrs),4.9,9.2,7.05,2026-01-01,13,LinkedIn
JOB-100896,Senior Data Engineer,Data Engineer,Meesho,E-Commerce,Bengaluru,Karnataka,Tier 1,On-Site,2,5,Mid-Level (3-5 yrs),5.4,10.3,7.85,2026-01-25,7,LinkedIn
JOB-100897,Power BI Developer,BI Analyst,LTIMindtree,IT Services,Hyderabad,Telangana,Tier 1,On-Site,7,11,Lead / Principal (10+ yrs),,,,2026-02-09,8,Naukri.com
JOB-100898,Business Intelligence Analyst,BI Analyst,EY,Consulting,Remote,All India,Remote,Remote,4,6,Senior (6-9 yrs),,,,2025-12-01,12,LinkedIn
JOB-100899,BI Developer,BI Analyst,Morgan Stanley,Banking / Finance,Bengaluru,Karnataka,Tier 1,On-Site,2,5,Mid-Level (3-5 yrs),4.9,9.2,7.05,2026-01-12,10,Naukri.com
JOB-100900,Python Backend & Analytics Engineer,Python Developer,Microsoft,Product / Tech,Mumbai,Maharashtra,Tier 1,On-Site,3,6,Senior (6-9 yrs),,,,2025-11-19,8,Naukri.com
JOB-100901,Analytics Engineer,Data Engineer,Accenture,Consulting / IT,Bengaluru,Karnataka,Tier 1,On-Site,7,10,Lead / Principal (10+ yrs),14.6,25.3,19.95,2025-09-04,11,LinkedIn
JOB-100902,Cloud Data Engineer,Data Engineer,McKinsey & Company,Strategy Consulting,Bengaluru,Karnataka,Tier 1,Hybrid,4,7,Senior (6-9 yrs),10.9,20.5,15.7,2026-02-17,10,LinkedIn
JOB-100903,Senior Data Analyst,Data Analyst,HCL Technologies,IT Services,Bengaluru,Karnataka,Tier 1,On-Site,1,3,Mid-Level (3-5 yrs),,,,2026-02-27,11,Naukri.com
JOB-100904,Senior Data Analyst,Data Analyst,Microsoft,Product / Tech,Bengaluru,Karnataka,Tier 1,On-Site,1,4,Mid-Level (3-5 yrs),4.8,9.1,6.95,2025-12-03,9,LinkedIn
JOB-100905,Database Administrator & SQL Dev,SQL Developer,Cognizant,IT Services,Noida,Uttar Pradesh,Tier 1,Hybrid,1,4,Mid-Level (3-5 yrs),2.9,5.6,4.25,2025-09-10,9,LinkedIn
JOB-100906,Marketing Data Analyst,Data Analyst,Cognizant,IT Services,Gurgaon,Haryana,Tier 1,Hybrid,4,6,Senior (6-9 yrs),5.1,9.6,7.35,2025-11-19,9,Indeed
JOB-100907,Data Engineer,Data Engineer,Amazon,Product / Tech,Pune,Maharashtra,Tier 1,Hybrid,5,9,Senior (6-9 yrs),,,,2025-09-19,8,Naukri.com
JOB-100908,Python Data Programmer,Python Developer,Capgemini,IT Services,Noida,Uttar Pradesh,Tier 1,Remote,7,11,Lead / Principal (10+ yrs),10.7,18.5,14.6,2025-12-24,9,LinkedIn
JOB-100909,Senior T-SQL Developer,SQL Developer,Barclays,Banking,Gurgaon,Haryana,Tier 1,Hybrid,1,4,Mid-Level (3-5 yrs),3.9,7.4,5.65,2025-10-23,13,Naukri.com
JOB-100910,Data Analyst,Data Analyst,Goldman Sachs,Banking / Finance,Bengaluru,Karnataka,Tier 1,Remote,0,1,Entry / Junior (0-2 yrs),2.9,6.0,4.45,2026-01-18,9,LinkedIn
JOB-100911,BI & Analytics Specialist,BI Analyst,Cognizant,IT Services,Mumbai,Maharashtra,Tier 1,On-Site,7,10,Lead / Principal (10+ yrs),,,,2026-02-14,11,LinkedIn
JOB-100912,Financial Data Analyst,Data Analyst,Microsoft,Product / Tech,Hyderabad,Telangana,Tier 1,Hybrid,5,8,Senior (6-9 yrs),8.2,15.4,11.8,2025-11-13,12,LinkedIn
JOB-100913,Senior Data Engineer,Data Engineer,Mu Sigma,Pureplay Analytics,Mumbai,Maharashtra,Tier 1,Hybrid,7,10,Lead / Principal (10+ yrs),,,,2025-12-31,10,Indeed
JOB-100914,Power BI Developer,BI Analyst,Capgemini,IT Services,Mumbai,Maharashtra,Tier 1,On-Site,2,4,Mid-Level (3-5 yrs),3.3,6.4,4.85,2025-09-30,12,LinkedIn
JOB-100915,Junior Data Analyst,Data Analyst,Zomato,Tech / Consumer,Gurgaon,Haryana,Tier 1,Hybrid,3,6,Senior (6-9 yrs),6.8,12.8,9.8,2025-09-02,10,Naukri.com
JOB-100916,Python Developer,Python Developer,Standard Chartered,Banking,Mumbai,Maharashtra,Tier 1,On-Site,3,7,Senior (6-9 yrs),7.3,13.8,10.55,2025-10-20,8,LinkedIn
JOB-100917,Senior Data Engineer,Data Engineer,LTIMindtree,IT Services,Bengaluru,Karnataka,Tier 1,On-Site,1,4,Mid-Level (3-5 yrs),4.2,8.0,6.1,2025-10-26,9,Naukri.com
JOB-100918,Senior BI Consultant,BI Analyst,Deloitte,Consulting,Bengaluru,Karnataka,Tier 1,On-Site,5,8,Senior (6-9 yrs),,,,2025-12-26,9,Indeed
JOB-100919,Database Administrator & SQL Dev,SQL Developer,EY,Consulting,Pune,Maharashtra,Tier 1,On-Site,2,5,Mid-Level (3-5 yrs),,,,2026-01-14,10,LinkedIn
JOB-100920,Lead Data Analyst,Data Analyst,Barclays,Banking,Noida,Uttar Pradesh,Tier 1,On-Site,5,8,Senior (6-9 yrs),12.0,20.8,16.4,2026-02-23,11,Naukri.com
JOB-100921,Senior Data Analyst,Data Analyst,EY,Consulting,Hyderabad,Telangana,Tier 1,Hybrid,5,9,Senior (6-9 yrs),6.4,12.0,9.2,2025-09-02,10,LinkedIn
JOB-100922,Junior Data Analyst,Data Analyst,Zomato,Tech / Consumer,Noida,Uttar Pradesh,Tier 1,Hybrid,0,2,Entry / Junior (0-2 yrs),2.6,5.2,3.9,2026-01-03,12,Indeed
JOB-100923,Junior Data Analyst,Data Analyst,Fractal Analytics,Pureplay Analytics,Chennai,Tamil Nadu,Tier 1,Hybrid,10,14,Lead / Principal (10+ yrs),19.7,34.4,27.05,2026-01-06,10,Naukri.com
JOB-100924,Business Intelligence Analyst,BI Analyst,Tata Consultancy Services,IT Services,Bengaluru,Karnataka,Tier 1,Hybrid,5,8,Senior (6-9 yrs),5.0,9.5,7.25,2025-12-01,9,Naukri.com
JOB-100925,ETL Developer,Data Engineer,KPMG,Consulting,Pune,Maharashtra,Tier 1,On-Site,10,14,Lead / Principal (10+ yrs),24.3,42.5,33.4,2025-11-06,8,Naukri.com
JOB-100926,Senior T-SQL Developer,SQL Developer,Razorpay,Fintech,Bengaluru,Karnataka,Tier 1,On-Site,0,1,Entry / Junior (0-2 yrs),2.7,5.4,4.05,2025-09-18,11,Naukri.com
JOB-100927,Financial Data Analyst,Data Analyst,Deloitte,Consulting,Gurgaon,Haryana,Tier 1,Remote,1,3,Mid-Level (3-5 yrs),3.9,7.4,5.65,2026-01-11,10,LinkedIn
JOB-100928,Associate Analyst - Data,Data Analyst,Tiger Analytics,Pureplay Analytics,Bengaluru,Karnataka,Tier 1,Hybrid,5,7,Senior (6-9 yrs),6.8,12.8,9.8,2025-09-30,10,LinkedIn
JOB-100929,Lead Data Analyst,Data Analyst,Wipro,IT Services,Hyderabad,Telangana,Tier 1,Hybrid,4,6,Senior (6-9 yrs),4.7,8.8,6.75,2026-02-07,11,LinkedIn
JOB-100930,Senior Data Engineer,Data Engineer,Meesho,E-Commerce,Noida,Uttar Pradesh,Tier 1,Remote,3,7,Senior (6-9 yrs),9.2,17.3,13.25,2025-09-10,13,LinkedIn
JOB-100931,Reporting Analyst,BI Analyst,Cognizant,IT Services,Gurgaon,Haryana,Tier 1,On-Site,0,1,Entry / Junior (0-2 yrs),2.1,4.2,3.15,2025-11-12,10,LinkedIn
JOB-100932,Senior Data Engineer,Data Engineer,Barclays,Banking,Bengaluru,Karnataka,Tier 1,Remote,10,14,Lead / Principal (10+ yrs),25.9,45.4,35.65,2026-02-24,10,LinkedIn
JOB-100933,BI Developer,BI Analyst,Accenture,Consulting / IT,Bengaluru,Karnataka,Tier 1,Remote,4,6,Senior (6-9 yrs),6.6,12.4,9.5,2025-11-08,10,LinkedIn
JOB-100934,PL/SQL Developer,SQL Developer,Google,Product / Tech,Gurgaon,Haryana,Tier 1,Hybrid,4,7,Senior (6-9 yrs),8.2,15.4,11.8,2026-02-25,13,Naukri.com
JOB-100935,Tableau Developer,BI Analyst,HDFC Bank,Banking,Bengaluru,Karnataka,Tier 1,Remote,5,9,Senior (6-9 yrs),11.0,19.1,15.05,2025-10-05,10,Company Careers Portal
JOB-100936,Junior Data Analyst,Data Analyst,Zomato,Tech / Consumer,Hyderabad,Telangana,Tier 1,Hybrid,9,14,Lead / Principal (10+ yrs),,,,2025-12-09,11,Naukri.com
JOB-100937,ETL Developer,Data Engineer,Flipkart,E-Commerce,Chennai,Tamil Nadu,Tier 1,On-Site,4,6,Senior (6-9 yrs),10.1,19.0,14.55,2026-01-29,11,LinkedIn
JOB-100938,Junior Data Engineer,Data Engineer,Goldman Sachs,Banking / Finance,Bengaluru,Karnataka,Tier 1,Hybrid,6,9,Senior (6-9 yrs),18.6,32.3,25.45,2025-09-26,13,LinkedIn
JOB-100939,Junior Python Engineer,Python Developer,Morgan Stanley,Banking / Finance,Noida,Uttar Pradesh,Tier 1,On-Site,3,7,Senior (6-9 yrs),8.8,16.6,12.7,2025-10-10,10,Indeed
JOB-100940,Senior T-SQL Developer,SQL Developer,Tata Consultancy Services,IT Services,Hyderabad,Telangana,Tier 1,Hybrid,2,5,Mid-Level (3-5 yrs),2.7,5.1,3.9,2026-01-21,13,Naukri.com
JOB-100941,ETL Developer,Data Engineer,Accenture,Consulting / IT,Mumbai,Maharashtra,Tier 1,On-Site,7,11,Lead / Principal (10+ yrs),14.6,25.3,19.95,2025-11-07,9,Indeed
JOB-100942,Big Data Engineer,Data Engineer,Razorpay,Fintech,Hyderabad,Telangana,Tier 1,Remote,0,2,Entry / Junior (0-2 yrs),3.7,7.5,5.6,2025-09-24,11,Naukri.com
JOB-100943,Data Engineer,Data Engineer,Google,Product / Tech,Mumbai,Maharashtra,Tier 1,Hybrid,8,12,Lead / Principal (10+ yrs),31.8,55.6,43.7,2025-11-10,10,LinkedIn
JOB-100944,Junior Data Analyst,Data Analyst,Microsoft,Product / Tech,Chennai,Tamil Nadu,Tier 1,Hybrid,1,4,Mid-Level (3-5 yrs),4.8,9.1,6.95,2026-01-06,10,LinkedIn
JOB-100945,Healthcare Data Analyst,Data Analyst,HCL Technologies,IT Services,Hyderabad,Telangana,Tier 1,On-Site,5,9,Senior (6-9 yrs),,,,2025-11-15,12,LinkedIn
JOB-100946,Cloud Data Engineer,Data Engineer,PhonePe,Fintech,Bengaluru,Karnataka,Tier 1,Hybrid,5,9,Senior (6-9 yrs),17.4,30.2,23.8,2025-09-02,9,Indeed
JOB-100947,SQL Developer,SQL Developer,Uber,Tech,Hyderabad,Telangana,Tier 1,Hybrid,9,14,Lead / Principal (10+ yrs),21.2,37.0,29.1,2026-01-30,10,LinkedIn
JOB-100948,Senior T-SQL Developer,SQL Developer,PwC,Consulting,Pune,Maharashtra,Tier 1,Hybrid,5,9,Senior (6-9 yrs),6.3,11.9,9.1,2025-11-26,9,Indeed
JOB-100949,Operations Analyst,Data Analyst,JPMorgan Chase,Banking / Finance,Bengaluru,Karnataka,Tier 1,Hybrid,2,4,Mid-Level (3-5 yrs),4.4,8.4,6.4,2025-09-25,10,Naukri.com
JOB-100950,Tableau Developer,BI Analyst,LTIMindtree,IT Services,Noida,Uttar Pradesh,Tier 1,On-Site,3,7,Senior (6-9 yrs),,,,2025-12-04,14,LinkedIn
JOB-100951,Lead Data Analyst,Data Analyst,JPMorgan Chase,Banking / Finance,Noida,Uttar Pradesh,Tier 1,Hybrid,3,7,Senior (6-9 yrs),7.5,14.1,10.8,2025-09-04,9,LinkedIn
JOB-100952,Healthcare Data Analyst,Data Analyst,Mu Sigma,Pureplay Analytics,Pune,Maharashtra,Tier 1,On-Site,0,1,Entry / Junior (0-2 yrs),2.1,4.2,3.15,2026-02-02,9,Company Careers Portal
JOB-100953,Python Backend & Analytics Engineer,Python Developer,Standard Chartered,Banking,Bengaluru,Karnataka,Tier 1,Remote,6,9,Senior (6-9 yrs),,,,2025-12-05,9,Naukri.com
JOB-100954,Healthcare Data Analyst,Data Analyst,HDFC Bank,Banking,Bengaluru,Karnataka,Tier 1,On-Site,4,6,Senior (6-9 yrs),5.8,10.9,8.35,2025-12-07,8,LinkedIn
JOB-100955,Senior Data Analyst,Data Analyst,KPMG,Consulting,Pune,Maharashtra,Tier 1,Hybrid,1,4,Mid-Level (3-5 yrs),3.8,7.1,5.45,2025-12-13,10,Indeed
JOB-100956,Power BI Developer,BI Analyst,Fractal Analytics,Pureplay Analytics,Pune,Maharashtra,Tier 1,Hybrid,0,2,Entry / Junior (0-2 yrs),2.8,5.8,4.3,2025-11-07,10,LinkedIn
JOB-100957,Python Data Programmer,Python Developer,Cognizant,IT Services,Bengaluru,Karnataka,Tier 1,On-Site,4,8,Senior (6-9 yrs),5.9,11.0,8.45,2025-09-28,11,Naukri.com
JOB-100958,ETL Developer,Data Engineer,Google,Product / Tech,Bengaluru,Karnataka,Tier 1,Remote,6,10,Lead / Principal (10+ yrs),19.8,34.4,27.1,2025-09-04,10,LinkedIn
JOB-100959,Database Developer (SQL),SQL Developer,HSBC,Banking,Bengaluru,Karnataka,Tier 1,Hybrid,0,1,Entry / Junior (0-2 yrs),2.4,5.0,3.7,2025-12-22,10,Indeed
JOB-100960,Data Engineer,Data Engineer,Tiger Analytics,Pureplay Analytics,Hyderabad,Telangana,Tier 1,On-Site,10,14,Lead / Principal (10+ yrs),25.9,45.4,35.65,2025-12-19,11,LinkedIn
JOB-100961,Junior Python Engineer,Python Developer,Microsoft,Product / Tech,Pune,Maharashtra,Tier 1,On-Site,2,4,Mid-Level (3-5 yrs),5.5,10.5,8.0,2026-02-13,8,Indeed
JOB-100962,Associate Analyst - Data,Data Analyst,Goldman Sachs,Banking / Finance,Pune,Maharashtra,Tier 1,On-Site,5,8,Senior (6-9 yrs),7.8,14.7,11.25,2025-11-02,8,Naukri.com
JOB-100963,PL/SQL Developer,SQL Developer,Standard Chartered,Banking,Bengaluru,Karnataka,Tier 1,Hybrid,7,11,Lead / Principal (10+ yrs),,,,2026-01-14,9,Indeed
JOB-100964,BI Developer,BI Analyst,Wipro,IT Services,Bengaluru,Karnataka,Tier 1,Hybrid,6,10,Lead / Principal (10+ yrs),,,,2025-12-14,11,Indeed
JOB-100965,Financial Data Analyst,Data Analyst,Google,Product / Tech,Bengaluru,Karnataka,Tier 1,Hybrid,5,8,Senior (6-9 yrs),8.3,15.7,12.0,2025-12-16,11,LinkedIn
JOB-100966,BI & Analytics Specialist,BI Analyst,Goldman Sachs,Banking / Finance,Pune,Maharashtra,Tier 1,On-Site,2,5,Mid-Level (3-5 yrs),5.0,9.4,7.2,2026-02-07,9,Naukri.com
JOB-100967,Junior Data Analyst,Data Analyst,HSBC,Banking,Chennai,Tamil Nadu,Tier 1,Remote,1,3,Mid-Level (3-5 yrs),3.9,7.4,5.65,2026-01-08,9,Naukri.com
JOB-100968,Business Intelligence Analyst,BI Analyst,Mu Sigma,Pureplay Analytics,Bengaluru,Karnataka,Tier 1,Hybrid,7,10,Lead / Principal (10+ yrs),,,,2026-01-06,11,LinkedIn
JOB-100969,Python Data Programmer,Python Developer,Mu Sigma,Pureplay Analytics,Pune,Maharashtra,Tier 1,On-Site,4,6,Senior (6-9 yrs),6.4,12.0,9.2,2026-02-19,10,Naukri.com
JOB-100970,ETL Developer,Data Engineer,Paytm,Fintech,Gurgaon,Haryana,Tier 1,Hybrid,0,2,Entry / Junior (0-2 yrs),3.2,6.6,4.9,2025-10-29,11,LinkedIn
JOB-100971,Python Developer,Python Developer,Amazon,Product / Tech,Pune,Maharashtra,Tier 1,On-Site,0,1,Entry / Junior (0-2 yrs),3.5,7.1,5.3,2025-11-09,8,Company Careers Portal
JOB-100972,Marketing Data Analyst,Data Analyst,Amazon,Product / Tech,Remote,All India,Remote,Remote,2,5,Mid-Level (3-5 yrs),4.8,9.0,6.9,2025-11-25,9,LinkedIn
JOB-100973,Big Data Engineer,Data Engineer,Wipro,IT Services,Gurgaon,Haryana,Tier 1,Hybrid,4,6,Senior (6-9 yrs),6.3,11.9,9.1,2025-12-23,8,Naukri.com
JOB-100974,Operations Analyst,Data Analyst,LTIMindtree,IT Services,Hyderabad,Telangana,Tier 1,Hybrid,0,2,Entry / Junior (0-2 yrs),2.0,4.0,3.0,2025-09-04,8,Indeed
JOB-100975,Senior Data Engineer,Data Engineer,Swiggy,Tech / Consumer,Noida,Uttar Pradesh,Tier 1,Hybrid,2,5,Mid-Level (3-5 yrs),,,,2025-10-01,10,Indeed
JOB-100976,Financial Data Analyst,Data Analyst,HDFC Bank,Banking,Bengaluru,Karnataka,Tier 1,On-Site,5,7,Senior (6-9 yrs),5.8,10.9,8.35,2026-02-21,10,LinkedIn
JOB-100977,Financial Data Analyst,Data Analyst,LTIMindtree,IT Services,Bengaluru,Karnataka,Tier 1,Hybrid,0,2,Entry / Junior (0-2 yrs),2.0,4.0,3.0,2025-11-28,8,Naukri.com
JOB-100978,Power BI Developer,BI Analyst,CRED,Fintech,Pune,Maharashtra,Tier 1,On-Site,5,8,Senior (6-9 yrs),8.1,15.2,11.65,2026-01-08,10,Naukri.com
JOB-100979,Python Backend & Analytics Engineer,Python Developer,HDFC Bank,Banking,Bengaluru,Karnataka,Tier 1,On-Site,4,8,Senior (6-9 yrs),6.6,12.5,9.55,2025-12-21,13,LinkedIn
JOB-100980,Tableau Developer,BI Analyst,Wipro,IT Services,Hyderabad,Telangana,Tier 1,Hybrid,0,2,Entry / Junior (0-2 yrs),1.9,3.9,2.9,2025-09-05,8,LinkedIn
JOB-100981,Associate Analyst - Data,Data Analyst,Paytm,Fintech,Hyderabad,Telangana,Tier 1,Remote,5,9,Senior (6-9 yrs),,,,2026-02-24,8,LinkedIn
JOB-100982,Cloud Data Engineer,Data Engineer,Uber,Tech,Hyderabad,Telangana,Tier 1,Hybrid,5,7,Senior (6-9 yrs),10.3,19.4,14.85,2025-10-24,10,LinkedIn
JOB-100983,Junior Python Engineer,Python Developer,Microsoft,Product / Tech,Noida,Uttar Pradesh,Tier 1,On-Site,1,4,Mid-Level (3-5 yrs),,,,2025-10-25,10,Naukri.com
JOB-100984,Data Analyst,Data Analyst,McKinsey & Company,Strategy Consulting,Gurgaon,Haryana,Tier 1,Remote,5,8,Senior (6-9 yrs),8.1,15.2,11.65,2026-01-05,6,Indeed
JOB-100985,Senior BI Consultant,BI Analyst,McKinsey & Company,Strategy Consulting,Mumbai,Maharashtra,Tier 1,On-Site,1,3,Mid-Level (3-5 yrs),5.1,9.7,7.4,2025-09-05,11,Naukri.com
JOB-100986,Associate Analyst - Data,Data Analyst,KPMG,Consulting,Gurgaon,Haryana,Tier 1,Hybrid,5,7,Senior (6-9 yrs),6.4,12.0,9.2,2025-09-08,8,Naukri.com
JOB-100987,Marketing Data Analyst,Data Analyst,HCL Technologies,IT Services,Bengaluru,Karnataka,Tier 1,On-Site,6,10,Lead / Principal (10+ yrs),8.7,15.1,11.9,2025-10-23,10,LinkedIn
JOB-100988,Senior Python Developer,Python Developer,Deloitte,Consulting,Bengaluru,Karnataka,Tier 1,On-Site,7,10,Lead / Principal (10+ yrs),,,,2025-11-19,8,LinkedIn
JOB-100989,Healthcare Data Analyst,Data Analyst,Capgemini,IT Services,Hyderabad,Telangana,Tier 1,On-Site,0,1,Entry / Junior (0-2 yrs),2.0,4.0,3.0,2025-09-06,12,LinkedIn
JOB-100990,Senior Python Developer,Python Developer,Meesho,E-Commerce,Pune,Maharashtra,Tier 1,On-Site,5,9,Senior (6-9 yrs),7.8,14.7,11.25,2025-11-30,13,Naukri.com
JOB-100991,Lead Data Analyst,Data Analyst,Flipkart,E-Commerce,Bengaluru,Karnataka,Tier 1,On-Site,3,6,Senior (6-9 yrs),7.5,14.1,10.8,2025-10-13,10,LinkedIn
JOB-100992,Database Administrator & SQL Dev,SQL Developer,Tata Consultancy Services,IT Services,Pune,Maharashtra,Tier 1,On-Site,0,2,Entry / Junior (0-2 yrs),1.7,3.5,2.6,2026-01-28,9,Naukri.com
JOB-100993,Python Data Programmer,Python Developer,Barclays,Banking,Chennai,Tamil Nadu,Tier 1,On-Site,0,1,Entry / Junior (0-2 yrs),2.9,6.0,4.45,2026-02-22,12,LinkedIn
JOB-100994,Power BI Developer,BI Analyst,Tiger Analytics,Pureplay Analytics,Mumbai,Maharashtra,Tier 1,Hybrid,1,3,Mid-Level (3-5 yrs),4.3,8.2,6.25,2025-09-09,13,Company Careers Portal
JOB-100995,Senior T-SQL Developer,SQL Developer,HCL Technologies,IT Services,Bengaluru,Karnataka,Tier 1,Hybrid,3,6,Senior (6-9 yrs),4.8,9.1,6.95,2026-01-25,11,LinkedIn
JOB-100996,Data Engineer,Data Engineer,HSBC,Banking,Mumbai,Maharashtra,Tier 1,On-Site,3,6,Senior (6-9 yrs),,,,2025-11-13,9,LinkedIn
JOB-100997,Analytics Engineer,Data Engineer,PhonePe,Fintech,Mumbai,Maharashtra,Tier 1,Hybrid,3,6,Senior (6-9 yrs),,,,2026-01-18,9,Naukri.com
JOB-100998,Database Developer (SQL),SQL Developer,Wipro,IT Services,Hyderabad,Telangana,Tier 1,Hybrid,0,2,Entry / Junior (0-2 yrs),1.7,3.5,2.6,2025-10-05,10,Naukri.com
JOB-100999,Tableau Developer,BI Analyst,Mu Sigma,Pureplay Analytics,Mumbai,Maharashtra,Tier 1,On-Site,0,2,Entry / Junior (0-2 yrs),,,,2026-01-21,10,LinkedIn
JOB-101000,Senior BI Consultant,BI Analyst,Uber,Tech,Hyderabad,Telangana,Tier 1,Hybrid,3,5,Mid-Level (3-5 yrs),8.3,15.6,11.95,2026-02-02,11,LinkedIn
JOB-101001,Reporting Analyst,BI Analyst,Flipkart,E-Commerce,Mumbai,Maharashtra,Tier 1,On-Site,5,9,Senior (6-9 yrs),14.3,24.7,19.5,2026-01-20,8,Naukri.com
JOB-101002,Database Developer (SQL),SQL Developer,ICICI Bank,Banking,Hyderabad,Telangana,Tier 1,Hybrid,9,13,Lead / Principal (10+ yrs),15.3,26.8,21.05,2025-12-14,11,Indeed
JOB-101003,Lead Data Analyst,Data Analyst,Barclays,Banking,Hyderabad,Telangana,Tier 1,On-Site,3,7,Senior (6-9 yrs),6.8,12.8,9.8,2025-11-14,10,Indeed
JOB-101004,BI Developer,BI Analyst,Tata Consultancy Services,IT Services,Mumbai,Maharashtra,Tier 1,Hybrid,6,9,Senior (6-9 yrs),8.9,15.4,12.15,2026-01-10,8,LinkedIn
JOB-101005,Healthcare Data Analyst,Data Analyst,Amazon,Product / Tech,Hyderabad,Telangana,Tier 1,Hybrid,3,7,Senior (6-9 yrs),8.1,15.2,11.65,2025-10-24,11,Naukri.com
JOB-101006,Senior T-SQL Developer,SQL Developer,PhonePe,Fintech,Bengaluru,Karnataka,Tier 1,Hybrid,1,4,Mid-Level (3-5 yrs),4.2,8.0,6.1,2025-11-08,11,LinkedIn
JOB-101007,Junior Data Analyst,Data Analyst,HDFC Bank,Banking,Bengaluru,Karnataka,Tier 1,On-Site,7,10,Lead / Principal (10+ yrs),10.2,17.7,13.95,2025-11-15,11,Indeed
JOB-101008,BI Developer,BI Analyst,Zomato,Tech / Consumer,Mumbai,Maharashtra,Tier 1,On-Site,2,5,Mid-Level (3-5 yrs),4.3,8.2,6.25,2026-02-01,12,LinkedIn
JOB-101009,Marketing Data Analyst,Data Analyst,Standard Chartered,Banking,Hyderabad,Telangana,Tier 1,Hybrid,2,4,Mid-Level (3-5 yrs),,,,2026-01-17,10,LinkedIn
JOB-101010,Senior Data Analyst,Data Analyst,LTIMindtree,IT Services,Pune,Maharashtra,Tier 1,Remote,4,7,Senior (6-9 yrs),5.3,9.9,7.6,2026-02-21,10,Naukri.com
JOB-101011,Python Backend & Analytics Engineer,Python Developer,Tiger Analytics,Pureplay Analytics,Hyderabad,Telangana,Tier 1,On-Site,5,8,Senior (6-9 yrs),7.8,14.7,11.25,2025-12-11,11,Indeed
JOB-101012,ETL Developer,Data Engineer,Deloitte,Consulting,Bengaluru,Karnataka,Tier 1,On-Site,2,5,Mid-Level (3-5 yrs),5.3,10.0,7.65,2026-02-01,10,Indeed
JOB-101013,BI Developer,BI Analyst,Infosys,IT Services,Bengaluru,Karnataka,Tier 1,Hybrid,4,6,Senior (6-9 yrs),,,,2025-09-14,12,LinkedIn
JOB-101014,Data Analyst,Data Analyst,Infosys,IT Services,Bengaluru,Karnataka,Tier 1,Hybrid,2,4,Mid-Level (3-5 yrs),2.9,5.5,4.2,2025-11-26,9,Naukri.com
JOB-101015,Power BI Developer,BI Analyst,Goldman Sachs,Banking / Finance,Pune,Maharashtra,Tier 1,Hybrid,9,13,Lead / Principal (10+ yrs),23.8,41.7,32.75,2025-09-25,13,Naukri.com
JOB-101016,Python Data Programmer,Python Developer,PwC,Consulting,Bengaluru,Karnataka,Tier 1,On-Site,2,4,Mid-Level (3-5 yrs),4.4,8.3,6.35,2025-09-10,8,LinkedIn
JOB-101017,Senior BI Consultant,BI Analyst,Uber,Tech,Mumbai,Maharashtra,Tier 1,Hybrid,2,4,Mid-Level (3-5 yrs),,,,2026-02-21,10,LinkedIn
JOB-101018,Power BI Developer,BI Analyst,Fractal Analytics,Pureplay Analytics,Bengaluru,Karnataka,Tier 1,On-Site,1,3,Mid-Level (3-5 yrs),4.4,8.4,6.4,2026-01-27,14,LinkedIn
JOB-101019,SQL Developer,SQL Developer,Tiger Analytics,Pureplay Analytics,Bengaluru,Karnataka,Tier 1,On-Site,8,12,Lead / Principal (10+ yrs),,,,2025-12-20,8,Naukri.com
JOB-101020,Senior Python Developer,Python Developer,Standard Chartered,Banking,Pune,Maharashtra,Tier 1,On-Site,1,3,Mid-Level (3-5 yrs),4.3,8.2,6.25,2025-09-25,11,LinkedIn
JOB-101021,Associate Analyst - Data,Data Analyst,HCL Technologies,IT Services,Hyderabad,Telangana,Tier 1,Hybrid,4,7,Senior (6-9 yrs),,,,2025-12-29,10,Naukri.com
JOB-101022,Python Developer,Python Developer,Tiger Analytics,Pureplay Analytics,Pune,Maharashtra,Tier 1,Hybrid,4,7,Senior (6-9 yrs),7.8,14.7,11.25,2025-10-22,13,Naukri.com
JOB-101023,Junior Data Engineer,Data Engineer,LTIMindtree,IT Services,Mumbai,Maharashtra,Tier 1,On-Site,0,2,Entry / Junior (0-2 yrs),2.7,5.4,4.05,2026-02-25,7,LinkedIn
JOB-101024,Python Backend & Analytics Engineer,Python Developer,Fractal Analytics,Pureplay Analytics,Bengaluru,Karnataka,Tier 1,On-Site,1,3,Mid-Level (3-5 yrs),4.7,9.0,6.85,2026-01-15,7,Naukri.com
JOB-101025,Database Developer (SQL),SQL Developer,Standard Chartered,Banking,Remote,All India,Remote,Remote,5,9,Senior (6-9 yrs),11.0,19.1,15.05,2025-11-07,10,Naukri.com
JOB-101026,Junior Data Analyst,Data Analyst,Morgan Stanley,Banking / Finance,Mumbai,Maharashtra,Tier 1,Hybrid,10,15,Lead / Principal (10+ yrs),21.6,37.8,29.7,2025-11-22,9,Naukri.com
JOB-101027,Senior Python Developer,Python Developer,Flipkart,E-Commerce,Pune,Maharashtra,Tier 1,Hybrid,3,5,Mid-Level (3-5 yrs),8.6,16.2,12.4,2025-09-07,11,Indeed
JOB-101028,Power BI Developer,BI Analyst,Goldman Sachs,Banking / Finance,Bengaluru,Karnataka,Tier 1,Hybrid,5,9,Senior (6-9 yrs),8.4,15.9,12.15,2025-12-12,8,LinkedIn
JOB-101029,Python Developer,Python Developer,PhonePe,Fintech,Hyderabad,Telangana,Tier 1,On-Site,2,5,Mid-Level (3-5 yrs),,,,2026-02-03,12,LinkedIn
JOB-101030,Associate Analyst - Data,Data Analyst,Cognizant,IT Services,Hyderabad,Telangana,Tier 1,Remote,1,4,Mid-Level (3-5 yrs),3.0,5.7,4.35,2025-12-23,9,Naukri.com
JOB-101031,Database Administrator & SQL Dev,SQL Developer,ICICI Bank,Banking,Pune,Maharashtra,Tier 1,Remote,8,12,Lead / Principal (10+ yrs),15.3,26.8,21.05,2025-10-16,12,LinkedIn
JOB-101032,Data Analyst,Data Analyst,McKinsey & Company,Strategy Consulting,Bengaluru,Karnataka,Tier 1,On-Site,3,7,Senior (6-9 yrs),8.1,15.2,11.65,2025-09-18,10,Company Careers Portal
JOB-101033,Financial Data Analyst,Data Analyst,McKinsey & Company,Strategy Consulting,Bengaluru,Karnataka,Tier 1,On-Site,0,1,Entry / Junior (0-2 yrs),3.0,6.2,4.6,2025-12-21,12,Naukri.com
JOB-101034,Python Data Programmer,Python Developer,JPMorgan Chase,Banking / Finance,Chennai,Tamil Nadu,Tier 1,On-Site,4,6,Senior (6-9 yrs),,,,2025-12-17,12,Indeed
JOB-101035,Senior Python Developer,Python Developer,Morgan Stanley,Banking / Finance,Mumbai,Maharashtra,Tier 1,Hybrid,6,9,Senior (6-9 yrs),15.5,26.9,21.2,2025-11-15,9,Company Careers Portal
JOB-101036,Senior T-SQL Developer,SQL Developer,EY,Consulting,Pune,Maharashtra,Tier 1,Hybrid,0,2,Entry / Junior (0-2 yrs),,,,2025-11-18,10,Naukri.com
JOB-101037,Cloud Data Engineer,Data Engineer,Amazon,Product / Tech,Gurgaon,Haryana,Tier 1,On-Site,5,8,Senior (6-9 yrs),19.2,33.3,26.25,2026-01-13,8,LinkedIn
JOB-101038,Cloud Data Engineer,Data Engineer,EY,Consulting,Bengaluru,Karnataka,Tier 1,On-Site,0,1,Entry / Junior (0-2 yrs),3.2,6.6,4.9,2026-02-13,11,Naukri.com
JOB-101039,Senior Data Engineer,Data Engineer,HDFC Bank,Banking,Pune,Maharashtra,Tier 1,On-Site,2,4,Mid-Level (3-5 yrs),4.6,8.7,6.65,2026-02-02,10,LinkedIn
JOB-101040,SQL Developer,SQL Developer,Wipro,IT Services,Pune,Maharashtra,Tier 1,Hybrid,4,7,Senior (6-9 yrs),4.6,8.6,6.6,2025-11-26,14,Naukri.com
JOB-101041,Senior Data Engineer,Data Engineer,Barclays,Banking,Pune,Maharashtra,Tier 1,On-Site,1,3,Mid-Level (3-5 yrs),5.4,10.3,7.85,2025-11-13,6,Indeed
JOB-101042,Financial Data Analyst,Data Analyst,Razorpay,Fintech,Mumbai,Maharashtra,Tier 1,Hybrid,10,15,Lead / Principal (10+ yrs),20.4,35.7,28.05,2025-09-19,11,Naukri.com
JOB-101043,ETL Developer,Data Engineer,Microsoft,Product / Tech,Gurgaon,Haryana,Tier 1,On-Site,1,4,Mid-Level (3-5 yrs),6.5,12.3,9.4,2025-09-02,12,Naukri.com
JOB-101044,Associate Analyst - Data,Data Analyst,EY,Consulting,Hyderabad,Telangana,Tier 1,Hybrid,3,6,Senior (6-9 yrs),,,,2025-09-01,11,LinkedIn
JOB-101045,PL/SQL Developer,SQL Developer,Cognizant,IT Services,Hyderabad,Telangana,Tier 1,Hybrid,5,8,Senior (6-9 yrs),8.8,15.3,12.05,2025-10-08,14,Company Careers Portal
JOB-101046,Business Intelligence Analyst,BI Analyst,McKinsey & Company,Strategy Consulting,Hyderabad,Telangana,Tier 1,Hybrid,0,1,Entry / Junior (0-2 yrs),3.3,6.7,5.0,2025-10-12,10,Company Careers Portal
JOB-101047,Healthcare Data Analyst,Data Analyst,KPMG,Consulting,Remote,All India,Remote,Remote,2,5,Mid-Level (3-5 yrs),3.8,7.1,5.45,2025-10-18,9,Naukri.com
JOB-101048,Senior T-SQL Developer,SQL Developer,JPMorgan Chase,Banking / Finance,Gurgaon,Haryana,Tier 1,On-Site,5,8,Senior (6-9 yrs),7.3,13.8,10.55,2025-10-14,13,Indeed
JOB-101049,Power BI Developer,BI Analyst,CRED,Fintech,Bengaluru,Karnataka,Tier 1,Hybrid,2,4,Mid-Level (3-5 yrs),4.8,9.0,6.9,2025-11-28,10,Naukri.com
JOB-101050,Reporting Analyst,BI Analyst,Uber,Tech,Mumbai,Maharashtra,Tier 1,Hybrid,3,5,Mid-Level (3-5 yrs),8.3,15.6,11.95,2025-09-29,10,LinkedIn
JOB-101051,Python Backend & Analytics Engineer,Python Developer,Morgan Stanley,Banking / Finance,Mumbai,Maharashtra,Tier 1,On-Site,2,4,Mid-Level (3-5 yrs),,,,2025-09-19,12,Indeed
JOB-101052,Database Developer (SQL),SQL Developer,Tata Consultancy Services,IT Services,Mumbai,Maharashtra,Tier 1,On-Site,0,1,Entry / Junior (0-2 yrs),1.7,3.5,2.6,2025-10-05,12,Indeed
JOB-101053,Senior T-SQL Developer,SQL Developer,Mu Sigma,Pureplay Analytics,Mumbai,Maharashtra,Tier 1,On-Site,2,4,Mid-Level (3-5 yrs),,,,2025-12-16,12,LinkedIn
JOB-101054,Python Data Programmer,Python Developer,PhonePe,Fintech,Bengaluru,Karnataka,Tier 1,On-Site,1,4,Mid-Level (3-5 yrs),4.9,9.4,7.15,2025-11-07,7,LinkedIn
JOB-101055,Data Engineer,Data Engineer,JPMorgan Chase,Banking / Finance,Bengaluru,Karnataka,Tier 1,Hybrid,2,4,Mid-Level (3-5 yrs),5.9,11.3,8.6,2025-11-21,7,LinkedIn
JOB-101056,BI & Analytics Specialist,BI Analyst,Standard Chartered,Banking,Bengaluru,Karnataka,Tier 1,Hybrid,5,9,Senior (6-9 yrs),6.9,13.0,9.95,2026-02-08,10,LinkedIn
JOB-101057,Junior Data Engineer,Data Engineer,Capgemini,IT Services,Hyderabad,Telangana,Tier 1,Remote,5,9,Senior (6-9 yrs),,,,2025-09-25,9,Naukri.com
JOB-101058,Power BI Developer,BI Analyst,Flipkart,E-Commerce,Hyderabad,Telangana,Tier 1,Hybrid,4,7,Senior (6-9 yrs),,,,2026-01-28,11,Company Careers Portal
JOB-101059,Senior Data Analyst,Data Analyst,HSBC,Banking,Hyderabad,Telangana,Tier 1,Hybrid,2,5,Mid-Level (3-5 yrs),,,,2025-12-15,13,LinkedIn
JOB-101060,Data Analyst,Data Analyst,Accenture,Consulting / IT,Bengaluru,Karnataka,Tier 1,Remote,6,10,Lead / Principal (10+ yrs),10.8,18.7,14.75,2025-11-23,10,Indeed
JOB-101061,BI & Analytics Specialist,BI Analyst,Cognizant,IT Services,Pune,Maharashtra,Tier 1,Hybrid,9,14,Lead / Principal (10+ yrs),15.6,27.2,21.4,2026-02-28,10,Indeed
JOB-101062,Python Data Programmer,Python Developer,PhonePe,Fintech,Gurgaon,Haryana,Tier 1,Hybrid,1,4,Mid-Level (3-5 yrs),4.9,9.4,7.15,2025-10-20,10,LinkedIn
JOB-101063,Database Developer (SQL),SQL Developer,Morgan Stanley,Banking / Finance,Bengaluru,Karnataka,Tier 1,Hybrid,3,7,Senior (6-9 yrs),,,,2026-02-12,10,Indeed
JOB-101064,Python Developer,Python Developer,Meesho,E-Commerce,Gurgaon,Haryana,Tier 1,On-Site,1,4,Mid-Level (3-5 yrs),,,,2026-02-08,9,Naukri.com
JOB-101065,Senior Python Developer,Python Developer,Tata Consultancy Services,IT Services,Hyderabad,Telangana,Tier 1,Hybrid,7,11,Lead / Principal (10+ yrs),9.5,16.4,12.95,2025-11-10,10,LinkedIn
JOB-101066,Business Intelligence Analyst,BI Analyst,Cognizant,IT Services,Bengaluru,Karnataka,Tier 1,On-Site,5,7,Senior (6-9 yrs),5.5,10.4,7.95,2025-12-09,11,LinkedIn
JOB-101067,SQL Developer,SQL Developer,EY,Consulting,Bengaluru,Karnataka,Tier 1,Hybrid,8,13,Lead / Principal (10+ yrs),17.6,30.9,24.25,2025-12-24,13,Naukri.com
JOB-101068,Analytics Engineer,Data Engineer,EY,Consulting,Hyderabad,Telangana,Tier 1,On-Site,1,3,Mid-Level (3-5 yrs),5.1,9.6,7.35,2026-02-02,9,Naukri.com
JOB-101069,Python Developer,Python Developer,Accenture,Consulting / IT,Hyderabad,Telangana,Tier 1,On-Site,1,3,Mid-Level (3-5 yrs),4.1,7.9,6.0,2025-10-28,10,Indeed
JOB-101070,Big Data Engineer,Data Engineer,Accenture,Consulting / IT,Hyderabad,Telangana,Tier 1,Hybrid,1,4,Mid-Level (3-5 yrs),,,,2026-01-14,11,LinkedIn
JOB-101071,Senior T-SQL Developer,SQL Developer,Google,Product / Tech,Pune,Maharashtra,Tier 1,Hybrid,8,12,Lead / Principal (10+ yrs),23.0,40.3,31.65,2025-12-26,11,Naukri.com
JOB-101072,Tableau Developer,BI Analyst,JPMorgan Chase,Banking / Finance,Remote,All India,Remote,Remote,3,5,Mid-Level (3-5 yrs),8.1,15.2,11.65,2025-10-24,11,LinkedIn
JOB-101073,Senior Python Developer,Python Developer,HCL Technologies,IT Services,Bengaluru,Karnataka,Tier 1,On-Site,3,6,Senior (6-9 yrs),5.7,10.7,8.2,2026-01-20,10,LinkedIn
JOB-101074,Database Developer (SQL),SQL Developer,Infosys,IT Services,Bengaluru,Karnataka,Tier 1,Hybrid,1,4,Mid-Level (3-5 yrs),2.8,5.4,4.1,2025-12-20,11,Naukri.com
JOB-101075,BI Developer,BI Analyst,Flipkart,E-Commerce,Pune,Maharashtra,Tier 1,Hybrid,5,8,Senior (6-9 yrs),,,,2025-11-23,9,Naukri.com
JOB-101076,Data Engineer,Data Engineer,Mu Sigma,Pureplay Analytics,Bengaluru,Karnataka,Tier 1,Hybrid,5,8,Senior (6-9 yrs),13.2,22.8,18.0,2026-02-07,7,LinkedIn
JOB-101077,Financial Data Analyst,Data Analyst,Accenture,Consulting / IT,Hyderabad,Telangana,Tier 1,Remote,0,2,Entry / Junior (0-2 yrs),2.3,4.7,3.5,2025-09-09,8,LinkedIn
JOB-101078,Python Developer,Python Developer,Tata Consultancy Services,IT Services,Mumbai,Maharashtra,Tier 1,On-Site,8,13,Lead / Principal (10+ yrs),15.2,26.6,20.9,2026-02-25,11,Naukri.com
JOB-101079,ETL Developer,Data Engineer,Deloitte,Consulting,Pune,Maharashtra,Tier 1,Hybrid,5,8,Senior (6-9 yrs),9.0,16.8,12.9,2025-10-23,11,Naukri.com
JOB-101080,Big Data Engineer,Data Engineer,McKinsey & Company,Strategy Consulting,Bengaluru,Karnataka,Tier 1,Remote,1,4,Mid-Level (3-5 yrs),6.4,12.2,9.3,2025-09-26,12,Naukri.com
JOB-101081,Senior Data Engineer,Data Engineer,Flipkart,E-Commerce,Bengaluru,Karnataka,Tier 1,On-Site,7,10,Lead / Principal (10+ yrs),17.8,30.9,24.35,2026-01-23,6,LinkedIn
JOB-101082,Lead Data Analyst,Data Analyst,Amazon,Product / Tech,Bengaluru,Karnataka,Tier 1,Hybrid,1,3,Mid-Level (3-5 yrs),,,,2025-11-27,7,LinkedIn
JOB-101083,Database Developer (SQL),SQL Developer,Meesho,E-Commerce,Hyderabad,Telangana,Tier 1,Hybrid,0,1,Entry / Junior (0-2 yrs),2.5,5.1,3.8,2026-01-13,10,Naukri.com
JOB-101084,BI Developer,BI Analyst,Tiger Analytics,Pureplay Analytics,Bengaluru,Karnataka,Tier 1,On-Site,1,3,Mid-Level (3-5 yrs),4.3,8.2,6.25,2025-10-24,8,LinkedIn
JOB-101085,PL/SQL Developer,SQL Developer,Uber,Tech,Bengaluru,Karnataka,Tier 1,On-Site,2,4,Mid-Level (3-5 yrs),4.4,8.4,6.4,2025-09-11,13,Indeed
JOB-101086,Senior T-SQL Developer,SQL Developer,KPMG,Consulting,Bengaluru,Karnataka,Tier 1,On-Site,4,8,Senior (6-9 yrs),,,,2026-02-21,9,Indeed
JOB-101087,ETL Developer,Data Engineer,Microsoft,Product / Tech,Hyderabad,Telangana,Tier 1,Hybrid,0,2,Entry / Junior (0-2 yrs),4.1,8.4,6.25,2026-02-13,10,LinkedIn
JOB-101088,Junior Data Analyst,Data Analyst,Mu Sigma,Pureplay Analytics,Pune,Maharashtra,Tier 1,Hybrid,2,4,Mid-Level (3-5 yrs),,,,2025-11-15,10,Naukri.com
JOB-101089,Data Engineer,Data Engineer,Deloitte,Consulting,Chennai,Tamil Nadu,Tier 1,On-Site,4,8,Senior (6-9 yrs),,,,2025-10-24,10,LinkedIn
JOB-101090,ETL Developer,Data Engineer,Tata Consultancy Services,IT Services,Bengaluru,Karnataka,Tier 1,Remote,5,8,Senior (6-9 yrs),11.1,19.3,15.2,2025-11-14,12,LinkedIn
JOB-101091,Big Data Engineer,Data Engineer,Meesho,E-Commerce,Hyderabad,Telangana,Tier 1,On-Site,1,3,Mid-Level (3-5 yrs),5.4,10.3,7.85,2025-10-03,9,LinkedIn
JOB-101092,SQL Developer,SQL Developer,Swiggy,Tech / Consumer,Bengaluru,Karnataka,Tier 1,On-Site,3,7,Senior (6-9 yrs),6.8,12.9,9.85,2025-10-16,8,Naukri.com
JOB-101093,Senior Data Analyst,Data Analyst,LTIMindtree,IT Services,Bengaluru,Karnataka,Tier 1,Hybrid,3,6,Senior (6-9 yrs),5.3,9.9,7.6,2025-12-11,9,Naukri.com
JOB-101094,SQL Developer,SQL Developer,Capgemini,IT Services,Hyderabad,Telangana,Tier 1,Hybrid,5,8,Senior (6-9 yrs),5.2,9.7,7.45,2026-02-17,10,Naukri.com
JOB-101095,Python Backend & Analytics Engineer,Python Developer,Cognizant,IT Services,Bengaluru,Karnataka,Tier 1,On-Site,3,6,Senior (6-9 yrs),5.9,11.0,8.45,2025-10-31,10,LinkedIn
JOB-101096,Senior Python Developer,Python Developer,KPMG,Consulting,Pune,Maharashtra,Tier 1,On-Site,3,6,Senior (6-9 yrs),7.3,13.8,10.55,2025-12-21,10,Naukri.com
JOB-101097,Senior BI Consultant,BI Analyst,Accenture,Consulting / IT,Remote,All India,Remote,Remote,1,3,Mid-Level (3-5 yrs),3.9,7.4,5.65,2025-11-07,10,LinkedIn
JOB-101098,Healthcare Data Analyst,Data Analyst,Infosys,IT Services,Mumbai,Maharashtra,Tier 1,On-Site,1,4,Mid-Level (3-5 yrs),2.9,5.5,4.2,2025-11-07,10,LinkedIn
JOB-101099,Senior Python Developer,Python Developer,Uber,Tech,Hyderabad,Telangana,Tier 1,Hybrid,9,14,Lead / Principal (10+ yrs),24.8,43.5,34.15,2025-10-15,10,LinkedIn
JOB-101100,Database Administrator & SQL Dev,SQL Developer,Razorpay,Fintech,Bengaluru,Karnataka,Tier 1,Hybrid,4,8,Senior (6-9 yrs),,,,2026-02-14,12,LinkedIn
JOB-101101,Financial Data Analyst,Data Analyst,ICICI Bank,Banking,Remote,All India,Remote,Remote,2,5,Mid-Level (3-5 yrs),,,,2025-10-20,9,Company Careers Portal
JOB-101102,Marketing Data Analyst,Data Analyst,Google,Product / Tech,Noida,Uttar Pradesh,Tier 1,Hybrid,1,3,Mid-Level (3-5 yrs),4.9,9.3,7.1,2026-02-11,13,Indeed
JOB-101103,BI Developer,BI Analyst,JPMorgan Chase,Banking / Finance,Bengaluru,Karnataka,Tier 1,On-Site,4,8,Senior (6-9 yrs),8.1,15.2,11.65,2025-12-20,11,Indeed
JOB-101104,Database Administrator & SQL Dev,SQL Developer,Capgemini,IT Services,Bengaluru,Karnataka,Tier 1,On-Site,3,6,Senior (6-9 yrs),5.2,9.7,7.45,2026-02-13,10,LinkedIn
JOB-101105,Senior Data Engineer,Data Engineer,JPMorgan Chase,Banking / Finance,Mumbai,Maharashtra,Tier 1,On-Site,6,10,Lead / Principal (10+ yrs),17.8,30.9,24.35,2026-02-05,9,LinkedIn
JOB-101106,Lead Data Analyst,Data Analyst,Infosys,IT Services,Hyderabad,Telangana,Tier 1,Hybrid,3,7,Senior (6-9 yrs),4.9,9.3,7.1,2025-12-04,9,Company Careers Portal
JOB-101107,Python Developer,Python Developer,Goldman Sachs,Banking / Finance,Bengaluru,Karnataka,Tier 1,On-Site,2,5,Mid-Level (3-5 yrs),5.3,10.1,7.7,2026-01-05,12,LinkedIn
JOB-101108,Python Backend & Analytics Engineer,Python Developer,Meesho,E-Commerce,Mumbai,Maharashtra,Tier 1,Hybrid,5,9,Senior (6-9 yrs),7.8,14.7,11.25,2025-10-01,10,LinkedIn
JOB-101109,Lead Data Analyst,Data Analyst,Fractal Analytics,Pureplay Analytics,Bengaluru,Karnataka,Tier 1,On-Site,1,3,Mid-Level (3-5 yrs),4.1,7.8,5.95,2025-12-16,11,Naukri.com
JOB-101110,Senior Data Analyst,Data Analyst,Infosys,IT Services,Mumbai,Maharashtra,Tier 1,Hybrid,3,7,Senior (6-9 yrs),,,,2025-09-29,7,Indeed
JOB-101111,Operations Analyst,Data Analyst,Tiger Analytics,Pureplay Analytics,Bengaluru,Karnataka,Tier 1,Remote,7,10,Lead / Principal (10+ yrs),12.0,20.8,16.4,2025-11-14,9,Naukri.com
JOB-101112,Power BI Developer,BI Analyst,Mu Sigma,Pureplay Analytics,Hyderabad,Telangana,Tier 1,On-Site,5,9,Senior (6-9 yrs),6.0,11.2,8.6,2025-10-27,9,Naukri.com
JOB-101113,Senior Data Engineer,Data Engineer,ICICI Bank,Banking,Chennai,Tamil Nadu,Tier 1,Hybrid,1,4,Mid-Level (3-5 yrs),4.4,8.3,6.35,2026-02-14,11,LinkedIn
JOB-101114,Lead Data Analyst,Data Analyst,Paytm,Fintech,Bengaluru,Karnataka,Tier 1,Hybrid,1,3,Mid-Level (3-5 yrs),,,,2026-02-15,7,LinkedIn
JOB-101115,Junior Data Analyst,Data Analyst,Uber,Tech,Bengaluru,Karnataka,Tier 1,Hybrid,0,2,Entry / Junior (0-2 yrs),2.9,5.9,4.4,2025-12-25,9,Indeed
JOB-101116,Power BI Developer,BI Analyst,Morgan Stanley,Banking / Finance,Chennai,Tamil Nadu,Tier 1,Hybrid,7,11,Lead / Principal (10+ yrs),14.6,25.3,19.95,2025-12-14,13,Naukri.com
JOB-101117,Junior Python Engineer,Python Developer,Wipro,IT Services,Hyderabad,Telangana,Tier 1,On-Site,3,7,Senior (6-9 yrs),5.4,10.1,7.75,2026-02-19,10,Naukri.com
JOB-101118,Python Developer,Python Developer,Capgemini,IT Services,Hyderabad,Telangana,Tier 1,On-Site,7,10,Lead / Principal (10+ yrs),10.7,18.5,14.6,2025-09-14,12,LinkedIn
JOB-101119,Database Administrator & SQL Dev,SQL Developer,ICICI Bank,Banking,Pune,Maharashtra,Tier 1,Remote,0,2,Entry / Junior (0-2 yrs),2.0,4.1,3.05,2025-11-25,10,LinkedIn
JOB-101120,Lead Data Analyst,Data Analyst,Infosys,IT Services,Hyderabad,Telangana,Tier 1,Hybrid,6,9,Senior (6-9 yrs),8.7,15.1,11.9,2025-12-21,11,Indeed
JOB-101121,Power BI Developer,BI Analyst,KPMG,Consulting,Hyderabad,Telangana,Tier 1,On-Site,0,1,Entry / Junior (0-2 yrs),2.6,5.3,3.95,2025-10-30,10,Naukri.com
JOB-101122,Database Administrator & SQL Dev,SQL Developer,Meesho,E-Commerce,Bengaluru,Karnataka,Tier 1,Hybrid,0,1,Entry / Junior (0-2 yrs),2.5,5.1,3.8,2025-12-16,9,Naukri.com
JOB-101123,Analytics Engineer,Data Engineer,PhonePe,Fintech,Mumbai,Maharashtra,Tier 1,On-Site,0,2,Entry / Junior (0-2 yrs),3.7,7.5,5.6,2025-10-28,8,Indeed
JOB-101124,Healthcare Data Analyst,Data Analyst,Wipro,IT Services,Hyderabad,Telangana,Tier 1,Hybrid,1,3,Mid-Level (3-5 yrs),,,,2025-10-10,9,LinkedIn
JOB-101125,BI & Analytics Specialist,BI Analyst,Goldman Sachs,Banking / Finance,Bengaluru,Karnataka,Tier 1,On-Site,5,8,Senior (6-9 yrs),14.9,25.8,20.35,2025-11-12,10,LinkedIn
JOB-101126,Python Backend & Analytics Engineer,Python Developer,KPMG,Consulting,Bengaluru,Karnataka,Tier 1,Hybrid,0,2,Entry / Junior (0-2 yrs),2.8,5.6,4.2,2025-11-04,12,LinkedIn
JOB-101127,Healthcare Data Analyst,Data Analyst,Meesho,E-Commerce,Remote,All India,Remote,Remote,8,12,Lead / Principal (10+ yrs),19.2,33.6,26.4,2026-02-11,10,Naukri.com
JOB-101128,Python Data Programmer,Python Developer,Tiger Analytics,Pureplay Analytics,Noida,Uttar Pradesh,Tier 1,On-Site,4,6,Senior (6-9 yrs),7.8,14.7,11.25,2026-02-08,12,LinkedIn
JOB-101129,Senior BI Consultant,BI Analyst,Uber,Tech,Bengaluru,Karnataka,Tier 1,Remote,1,3,Mid-Level (3-5 yrs),4.9,9.2,7.05,2026-02-01,8,LinkedIn
JOB-101130,PL/SQL Developer,SQL Developer,PhonePe,Fintech,Hyderabad,Telangana,Tier 1,On-Site,5,7,Senior (6-9 yrs),7.2,13.5,10.35,2025-09-25,10,LinkedIn
JOB-101131,Analytics Engineer,Data Engineer,HDFC Bank,Banking,Bengaluru,Karnataka,Tier 1,Hybrid,8,12,Lead / Principal (10+ yrs),22.0,38.6,30.3,2026-01-21,13,LinkedIn
JOB-101132,Python Data Programmer,Python Developer,Meesho,E-Commerce,Gurgaon,Haryana,Tier 1,Hybrid,1,4,Mid-Level (3-5 yrs),4.6,8.7,6.65,2026-02-26,10,LinkedIn
JOB-101133,PL/SQL Developer,SQL Developer,Deloitte,Consulting,Pune,Maharashtra,Tier 1,Remote,2,5,Mid-Level (3-5 yrs),3.8,7.3,5.55,2025-10-18,11,LinkedIn
JOB-101134,Database Administrator & SQL Dev,SQL Developer,Capgemini,IT Services,Gurgaon,Haryana,Tier 1,Hybrid,1,4,Mid-Level (3-5 yrs),,,,2025-09-16,13,Indeed
JOB-101135,Senior Data Engineer,Data Engineer,Mu Sigma,Pureplay Analytics,Gurgaon,Haryana,Tier 1,On-Site,6,9,Senior (6-9 yrs),13.2,22.8,18.0,2025-12-25,12,LinkedIn
JOB-101136,Power BI Developer,BI Analyst,Microsoft,Product / Tech,Hyderabad,Telangana,Tier 1,Hybrid,1,3,Mid-Level (3-5 yrs),,,,2026-02-06,12,Naukri.com
JOB-101137,Data Engineer,Data Engineer,PwC,Consulting,Pune,Maharashtra,Tier 1,Hybrid,4,8,Senior (6-9 yrs),8.7,16.4,12.55,2025-09-02,10,Indeed
JOB-101138,Operations Analyst,Data Analyst,Amazon,Product / Tech,Noida,Uttar Pradesh,Tier 1,On-Site,3,7,Senior (6-9 yrs),,,,2026-01-24,10,Naukri.com
JOB-101139,Python Developer,Python Developer,Fractal Analytics,Pureplay Analytics,Pune,Maharashtra,Tier 1,Remote,0,2,Entry / Junior (0-2 yrs),,,,2025-09-01,9,LinkedIn
JOB-101140,Business Intelligence Analyst,BI Analyst,Cognizant,IT Services,Pune,Maharashtra,Tier 1,Hybrid,0,1,Entry / Junior (0-2 yrs),2.1,4.2,3.15,2026-01-11,11,LinkedIn
JOB-101141,ETL Developer,Data Engineer,McKinsey & Company,Strategy Consulting,Bengaluru,Karnataka,Tier 1,Remote,7,10,Lead / Principal (10+ yrs),,,,2025-11-17,9,LinkedIn
JOB-101142,Big Data Engineer,Data Engineer,PhonePe,Fintech,Bengaluru,Karnataka,Tier 1,On-Site,7,11,Lead / Principal (10+ yrs),,,,2026-02-13,11,Indeed
JOB-101143,Junior Data Analyst,Data Analyst,Google,Product / Tech,Bengaluru,Karnataka,Tier 1,Hybrid,0,2,Entry / Junior (0-2 yrs),3.1,6.4,4.75,2026-02-20,13,Company Careers Portal
JOB-101144,Operations Analyst,Data Analyst,HCL Technologies,IT Services,Gurgaon,Haryana,Tier 1,Hybrid,0,1,Entry / Junior (0-2 yrs),1.9,3.8,2.85,2025-12-04,6,Indeed
JOB-101145,Associate Analyst - Data,Data Analyst,PhonePe,Fintech,Gurgaon,Haryana,Tier 1,On-Site,1,3,Mid-Level (3-5 yrs),,,,2025-09-23,9,LinkedIn
JOB-101146,Lead Data Analyst,Data Analyst,PwC,Consulting,Bengaluru,Karnataka,Tier 1,Hybrid,7,11,Lead / Principal (10+ yrs),11.4,19.8,15.6,2026-01-04,10,LinkedIn
JOB-101147,Cloud Data Engineer,Data Engineer,EY,Consulting,Mumbai,Maharashtra,Tier 1,Remote,2,5,Mid-Level (3-5 yrs),5.1,9.6,7.35,2025-10-03,9,LinkedIn
JOB-101148,Power BI Developer,BI Analyst,Infosys,IT Services,Bengaluru,Karnataka,Tier 1,On-Site,1,3,Mid-Level (3-5 yrs),,,,2026-01-27,13,LinkedIn
JOB-101149,ETL Developer,Data Engineer,McKinsey & Company,Strategy Consulting,Hyderabad,Telangana,Tier 1,On-Site,3,5,Mid-Level (3-5 yrs),10.9,20.5,15.7,2025-10-27,11,LinkedIn
JOB-101150,Associate Analyst - Data,Data Analyst,Flipkart,E-Commerce,Pune,Maharashtra,Tier 1,Hybrid,2,4,Mid-Level (3-5 yrs),4.4,8.4,6.4,2026-01-31,11,LinkedIn
JOB-101151,Python Data Programmer,Python Developer,HSBC,Banking,Bengaluru,Karnataka,Tier 1,Hybrid,3,6,Senior (6-9 yrs),7.6,14.4,11.0,2025-11-25,11,LinkedIn
JOB-101152,Cloud Data Engineer,Data Engineer,ICICI Bank,Banking,Hyderabad,Telangana,Tier 1,Hybrid,0,1,Entry / Junior (0-2 yrs),2.8,5.7,4.25,2026-01-10,11,LinkedIn
JOB-101153,Junior Python Engineer,Python Developer,Flipkart,E-Commerce,Bengaluru,Karnataka,Tier 1,On-Site,7,10,Lead / Principal (10+ yrs),,,,2025-10-04,11,Naukri.com
JOB-101154,Python Developer,Python Developer,Paytm,Fintech,Pune,Maharashtra,Tier 1,Hybrid,3,7,Senior (6-9 yrs),,,,2025-12-18,8,LinkedIn
JOB-101155,Associate Analyst - Data,Data Analyst,JPMorgan Chase,Banking / Finance,Hyderabad,Telangana,Tier 1,On-Site,7,11,Lead / Principal (10+ yrs),,,,2026-02-27,7,Naukri.com
JOB-101156,Business Intelligence Analyst,BI Analyst,PhonePe,Fintech,Hyderabad,Telangana,Tier 1,Hybrid,6,9,Senior (6-9 yrs),13.9,24.1,19.0,2026-01-01,10,LinkedIn
JOB-101157,PL/SQL Developer,SQL Developer,Zomato,Tech / Consumer,Bengaluru,Karnataka,Tier 1,Hybrid,5,9,Senior (6-9 yrs),6.7,12.5,9.6,2025-10-26,12,Indeed
JOB-101158,Senior Data Analyst,Data Analyst,Accenture,Consulting / IT,Bengaluru,Karnataka,Tier 1,Remote,3,6,Senior (6-9 yrs),6.1,11.5,8.8,2025-12-27,9,Naukri.com
JOB-101159,Senior T-SQL Developer,SQL Developer,Standard Chartered,Banking,Bengaluru,Karnataka,Tier 1,Remote,5,9,Senior (6-9 yrs),11.0,19.1,15.05,2025-11-21,9,LinkedIn
JOB-101160,Operations Analyst,Data Analyst,Capgemini,IT Services,Mumbai,Maharashtra,Tier 1,Hybrid,0,2,Entry / Junior (0-2 yrs),2.0,4.0,3.0,2025-10-07,9,Naukri.com
JOB-101161,Data Engineer,Data Engineer,KPMG,Consulting,Hyderabad,Telangana,Tier 1,On-Site,0,1,Entry / Junior (0-2 yrs),3.2,6.6,4.9,2025-09-20,9,Indeed
JOB-101162,Business Intelligence Analyst,BI Analyst,HCL Technologies,IT Services,Bengaluru,Karnataka,Tier 1,On-Site,6,9,Senior (6-9 yrs),9.4,16.3,12.85,2025-10-31,7,LinkedIn
JOB-101163,Lead Data Analyst,Data Analyst,Capgemini,IT Services,Pune,Maharashtra,Tier 1,On-Site,7,11,Lead / Principal (10+ yrs),9.3,16.1,12.7,2026-01-05,8,Naukri.com
JOB-101164,Data Analyst,Data Analyst,KPMG,Consulting,Pune,Maharashtra,Tier 1,On-Site,0,1,Entry / Junior (0-2 yrs),2.4,4.9,3.65,2026-02-26,9,LinkedIn
JOB-101165,Business Intelligence Analyst,BI Analyst,Meesho,E-Commerce,Hyderabad,Telangana,Tier 1,On-Site,6,10,Lead / Principal (10+ yrs),,,,2025-09-26,12,Naukri.com
JOB-101166,Junior Data Engineer,Data Engineer,Barclays,Banking,Bengaluru,Karnataka,Tier 1,Hybrid,6,10,Lead / Principal (10+ yrs),,,,2026-01-20,10,LinkedIn
JOB-101167,Business Intelligence Analyst,BI Analyst,Morgan Stanley,Banking / Finance,Hyderabad,Telangana,Tier 1,Remote,8,13,Lead / Principal (10+ yrs),23.3,40.8,32.05,2026-01-31,8,Naukri.com
JOB-101168,Python Data Programmer,Python Developer,Flipkart,E-Commerce,Hyderabad,Telangana,Tier 1,On-Site,5,7,Senior (6-9 yrs),8.6,16.2,12.4,2025-11-01,9,Company Careers Portal
JOB-101169,Analytics Engineer,Data Engineer,KPMG,Consulting,Bengaluru,Karnataka,Tier 1,Remote,2,4,Mid-Level (3-5 yrs),5.1,9.6,7.35,2026-02-26,11,Naukri.com
JOB-101170,Database Administrator & SQL Dev,SQL Developer,Google,Product / Tech,Noida,Uttar Pradesh,Tier 1,Hybrid,0,2,Entry / Junior (0-2 yrs),3.1,6.2,4.65,2025-12-31,11,Indeed
JOB-101171,Analytics Engineer,Data Engineer,Barclays,Banking,Pune,Maharashtra,Tier 1,On-Site,1,4,Mid-Level (3-5 yrs),,,,2025-10-25,9,LinkedIn
JOB-101172,PL/SQL Developer,SQL Developer,Capgemini,IT Services,Mumbai,Maharashtra,Tier 1,Hybrid,2,4,Mid-Level (3-5 yrs),3.0,5.8,4.4,2025-10-05,14,Company Careers Portal
JOB-101173,BI & Analytics Specialist,BI Analyst,Amazon,Product / Tech,Mumbai,Maharashtra,Tier 1,Hybrid,2,4,Mid-Level (3-5 yrs),5.1,9.7,7.4,2026-02-12,11,LinkedIn
JOB-101174,Python Backend & Analytics Engineer,Python Developer,Cognizant,IT Services,Hyderabad,Telangana,Tier 1,On-Site,2,4,Mid-Level (3-5 yrs),3.4,6.6,5.0,2025-12-19,9,Naukri.com
JOB-101175,Senior BI Consultant,BI Analyst,EY,Consulting,Pune,Maharashtra,Tier 1,Remote,10,14,Lead / Principal (10+ yrs),19.4,34.0,26.7,2025-10-27,11,Naukri.com
JOB-101176,Data Analyst,Data Analyst,Tiger Analytics,Pureplay Analytics,Bengaluru,Karnataka,Tier 1,Hybrid,9,13,Lead / Principal (10+ yrs),19.2,33.6,26.4,2025-11-23,8,LinkedIn
JOB-101177,Lead Data Analyst,Data Analyst,Zomato,Tech / Consumer,Gurgaon,Haryana,Tier 1,Remote,2,5,Mid-Level (3-5 yrs),4.0,7.6,5.8,2026-01-06,10,Naukri.com
JOB-101178,Junior Data Engineer,Data Engineer,HDFC Bank,Banking,Pune,Maharashtra,Tier 1,Hybrid,7,10,Lead / Principal (10+ yrs),13.8,23.9,18.85,2026-01-03,11,Naukri.com
JOB-101179,PL/SQL Developer,SQL Developer,HCL Technologies,IT Services,Hyderabad,Telangana,Tier 1,On-Site,5,9,Senior (6-9 yrs),8.5,14.8,11.65,2025-11-07,13,LinkedIn
JOB-101180,Cloud Data Engineer,Data Engineer,Microsoft,Product / Tech,Pune,Maharashtra,Tier 1,On-Site,2,4,Mid-Level (3-5 yrs),6.5,12.3,9.4,2026-02-20,10,Naukri.com
JOB-101181,PL/SQL Developer,SQL Developer,Swiggy,Tech / Consumer,Hyderabad,Telangana,Tier 1,On-Site,3,6,Senior (6-9 yrs),6.8,12.9,9.85,2025-10-25,9,LinkedIn
JOB-101182,Big Data Engineer,Data Engineer,Uber,Tech,Pune,Maharashtra,Tier 1,On-Site,1,3,Mid-Level (3-5 yrs),6.1,11.5,8.8,2025-09-08,10,Naukri.com
JOB-101183,Junior Python Engineer,Python Developer,Accenture,Consulting / IT,Mumbai,Maharashtra,Tier 1,Hybrid,0,2,Entry / Junior (0-2 yrs),2.6,5.4,4.0,2026-02-21,11,Indeed
JOB-101184,Junior Data Engineer,Data Engineer,LTIMindtree,IT Services,Bengaluru,Karnataka,Tier 1,On-Site,0,2,Entry / Junior (0-2 yrs),2.7,5.4,4.05,2025-10-13,10,LinkedIn
JOB-101185,Python Backend & Analytics Engineer,Python Developer,PwC,Consulting,Pune,Maharashtra,Tier 1,On-Site,5,9,Senior (6-9 yrs),7.4,14.0,10.7,2025-12-14,9,Naukri.com
JOB-101186,Lead Data Analyst,Data Analyst,Infosys,IT Services,Bengaluru,Karnataka,Tier 1,On-Site,0,1,Entry / Junior (0-2 yrs),,,,2026-01-04,12,Company Careers Portal
JOB-101187,Junior Python Engineer,Python Developer,Standard Chartered,Banking,Chennai,Tamil Nadu,Tier 1,Remote,0,2,Entry / Junior (0-2 yrs),2.8,5.6,4.2,2025-11-07,10,Indeed
JOB-101188,Data Engineer,Data Engineer,Wipro,IT Services,Pune,Maharashtra,Tier 1,Hybrid,1,3,Mid-Level (3-5 yrs),3.7,7.1,5.4,2025-09-22,13,LinkedIn
JOB-101189,Tableau Developer,BI Analyst,McKinsey & Company,Strategy Consulting,Bengaluru,Karnataka,Tier 1,Remote,2,4,Mid-Level (3-5 yrs),5.1,9.7,7.4,2026-01-22,14,Indeed
JOB-101190,Big Data Engineer,Data Engineer,Capgemini,IT Services,Hyderabad,Telangana,Tier 1,Hybrid,1,3,Mid-Level (3-5 yrs),,,,2025-11-18,10,LinkedIn
JOB-101191,Big Data Engineer,Data Engineer,Infosys,IT Services,Mumbai,Maharashtra,Tier 1,On-Site,7,11,Lead / Principal (10+ yrs),11.7,20.4,16.05,2025-10-23,8,LinkedIn
JOB-101192,Operations Analyst,Data Analyst,Cognizant,IT Services,Hyderabad,Telangana,Tier 1,Hybrid,3,7,Senior (6-9 yrs),,,,2025-09-19,11,LinkedIn
JOB-101193,Data Engineer,Data Engineer,HCL Technologies,IT Services,Hyderabad,Telangana,Tier 1,Hybrid,2,4,Mid-Level (3-5 yrs),3.9,7.4,5.65,2025-12-20,7,LinkedIn
JOB-101194,Operations Analyst,Data Analyst,McKinsey & Company,Strategy Consulting,Pune,Maharashtra,Tier 1,On-Site,0,1,Entry / Junior (0-2 yrs),3.0,6.2,4.6,2025-09-14,9,Naukri.com
JOB-101195,Big Data Engineer,Data Engineer,EY,Consulting,Noida,Uttar Pradesh,Tier 1,Hybrid,3,6,Senior (6-9 yrs),8.6,16.2,12.4,2026-01-17,7,Naukri.com
JOB-101196,BI Developer,BI Analyst,CRED,Fintech,Hyderabad,Telangana,Tier 1,Hybrid,1,4,Mid-Level (3-5 yrs),4.8,9.0,6.9,2025-11-05,12,LinkedIn
JOB-101197,Senior Data Engineer,Data Engineer,PwC,Consulting,Bengaluru,Karnataka,Tier 1,On-Site,1,4,Mid-Level (3-5 yrs),5.1,9.7,7.4,2025-11-04,8,LinkedIn
JOB-101198,Python Data Programmer,Python Developer,Paytm,Fintech,Hyderabad,Telangana,Tier 1,Remote,4,6,Senior (6-9 yrs),7.3,13.8,10.55,2026-02-12,12,Naukri.com
JOB-101199,Analytics Engineer,Data Engineer,PhonePe,Fintech,Pune,Maharashtra,Tier 1,On-Site,2,5,Mid-Level (3-5 yrs),5.8,11.0,8.4,2025-09-12,12,LinkedIn
JOB-101200,Lead Data Analyst,Data Analyst,Wipro,IT Services,Bengaluru,Karnataka,Tier 1,On-Site,4,8,Senior (6-9 yrs),4.7,8.8,6.75,2025-09-18,8,LinkedIn
JOB-101201,BI & Analytics Specialist,BI Analyst,KPMG,Consulting,Mumbai,Maharashtra,Tier 1,Hybrid,3,7,Senior (6-9 yrs),6.9,13.0,9.95,2026-01-23,9,LinkedIn
JOB-101202,Cloud Data Engineer,Data Engineer,Deloitte,Consulting,Bengaluru,Karnataka,Tier 1,On-Site,1,3,Mid-Level (3-5 yrs),5.3,10.0,7.65,2025-12-14,10,LinkedIn
JOB-101203,Senior BI Consultant,BI Analyst,Standard Chartered,Banking,Mumbai,Maharashtra,Tier 1,Hybrid,1,4,Mid-Level (3-5 yrs),4.1,7.7,5.9,2025-10-14,11,Naukri.com
JOB-101204,Operations Analyst,Data Analyst,Flipkart,E-Commerce,Gurgaon,Haryana,Tier 1,Hybrid,7,10,Lead / Principal (10+ yrs),13.2,22.9,18.05,2026-01-14,9,Naukri.com
JOB-101205,Database Developer (SQL),SQL Developer,PwC,Consulting,Hyderabad,Telangana,Tier 1,Hybrid,4,6,Senior (6-9 yrs),6.3,11.9,9.1,2026-01-24,10,Naukri.com
JOB-101206,Senior T-SQL Developer,SQL Developer,CRED,Fintech,Mumbai,Maharashtra,Tier 1,Hybrid,3,6,Senior (6-9 yrs),7.3,13.8,10.55,2025-12-09,8,LinkedIn
JOB-101207,Database Developer (SQL),SQL Developer,Standard Chartered,Banking,Bengaluru,Karnataka,Tier 1,On-Site,5,7,Senior (6-9 yrs),6.2,11.8,9.0,2025-10-20,13,Naukri.com
JOB-101208,Financial Data Analyst,Data Analyst,Deloitte,Consulting,Bengaluru,Karnataka,Tier 1,On-Site,6,10,Lead / Principal (10+ yrs),11.7,20.3,16.0,2026-01-05,10,Naukri.com
JOB-101209,Junior Data Analyst,Data Analyst,Goldman Sachs,Banking / Finance,Pune,Maharashtra,Tier 1,Hybrid,3,6,Senior (6-9 yrs),7.8,14.7,11.25,2025-10-02,11,LinkedIn
JOB-101210,BI & Analytics Specialist,BI Analyst,Wipro,IT Services,Noida,Uttar Pradesh,Tier 1,On-Site,3,5,Mid-Level (3-5 yrs),5.0,9.5,7.25,2025-10-20,11,Indeed
JOB-101211,Healthcare Data Analyst,Data Analyst,Mu Sigma,Pureplay Analytics,Mumbai,Maharashtra,Tier 1,Hybrid,4,7,Senior (6-9 yrs),5.5,10.4,7.95,2025-09-25,10,LinkedIn
JOB-101212,BI Developer,BI Analyst,Deloitte,Consulting,Mumbai,Maharashtra,Tier 1,Remote,4,6,Senior (6-9 yrs),7.2,13.5,10.35,2026-01-20,10,Naukri.com
JOB-101213,Financial Data Analyst,Data Analyst,HCL Technologies,IT Services,Bengaluru,Karnataka,Tier 1,Hybrid,2,5,Mid-Level (3-5 yrs),2.9,5.5,4.2,2025-09-27,8,Indeed
JOB-101214,Tableau Developer,BI Analyst,Flipkart,E-Commerce,Mumbai,Maharashtra,Tier 1,On-Site,3,7,Senior (6-9 yrs),8.1,15.2,11.65,2025-09-19,11,Indeed
JOB-101215,Junior Python Engineer,Python Developer,Accenture,Consulting / IT,Bengaluru,Karnataka,Tier 1,On-Site,7,11,Lead / Principal (10+ yrs),12.4,21.5,16.95,2025-10-07,8,Naukri.com
JOB-101216,Analytics Engineer,Data Engineer,HDFC Bank,Banking,Hyderabad,Telangana,Tier 1,On-Site,4,7,Senior (6-9 yrs),7.8,14.7,11.25,2025-09-24,9,LinkedIn
JOB-101217,ETL Developer,Data Engineer,Infosys,IT Services,Bengaluru,Karnataka,Tier 1,Hybrid,0,2,Entry / Junior (0-2 yrs),2.5,5.1,3.8,2026-02-23,11,Naukri.com
JOB-101218,Database Administrator & SQL Dev,SQL Developer,EY,Consulting,Hyderabad,Telangana,Tier 1,Hybrid,1,3,Mid-Level (3-5 yrs),3.7,7.0,5.35,2025-11-20,10,Indeed
JOB-101219,SQL Developer,SQL Developer,Barclays,Banking,Gurgaon,Haryana,Tier 1,On-Site,5,9,Senior (6-9 yrs),,,,2026-02-15,11,LinkedIn
JOB-101220,Business Intelligence Analyst,BI Analyst,Zomato,Tech / Consumer,Mumbai,Maharashtra,Tier 1,On-Site,3,5,Mid-Level (3-5 yrs),7.3,13.8,10.55,2025-10-23,9,Company Careers Portal
JOB-101221,Big Data Engineer,Data Engineer,JPMorgan Chase,Banking / Finance,Hyderabad,Telangana,Tier 1,Remote,4,6,Senior (6-9 yrs),10.1,19.0,14.55,2025-12-09,13,Company Careers Portal
JOB-101222,Marketing Data Analyst,Data Analyst,CRED,Fintech,Mumbai,Maharashtra,Tier 1,Hybrid,3,7,Senior (6-9 yrs),7.5,14.1,10.8,2026-01-06,8,LinkedIn
JOB-101223,Lead Data Analyst,Data Analyst,Microsoft,Product / Tech,Bengaluru,Karnataka,Tier 1,Remote,2,4,Mid-Level (3-5 yrs),4.8,9.1,6.95,2026-02-02,11,LinkedIn
JOB-101224,Business Intelligence Analyst,BI Analyst,Paytm,Fintech,Bengaluru,Karnataka,Tier 1,Hybrid,0,1,Entry / Junior (0-2 yrs),2.6,5.3,3.95,2025-11-04,10,Indeed
JOB-101225,PL/SQL Developer,SQL Developer,EY,Consulting,Bengaluru,Karnataka,Tier 1,Hybrid,4,6,Senior (6-9 yrs),,,,2025-10-20,8,Naukri.com
JOB-101226,Python Data Programmer,Python Developer,Fractal Analytics,Pureplay Analytics,Mumbai,Maharashtra,Tier 1,Hybrid,0,1,Entry / Junior (0-2 yrs),3.0,6.1,4.55,2026-02-22,8,Naukri.com
JOB-101227,Senior Python Developer,Python Developer,Capgemini,IT Services,Bengaluru,Karnataka,Tier 1,On-Site,5,7,Senior (6-9 yrs),6.1,11.4,8.75,2025-09-24,8,Indeed
JOB-101228,Power BI Developer,BI Analyst,Cognizant,IT Services,Mumbai,Maharashtra,Tier 1,Remote,7,10,Lead / Principal (10+ yrs),9.7,16.8,13.25,2025-11-10,10,Naukri.com
JOB-101229,Junior Data Engineer,Data Engineer,Cognizant,IT Services,Mumbai,Maharashtra,Tier 1,On-Site,4,7,Senior (6-9 yrs),6.9,13.0,9.95,2025-10-31,11,LinkedIn
JOB-101230,Python Developer,Python Developer,Capgemini,IT Services,Bengaluru,Karnataka,Tier 1,Remote,4,7,Senior (6-9 yrs),6.1,11.4,8.75,2026-01-09,11,LinkedIn
JOB-101231,Associate Analyst - Data,Data Analyst,Tata Consultancy Services,IT Services,Hyderabad,Telangana,Tier 1,On-Site,5,8,Senior (6-9 yrs),4.7,8.8,6.75,2025-09-22,9,Naukri.com
JOB-101232,Marketing Data Analyst,Data Analyst,Microsoft,Product / Tech,Hyderabad,Telangana,Tier 1,Hybrid,5,9,Senior (6-9 yrs),14.4,25.0,19.7,2026-01-11,11,LinkedIn
JOB-101233,Analytics Engineer,Data Engineer,JPMorgan Chase,Banking / Finance,Pune,Maharashtra,Tier 1,Hybrid,3,6,Senior (6-9 yrs),10.1,19.0,14.55,2025-09-22,9,Indeed
JOB-101234,Power BI Developer,BI Analyst,Deloitte,Consulting,Mumbai,Maharashtra,Tier 1,On-Site,2,5,Mid-Level (3-5 yrs),4.2,8.0,6.1,2025-09-24,11,LinkedIn
JOB-101235,BI Developer,BI Analyst,PhonePe,Fintech,Bengaluru,Karnataka,Tier 1,Hybrid,3,6,Senior (6-9 yrs),7.9,14.9,11.4,2025-11-19,12,LinkedIn
JOB-101236,Operations Analyst,Data Analyst,LTIMindtree,IT Services,Hyderabad,Telangana,Tier 1,Hybrid,5,7,Senior (6-9 yrs),5.3,9.9,7.6,2025-12-05,9,LinkedIn
JOB-101237,Database Administrator & SQL Dev,SQL Developer,PwC,Consulting,Hyderabad,Telangana,Tier 1,Remote,5,9,Senior (6-9 yrs),6.3,11.9,9.1,2025-12-27,11,Indeed
JOB-101238,Associate Analyst - Data,Data Analyst,Swiggy,Tech / Consumer,Bengaluru,Karnataka,Tier 1,On-Site,0,2,Entry / Junior (0-2 yrs),2.6,5.3,3.95,2026-01-03,10,Naukri.com
JOB-101239,BI Developer,BI Analyst,LTIMindtree,IT Services,Pune,Maharashtra,Tier 1,Hybrid,5,8,Senior (6-9 yrs),5.7,10.7,8.2,2025-09-12,10,LinkedIn
JOB-101240,Junior Data Analyst,Data Analyst,CRED,Fintech,Bengaluru,Karnataka,Tier 1,On-Site,2,4,Mid-Level (3-5 yrs),4.4,8.4,6.4,2025-11-25,11,LinkedIn
JOB-101241,Senior T-SQL Developer,SQL Developer,Cognizant,IT Services,Bengaluru,Karnataka,Tier 1,Hybrid,2,4,Mid-Level (3-5 yrs),,,,2026-02-01,11,Naukri.com
JOB-101242,Senior Python Developer,Python Developer,HDFC Bank,Banking,Bengaluru,Karnataka,Tier 1,Hybrid,5,9,Senior (6-9 yrs),,,,2026-01-04,13,LinkedIn
JOB-101243,BI Developer,BI Analyst,LTIMindtree,IT Services,Chennai,Tamil Nadu,Tier 1,Hybrid,3,7,Senior (6-9 yrs),5.7,10.7,8.2,2025-11-03,10,LinkedIn
JOB-101244,Marketing Data Analyst,Data Analyst,HDFC Bank,Banking,Bengaluru,Karnataka,Tier 1,Remote,2,4,Mid-Level (3-5 yrs),3.4,6.5,4.95,2025-10-07,9,LinkedIn
JOB-101245,Associate Analyst - Data,Data Analyst,Paytm,Fintech,Bengaluru,Karnataka,Tier 1,On-Site,5,9,Senior (6-9 yrs),11.2,19.5,15.35,2026-02-24,7,Naukri.com
JOB-101246,Senior BI Consultant,BI Analyst,Uber,Tech,Pune,Maharashtra,Tier 1,On-Site,4,7,Senior (6-9 yrs),8.3,15.6,11.95,2025-10-02,8,Indeed
JOB-101247,Analytics Engineer,Data Engineer,Meesho,E-Commerce,Bengaluru,Karnataka,Tier 1,On-Site,1,4,Mid-Level (3-5 yrs),,,,2026-01-27,10,Indeed
JOB-101248,Data Analyst,Data Analyst,Meesho,E-Commerce,Bengaluru,Karnataka,Tier 1,On-Site,0,1,Entry / Junior (0-2 yrs),2.6,5.2,3.9,2026-02-20,10,LinkedIn
JOB-101249,Python Data Programmer,Python Developer,Zomato,Tech / Consumer,Mumbai,Maharashtra,Tier 1,Hybrid,0,2,Entry / Junior (0-2 yrs),2.9,6.0,4.45,2025-11-08,9,Naukri.com
JOB-101250,Senior Data Engineer,Data Engineer,Tiger Analytics,Pureplay Analytics,Noida,Uttar Pradesh,Tier 1,On-Site,2,4,Mid-Level (3-5 yrs),5.4,10.3,7.85,2026-02-18,12,Naukri.com
JOB-101251,Junior Python Engineer,Python Developer,PhonePe,Fintech,Bengaluru,Karnataka,Tier 1,Hybrid,1,3,Mid-Level (3-5 yrs),4.9,9.4,7.15,2025-09-21,14,Naukri.com
JOB-101252,Cloud Data Engineer,Data Engineer,PhonePe,Fintech,Pune,Maharashtra,Tier 1,On-Site,5,9,Senior (6-9 yrs),9.9,18.6,14.25,2025-11-13,11,Indeed
JOB-101253,BI & Analytics Specialist,BI Analyst,Flipkart,E-Commerce,Hyderabad,Telangana,Tier 1,Remote,0,1,Entry / Junior (0-2 yrs),3.0,6.2,4.6,2025-12-28,13,LinkedIn
JOB-101254,Business Intelligence Analyst,BI Analyst,Standard Chartered,Banking,Hyderabad,Telangana,Tier 1,Remote,3,5,Mid-Level (3-5 yrs),6.9,13.0,9.95,2025-12-25,10,Indeed
JOB-101255,PL/SQL Developer,SQL Developer,Paytm,Fintech,Bengaluru,Karnataka,Tier 1,Hybrid,5,7,Senior (6-9 yrs),,,,2026-02-14,11,LinkedIn
JOB-101256,Healthcare Data Analyst,Data Analyst,Standard Chartered,Banking,Bengaluru,Karnataka,Tier 1,On-Site,5,8,Senior (6-9 yrs),6.4,12.0,9.2,2025-10-14,13,Indeed
JOB-101257,Reporting Analyst,BI Analyst,Morgan Stanley,Banking / Finance,Bengaluru,Karnataka,Tier 1,Hybrid,1,4,Mid-Level (3-5 yrs),4.9,9.2,7.05,2025-11-23,8,Naukri.com
JOB-101258,Senior Data Analyst,Data Analyst,Capgemini,IT Services,Gurgaon,Haryana,Tier 1,On-Site,6,10,Lead / Principal (10+ yrs),,,,2025-11-04,9,Naukri.com
JOB-101259,Financial Data Analyst,Data Analyst,ICICI Bank,Banking,Hyderabad,Telangana,Tier 1,On-Site,3,7,Senior (6-9 yrs),,,,2025-11-14,7,Naukri.com
JOB-101260,Analytics Engineer,Data Engineer,Swiggy,Tech / Consumer,Pune,Maharashtra,Tier 1,Hybrid,2,5,Mid-Level (3-5 yrs),5.5,10.5,8.0,2025-09-22,10,Naukri.com
JOB-101261,Senior Data Engineer,Data Engineer,Meesho,E-Commerce,Noida,Uttar Pradesh,Tier 1,On-Site,0,2,Entry / Junior (0-2 yrs),,,,2025-09-06,11,Indeed
JOB-101262,Python Data Programmer,Python Developer,Infosys,IT Services,Hyderabad,Telangana,Tier 1,On-Site,3,6,Senior (6-9 yrs),5.7,10.7,8.2,2026-02-23,11,Naukri.com
JOB-101263,Financial Data Analyst,Data Analyst,Swiggy,Tech / Consumer,Hyderabad,Telangana,Tier 1,Remote,4,8,Senior (6-9 yrs),7.0,13.1,10.05,2025-10-30,11,LinkedIn
JOB-101264,Senior Python Developer,Python Developer,LTIMindtree,IT Services,Pune,Maharashtra,Tier 1,On-Site,0,1,Entry / Junior (0-2 yrs),2.3,4.6,3.45,2026-02-01,10,Naukri.com
JOB-101265,Tableau Developer,BI Analyst,McKinsey & Company,Strategy Consulting,Chennai,Tamil Nadu,Tier 1,Hybrid,5,9,Senior (6-9 yrs),8.7,16.4,12.55,2025-09-22,14,Indeed
JOB-101266,Senior Data Engineer,Data Engineer,Goldman Sachs,Banking / Finance,Bengaluru,Karnataka,Tier 1,Hybrid,0,2,Entry / Junior (0-2 yrs),4.0,8.1,6.05,2026-01-23,7,Naukri.com
JOB-101267,Power BI Developer,BI Analyst,CRED,Fintech,Mumbai,Maharashtra,Tier 1,Hybrid,2,4,Mid-Level (3-5 yrs),4.8,9.0,6.9,2025-12-19,14,LinkedIn
JOB-101268,Junior Data Engineer,Data Engineer,HCL Technologies,IT Services,Bengaluru,Karnataka,Tier 1,Hybrid,1,4,Mid-Level (3-5 yrs),3.9,7.4,5.65,2026-01-27,8,Company Careers Portal
JOB-101269,Business Intelligence Analyst,BI Analyst,Tiger Analytics,Pureplay Analytics,Pune,Maharashtra,Tier 1,Remote,5,9,Senior (6-9 yrs),7.3,13.8,10.55,2026-02-02,11,Naukri.com
JOB-101270,Cloud Data Engineer,Data Engineer,Zomato,Tech / Consumer,Bengaluru,Karnataka,Tier 1,Hybrid,2,4,Mid-Level (3-5 yrs),5.4,10.3,7.85,2025-10-05,8,Indeed
JOB-101271,Tableau Developer,BI Analyst,PwC,Consulting,Pune,Maharashtra,Tier 1,On-Site,5,7,Senior (6-9 yrs),7.0,13.1,10.05,2026-01-11,13,Indeed
JOB-101272,Associate Analyst - Data,Data Analyst,HCL Technologies,IT Services,Bengaluru,Karnataka,Tier 1,Hybrid,4,8,Senior (6-9 yrs),4.9,9.3,7.1,2025-11-20,9,Naukri.com
JOB-101273,Operations Analyst,Data Analyst,Capgemini,IT Services,Gurgaon,Haryana,Tier 1,Hybrid,1,3,Mid-Level (3-5 yrs),3.1,5.9,4.5,2026-01-25,10,LinkedIn
JOB-101274,BI & Analytics Specialist,BI Analyst,PhonePe,Fintech,Mumbai,Maharashtra,Tier 1,On-Site,4,6,Senior (6-9 yrs),7.9,14.9,11.4,2026-02-01,10,LinkedIn
JOB-101275,Database Administrator & SQL Dev,SQL Developer,Zomato,Tech / Consumer,Bengaluru,Karnataka,Tier 1,Remote,7,10,Lead / Principal (10+ yrs),11.8,20.4,16.1,2025-10-17,7,LinkedIn
JOB-101276,Cloud Data Engineer,Data Engineer,McKinsey & Company,Strategy Consulting,Bengaluru,Karnataka,Tier 1,Hybrid,3,6,Senior (6-9 yrs),10.9,20.5,15.7,2025-10-25,7,LinkedIn
JOB-101277,Power BI Developer,BI Analyst,Fractal Analytics,Pureplay Analytics,Chennai,Tamil Nadu,Tier 1,Hybrid,2,4,Mid-Level (3-5 yrs),4.4,8.4,6.4,2025-11-07,9,LinkedIn
JOB-101278,Power BI Developer,BI Analyst,Goldman Sachs,Banking / Finance,Pune,Maharashtra,Tier 1,On-Site,5,8,Senior (6-9 yrs),14.9,25.8,20.35,2025-10-18,10,Naukri.com
JOB-101279,Senior T-SQL Developer,SQL Developer,Flipkart,E-Commerce,Bengaluru,Karnataka,Tier 1,On-Site,4,8,Senior (6-9 yrs),7.3,13.8,10.55,2025-10-09,8,Naukri.com
JOB-101280,Junior Data Analyst,Data Analyst,Swiggy,Tech / Consumer,Bengaluru,Karnataka,Tier 1,Hybrid,2,5,Mid-Level (3-5 yrs),4.1,7.8,5.95,2025-10-01,8,Naukri.com
JOB-101281,Junior Data Analyst,Data Analyst,Tata Consultancy Services,IT Services,Pune,Maharashtra,Tier 1,On-Site,1,3,Mid-Level (3-5 yrs),2.8,5.2,4.0,2025-12-17,10,LinkedIn
JOB-101282,Junior Data Engineer,Data Engineer,PwC,Consulting,Hyderabad,Telangana,Tier 1,Hybrid,5,8,Senior (6-9 yrs),15.4,26.7,21.05,2026-01-03,11,Indeed
JOB-101283,BI Developer,BI Analyst,PhonePe,Fintech,Pune,Maharashtra,Tier 1,On-Site,5,9,Senior (6-9 yrs),13.9,24.1,19.0,2025-09-25,13,LinkedIn
JOB-101284,Senior Python Developer,Python Developer,Meesho,E-Commerce,Pune,Maharashtra,Tier 1,Hybrid,4,7,Senior (6-9 yrs),7.8,14.7,11.25,2025-10-12,8,Indeed
JOB-101285,Senior T-SQL Developer,SQL Developer,HDFC Bank,Banking,Bengaluru,Karnataka,Tier 1,Hybrid,5,8,Senior (6-9 yrs),5.7,10.7,8.2,2025-09-08,11,Naukri.com
JOB-101286,ETL Developer,Data Engineer,Google,Product / Tech,Pune,Maharashtra,Tier 1,Hybrid,1,3,Mid-Level (3-5 yrs),6.6,12.6,9.6,2025-11-30,8,LinkedIn
JOB-101287,Senior Data Analyst,Data Analyst,Cognizant,IT Services,Bengaluru,Karnataka,Tier 1,On-Site,0,1,Entry / Junior (0-2 yrs),1.9,3.9,2.9,2025-11-23,11,LinkedIn
JOB-101288,Cloud Data Engineer,Data Engineer,Capgemini,IT Services,Remote,All India,Remote,Remote,4,6,Senior (6-9 yrs),7.1,13.4,10.25,2025-10-14,11,LinkedIn
JOB-101289,Senior T-SQL Developer,SQL Developer,HDFC Bank,Banking,Noida,Uttar Pradesh,Tier 1,On-Site,3,7,Senior (6-9 yrs),,,,2025-12-09,12,LinkedIn
JOB-101290,Senior Python Developer,Python Developer,Swiggy,Tech / Consumer,Bengaluru,Karnataka,Tier 1,Hybrid,4,7,Senior (6-9 yrs),8.0,15.1,11.55,2025-11-29,10,LinkedIn
JOB-101291,Senior Data Analyst,Data Analyst,EY,Consulting,Bengaluru,Karnataka,Tier 1,Hybrid,6,9,Senior (6-9 yrs),11.2,19.5,15.35,2025-12-19,9,Naukri.com
JOB-101292,Senior Data Analyst,Data Analyst,HSBC,Banking,Bengaluru,Karnataka,Tier 1,On-Site,0,2,Entry / Junior (0-2 yrs),2.5,5.1,3.8,2025-10-12,9,Indeed
JOB-101293,Marketing Data Analyst,Data Analyst,Tiger Analytics,Pureplay Analytics,Bengaluru,Karnataka,Tier 1,On-Site,2,4,Mid-Level (3-5 yrs),,,,2025-12-19,11,LinkedIn
JOB-101294,ETL Developer,Data Engineer,Deloitte,Consulting,Noida,Uttar Pradesh,Tier 1,Remote,3,7,Senior (6-9 yrs),,,,2025-12-10,6,LinkedIn
JOB-101295,ETL Developer,Data Engineer,KPMG,Consulting,Mumbai,Maharashtra,Tier 1,On-Site,1,4,Mid-Level (3-5 yrs),5.1,9.6,7.35,2026-02-22,8,LinkedIn
JOB-101296,Senior T-SQL Developer,SQL Developer,HCL Technologies,IT Services,Hyderabad,Telangana,Tier 1,Hybrid,4,8,Senior (6-9 yrs),4.8,9.1,6.95,2026-01-14,9,Naukri.com
JOB-101297,Tableau Developer,BI Analyst,PwC,Consulting,Pune,Maharashtra,Tier 1,Hybrid,7,10,Lead / Principal (10+ yrs),12.3,21.3,16.8,2025-12-02,10,Naukri.com
JOB-101298,Operations Analyst,Data Analyst,Cognizant,IT Services,Bengaluru,Karnataka,Tier 1,Hybrid,3,5,Mid-Level (3-5 yrs),,,,2025-09-25,13,LinkedIn
JOB-101299,Junior Python Engineer,Python Developer,KPMG,Consulting,Bengaluru,Karnataka,Tier 1,Hybrid,5,7,Senior (6-9 yrs),7.3,13.8,10.55,2025-10-10,11,LinkedIn
JOB-101300,BI Developer,BI Analyst,Paytm,Fintech,Bengaluru,Karnataka,Tier 1,Hybrid,1,4,Mid-Level (3-5 yrs),4.1,7.7,5.9,2025-09-11,13,Indeed
JOB-101301,Junior Data Analyst,Data Analyst,Flipkart,E-Commerce,Mumbai,Maharashtra,Tier 1,On-Site,6,10,Lead / Principal (10+ yrs),13.2,22.9,18.05,2025-12-18,10,Naukri.com
JOB-101302,Python Data Programmer,Python Developer,Uber,Tech,Bengaluru,Karnataka,Tier 1,On-Site,4,8,Senior (6-9 yrs),8.8,16.6,12.7,2025-12-21,10,Naukri.com
JOB-101303,Cloud Data Engineer,Data Engineer,CRED,Fintech,Hyderabad,Telangana,Tier 1,Hybrid,6,10,Lead / Principal (10+ yrs),17.8,30.9,24.35,2026-01-15,7,LinkedIn
JOB-101304,Junior Data Analyst,Data Analyst,PwC,Consulting,Bengaluru,Karnataka,Tier 1,Hybrid,1,3,Mid-Level (3-5 yrs),3.8,7.2,5.5,2025-12-13,9,Company Careers Portal
JOB-101305,Data Engineer,Data Engineer,Amazon,Product / Tech,Bengaluru,Karnataka,Tier 1,On-Site,1,4,Mid-Level (3-5 yrs),6.4,12.2,9.3,2025-09-21,10,Naukri.com
JOB-101306,Marketing Data Analyst,Data Analyst,Flipkart,E-Commerce,Pune,Maharashtra,Tier 1,Hybrid,2,4,Mid-Level (3-5 yrs),4.4,8.4,6.4,2025-11-05,10,Naukri.com
JOB-101307,Junior Python Engineer,Python Developer,Paytm,Fintech,Pune,Maharashtra,Tier 1,On-Site,2,4,Mid-Level (3-5 yrs),4.3,8.2,6.25,2025-11-25,9,Naukri.com
JOB-101308,Senior T-SQL Developer,SQL Developer,Cognizant,IT Services,Noida,Uttar Pradesh,Tier 1,Hybrid,1,3,Mid-Level (3-5 yrs),2.9,5.6,4.25,2025-10-12,11,Indeed
JOB-101309,Reporting Analyst,BI Analyst,Goldman Sachs,Banking / Finance,Bengaluru,Karnataka,Tier 1,On-Site,8,13,Lead / Principal (10+ yrs),23.8,41.7,32.75,2025-10-19,8,Indeed
JOB-101310,Analytics Engineer,Data Engineer,Infosys,IT Services,Hyderabad,Telangana,Tier 1,Hybrid,1,4,Mid-Level (3-5 yrs),3.9,7.4,5.65,2025-10-19,10,LinkedIn
JOB-101311,PL/SQL Developer,SQL Developer,CRED,Fintech,Hyderabad,Telangana,Tier 1,Hybrid,0,2,Entry / Junior (0-2 yrs),,,,2026-02-23,14,Naukri.com
JOB-101312,Database Developer (SQL),SQL Developer,Google,Product / Tech,Hyderabad,Telangana,Tier 1,Hybrid,6,9,Senior (6-9 yrs),14.4,25.0,19.7,2026-01-27,12,Naukri.com
JOB-101313,Senior BI Consultant,BI Analyst,Fractal Analytics,Pureplay Analytics,Pune,Maharashtra,Tier 1,On-Site,1,3,Mid-Level (3-5 yrs),4.4,8.4,6.4,2025-09-25,7,LinkedIn
JOB-101314,Healthcare Data Analyst,Data Analyst,McKinsey & Company,Strategy Consulting,Remote,All India,Remote,Remote,2,4,Mid-Level (3-5 yrs),4.8,9.0,6.9,2025-11-28,10,Naukri.com
JOB-101315,Database Developer (SQL),SQL Developer,Wipro,IT Services,Noida,Uttar Pradesh,Tier 1,Hybrid,3,5,Mid-Level (3-5 yrs),,,,2026-01-15,16,Naukri.com
JOB-101316,Marketing Data Analyst,Data Analyst,Tiger Analytics,Pureplay Analytics,Mumbai,Maharashtra,Tier 1,On-Site,2,4,Mid-Level (3-5 yrs),4.0,7.6,5.8,2025-12-20,7,Naukri.com
JOB-101317,Database Developer (SQL),SQL Developer,KPMG,Consulting,Mumbai,Maharashtra,Tier 1,On-Site,7,11,Lead / Principal (10+ yrs),11.0,19.1,15.05,2026-02-04,10,LinkedIn
JOB-101318,Senior Python Developer,Python Developer,Swiggy,Tech / Consumer,Gurgaon,Haryana,Tier 1,Hybrid,3,5,Mid-Level (3-5 yrs),,,,2026-02-16,12,Indeed
JOB-101319,Senior BI Consultant,BI Analyst,Flipkart,E-Commerce,Noida,Uttar Pradesh,Tier 1,Hybrid,8,12,Lead / Principal (10+ yrs),,,,2025-11-08,12,Naukri.com
JOB-101320,Database Administrator & SQL Dev,SQL Developer,Flipkart,E-Commerce,Noida,Uttar Pradesh,Tier 1,Hybrid,7,11,Lead / Principal (10+ yrs),12.9,22.4,17.65,2025-12-26,8,Indeed
JOB-101321,Tableau Developer,BI Analyst,HSBC,Banking,Bengaluru,Karnataka,Tier 1,On-Site,3,6,Senior (6-9 yrs),7.2,13.5,10.35,2026-01-11,14,LinkedIn
JOB-101322,PL/SQL Developer,SQL Developer,Capgemini,IT Services,Bengaluru,Karnataka,Tier 1,On-Site,5,7,Senior (6-9 yrs),5.2,9.7,7.45,2025-09-24,14,Naukri.com
JOB-101323,Business Intelligence Analyst,BI Analyst,HCL Technologies,IT Services,Bengaluru,Karnataka,Tier 1,On-Site,0,2,Entry / Junior (0-2 yrs),2.0,4.1,3.05,2025-10-25,10,LinkedIn
JOB-101324,Healthcare Data Analyst,Data Analyst,EY,Consulting,Hyderabad,Telangana,Tier 1,On-Site,2,4,Mid-Level (3-5 yrs),3.8,7.1,5.45,2026-02-21,12,Naukri.com
JOB-101325,Lead Data Analyst,Data Analyst,Uber,Tech,Pune,Maharashtra,Tier 1,Hybrid,0,1,Entry / Junior (0-2 yrs),2.9,5.9,4.4,2025-10-13,5,LinkedIn
JOB-101326,Senior Data Analyst,Data Analyst,Cognizant,IT Services,Bengaluru,Karnataka,Tier 1,On-Site,0,1,Entry / Junior (0-2 yrs),1.9,3.9,2.9,2026-02-04,13,Naukri.com
JOB-101327,SQL Developer,SQL Developer,Accenture,Consulting / IT,Hyderabad,Telangana,Tier 1,On-Site,1,3,Mid-Level (3-5 yrs),3.5,6.7,5.1,2025-11-07,13,Naukri.com
JOB-101328,Cloud Data Engineer,Data Engineer,Wipro,IT Services,Bengaluru,Karnataka,Tier 1,On-Site,0,2,Entry / Junior (0-2 yrs),2.4,4.8,3.6,2025-11-27,12,LinkedIn
JOB-101329,Business Intelligence Analyst,BI Analyst,McKinsey & Company,Strategy Consulting,Hyderabad,Telangana,Tier 1,Hybrid,3,7,Senior (6-9 yrs),8.7,16.4,12.55,2026-01-03,8,LinkedIn
JOB-101330,Tableau Developer,BI Analyst,CRED,Fintech,Bengaluru,Karnataka,Tier 1,On-Site,1,4,Mid-Level (3-5 yrs),4.8,9.0,6.9,2026-02-03,11,LinkedIn
JOB-101331,PL/SQL Developer,SQL Developer,Amazon,Product / Tech,Hyderabad,Telangana,Tier 1,Hybrid,2,5,Mid-Level (3-5 yrs),4.7,8.8,6.75,2026-02-23,10,Indeed
JOB-101332,Junior Data Analyst,Data Analyst,KPMG,Consulting,Bengaluru,Karnataka,Tier 1,On-Site,5,9,Senior (6-9 yrs),,,,2026-01-08,10,LinkedIn
JOB-101333,Database Developer (SQL),SQL Developer,Tiger Analytics,Pureplay Analytics,Mumbai,Maharashtra,Tier 1,On-Site,7,10,Lead / Principal (10+ yrs),11.8,20.4,16.1,2025-11-07,11,Indeed
JOB-101334,Python Data Programmer,Python Developer,PwC,Consulting,Chennai,Tamil Nadu,Tier 1,On-Site,5,7,Senior (6-9 yrs),7.4,14.0,10.7,2026-01-14,14,LinkedIn
JOB-101335,BI Developer,BI Analyst,Tiger Analytics,Pureplay Analytics,Noida,Uttar Pradesh,Tier 1,Hybrid,1,3,Mid-Level (3-5 yrs),,,,2026-02-04,9,Naukri.com
JOB-101336,Database Developer (SQL),SQL Developer,EY,Consulting,Mumbai,Maharashtra,Tier 1,On-Site,3,6,Senior (6-9 yrs),6.2,11.8,9.0,2026-01-29,11,LinkedIn
JOB-101337,SQL Developer,SQL Developer,KPMG,Consulting,Hyderabad,Telangana,Tier 1,On-Site,2,5,Mid-Level (3-5 yrs),3.7,7.0,5.35,2025-12-17,10,LinkedIn
JOB-101338,Operations Analyst,Data Analyst,Fractal Analytics,Pureplay Analytics,Chennai,Tamil Nadu,Tier 1,Hybrid,3,7,Senior (6-9 yrs),7.0,13.1,10.05,2025-10-30,11,Indeed
JOB-101339,ETL Developer,Data Engineer,Deloitte,Consulting,Gurgaon,Haryana,Tier 1,Remote,2,5,Mid-Level (3-5 yrs),5.3,10.0,7.65,2025-10-02,9,LinkedIn
JOB-101340,Data Engineer,Data Engineer,Swiggy,Tech / Consumer,Hyderabad,Telangana,Tier 1,On-Site,1,3,Mid-Level (3-5 yrs),,,,2025-12-24,12,Indeed
JOB-101341,BI Developer,BI Analyst,Deloitte,Consulting,Bengaluru,Karnataka,Tier 1,Hybrid,2,4,Mid-Level (3-5 yrs),4.2,8.0,6.1,2025-11-18,12,LinkedIn
JOB-101342,BI Developer,BI Analyst,Paytm,Fintech,Bengaluru,Karnataka,Tier 1,Hybrid,1,3,Mid-Level (3-5 yrs),4.1,7.7,5.9,2025-12-04,13,Naukri.com
JOB-101343,Lead Data Analyst,Data Analyst,Tata Consultancy Services,IT Services,Mumbai,Maharashtra,Tier 1,Hybrid,0,1,Entry / Junior (0-2 yrs),1.8,3.6,2.7,2026-01-02,10,LinkedIn
JOB-101344,Tableau Developer,BI Analyst,Tiger Analytics,Pureplay Analytics,Mumbai,Maharashtra,Tier 1,Hybrid,2,4,Mid-Level (3-5 yrs),4.3,8.2,6.25,2025-09-09,10,Naukri.com
JOB-101345,Junior Python Engineer,Python Developer,HDFC Bank,Banking,Hyderabad,Telangana,Tier 1,Remote,1,3,Mid-Level (3-5 yrs),3.9,7.4,5.65,2025-11-04,9,Indeed
JOB-101346,Senior Python Developer,Python Developer,PhonePe,Fintech,Hyderabad,Telangana,Tier 1,Hybrid,0,2,Entry / Junior (0-2 yrs),3.2,6.4,4.8,2025-10-04,8,LinkedIn
JOB-101347,Business Intelligence Analyst,BI Analyst,CRED,Fintech,Bengaluru,Karnataka,Tier 1,Hybrid,2,4,Mid-Level (3-5 yrs),4.8,9.0,6.9,2025-12-17,13,LinkedIn
JOB-101348,Senior Python Developer,Python Developer,Razorpay,Fintech,Bengaluru,Karnataka,Tier 1,On-Site,6,10,Lead / Principal (10+ yrs),14.7,25.4,20.05,2025-09-03,5,Indeed
JOB-101349,Database Administrator & SQL Dev,SQL Developer,Uber,Tech,Bengaluru,Karnataka,Tier 1,On-Site,4,8,Senior (6-9 yrs),7.5,14.1,10.8,2026-01-31,10,LinkedIn
JOB-101350,Associate Analyst - Data,Data Analyst,Razorpay,Fintech,Chennai,Tamil Nadu,Tier 1,On-Site,5,7,Senior (6-9 yrs),,,,2025-10-07,8,Indeed
JOB-101351,Associate Analyst - Data,Data Analyst,Morgan Stanley,Banking / Finance,Hyderabad,Telangana,Tier 1,On-Site,4,8,Senior (6-9 yrs),7.7,14.4,11.05,2025-10-30,8,Naukri.com
JOB-101352,Python Developer,Python Developer,Razorpay,Fintech,Pune,Maharashtra,Tier 1,On-Site,4,6,Senior (6-9 yrs),8.3,15.6,11.95,2025-09-18,7,LinkedIn
JOB-101353,Senior Data Analyst,Data Analyst,Zomato,Tech / Consumer,Bengaluru,Karnataka,Tier 1,Hybrid,0,1,Entry / Junior (0-2 yrs),,,,2026-02-08,10,Naukri.com
JOB-101354,Reporting Analyst,BI Analyst,Paytm,Fintech,Bengaluru,Karnataka,Tier 1,On-Site,1,3,Mid-Level (3-5 yrs),4.1,7.7,5.9,2025-10-06,8,LinkedIn
JOB-101355,Senior Python Developer,Python Developer,Swiggy,Tech / Consumer,Hyderabad,Telangana,Tier 1,On-Site,5,8,Senior (6-9 yrs),8.0,15.1,11.55,2025-12-06,12,LinkedIn
JOB-101356,Senior Python Developer,Python Developer,Flipkart,E-Commerce,Bengaluru,Karnataka,Tier 1,On-Site,1,3,Mid-Level (3-5 yrs),5.1,9.6,7.35,2026-01-08,10,Company Careers Portal
JOB-101357,BI Developer,BI Analyst,Capgemini,IT Services,Gurgaon,Haryana,Tier 1,On-Site,5,8,Senior (6-9 yrs),5.7,10.7,8.2,2025-11-21,10,LinkedIn
JOB-101358,Python Developer,Python Developer,Cognizant,IT Services,Bengaluru,Karnataka,Tier 1,On-Site,5,7,Senior (6-9 yrs),5.9,11.0,8.45,2025-11-19,10,Naukri.com
JOB-101359,Data Engineer,Data Engineer,Wipro,IT Services,Pune,Maharashtra,Tier 1,On-Site,2,4,Mid-Level (3-5 yrs),3.7,7.1,5.4,2025-10-14,9,LinkedIn
JOB-101360,Junior Python Engineer,Python Developer,HSBC,Banking,Chennai,Tamil Nadu,Tier 1,Remote,5,8,Senior (6-9 yrs),13.5,23.3,18.4,2025-11-24,12,LinkedIn
JOB-101361,Financial Data Analyst,Data Analyst,Standard Chartered,Banking,Noida,Uttar Pradesh,Tier 1,Hybrid,4,7,Senior (6-9 yrs),6.4,12.0,9.2,2025-10-21,13,LinkedIn
JOB-101362,Senior T-SQL Developer,SQL Developer,HCL Technologies,IT Services,Gurgaon,Haryana,Tier 1,Hybrid,3,7,Senior (6-9 yrs),4.8,9.1,6.95,2026-02-09,11,LinkedIn
JOB-101363,ETL Developer,Data Engineer,Infosys,IT Services,Chennai,Tamil Nadu,Tier 1,On-Site,6,10,Lead / Principal (10+ yrs),11.7,20.4,16.05,2026-02-05,9,Company Careers Portal
JOB-101364,Analytics Engineer,Data Engineer,Meesho,E-Commerce,Mumbai,Maharashtra,Tier 1,On-Site,5,9,Senior (6-9 yrs),9.2,17.3,13.25,2025-09-19,8,Indeed
JOB-101365,Senior BI Consultant,BI Analyst,Cognizant,IT Services,Pune,Maharashtra,Tier 1,Hybrid,2,5,Mid-Level (3-5 yrs),3.2,6.2,4.7,2026-02-13,9,Naukri.com
JOB-101366,PL/SQL Developer,SQL Developer,Capgemini,IT Services,Bengaluru,Karnataka,Tier 1,Hybrid,0,1,Entry / Junior (0-2 yrs),1.9,3.9,2.9,2026-02-02,9,LinkedIn
JOB-101367,Operations Analyst,Data Analyst,Standard Chartered,Banking,Pune,Maharashtra,Tier 1,Remote,1,3,Mid-Level (3-5 yrs),3.8,7.1,5.45,2026-02-20,7,Naukri.com
JOB-101368,SQL Developer,SQL Developer,Deloitte,Consulting,Bengaluru,Karnataka,Tier 1,Hybrid,9,14,Lead / Principal (10+ yrs),18.3,32.1,25.2,2025-12-06,9,Naukri.com
JOB-101369,Python Developer,Python Developer,Swiggy,Tech / Consumer,Mumbai,Maharashtra,Tier 1,Hybrid,5,9,Senior (6-9 yrs),8.0,15.1,11.55,2025-09-07,10,Company Careers Portal
JOB-101370,PL/SQL Developer,SQL Developer,PhonePe,Fintech,Bengaluru,Karnataka,Tier 1,Hybrid,7,11,Lead / Principal (10+ yrs),12.6,21.9,17.25,2025-09-30,11,LinkedIn
JOB-101371,Python Data Programmer,Python Developer,ICICI Bank,Banking,Mumbai,Maharashtra,Tier 1,Hybrid,3,7,Senior (6-9 yrs),6.4,12.0,9.2,2026-01-01,8,Naukri.com
JOB-101372,BI Developer,BI Analyst,Amazon,Product / Tech,Pune,Maharashtra,Tier 1,On-Site,5,9,Senior (6-9 yrs),8.7,16.4,12.55,2026-01-15,8,Naukri.com
JOB-101373,Power BI Developer,BI Analyst,Google,Product / Tech,Mumbai,Maharashtra,Tier 1,Hybrid,10,14,Lead / Principal (10+ yrs),25.4,44.5,34.95,2025-10-07,10,Naukri.com
JOB-101374,Senior Python Developer,Python Developer,Fractal Analytics,Pureplay Analytics,Noida,Uttar Pradesh,Tier 1,Hybrid,3,5,Mid-Level (3-5 yrs),8.0,15.1,11.55,2025-12-05,12,Naukri.com
JOB-101375,Python Backend & Analytics Engineer,Python Developer,Goldman Sachs,Banking / Finance,Noida,Uttar Pradesh,Tier 1,On-Site,0,1,Entry / Junior (0-2 yrs),3.4,6.9,5.15,2025-12-04,9,LinkedIn
JOB-101376,Marketing Data Analyst,Data Analyst,PhonePe,Fintech,Bengaluru,Karnataka,Tier 1,On-Site,5,9,Senior (6-9 yrs),12.9,22.4,17.65,2025-11-21,10,Indeed
JOB-101377,Big Data Engineer,Data Engineer,PhonePe,Fintech,Pune,Maharashtra,Tier 1,On-Site,0,2,Entry / Junior (0-2 yrs),3.7,7.5,5.6,2025-11-02,7,LinkedIn
JOB-101378,Reporting Analyst,BI Analyst,Morgan Stanley,Banking / Finance,Hyderabad,Telangana,Tier 1,On-Site,2,4,Mid-Level (3-5 yrs),4.9,9.2,7.05,2025-12-16,11,Company Careers Portal
JOB-101379,PL/SQL Developer,SQL Developer,CRED,Fintech,Bengaluru,Karnataka,Tier 1,On-Site,1,4,Mid-Level (3-5 yrs),,,,2026-02-21,11,LinkedIn
JOB-101380,Data Engineer,Data Engineer,Goldman Sachs,Banking / Finance,Chennai,Tamil Nadu,Tier 1,On-Site,0,2,Entry / Junior (0-2 yrs),4.0,8.1,6.05,2025-10-28,8,Indeed
JOB-101381,Marketing Data Analyst,Data Analyst,KPMG,Consulting,Pune,Maharashtra,Tier 1,On-Site,3,5,Mid-Level (3-5 yrs),6.4,12.0,9.2,2025-11-06,10,LinkedIn
JOB-101382,Analytics Engineer,Data Engineer,Infosys,IT Services,Bengaluru,Karnataka,Tier 1,Hybrid,5,8,Senior (6-9 yrs),11.7,20.4,16.05,2025-09-12,9,Naukri.com
JOB-101383,BI & Analytics Specialist,BI Analyst,EY,Consulting,Bengaluru,Karnataka,Tier 1,On-Site,7,11,Lead / Principal (10+ yrs),,,,2025-12-21,12,LinkedIn
JOB-101384,Python Backend & Analytics Engineer,Python Developer,Capgemini,IT Services,Pune,Maharashtra,Tier 1,On-Site,4,7,Senior (6-9 yrs),6.1,11.4,8.75,2025-10-15,11,Naukri.com
JOB-101385,Associate Analyst - Data,Data Analyst,HCL Technologies,IT Services,Chennai,Tamil Nadu,Tier 1,On-Site,10,15,Lead / Principal (10+ yrs),13.9,24.4,19.15,2025-11-21,9,Naukri.com
JOB-101386,Python Developer,Python Developer,PhonePe,Fintech,Bengaluru,Karnataka,Tier 1,On-Site,0,2,Entry / Junior (0-2 yrs),3.2,6.4,4.8,2025-12-19,9,LinkedIn
JOB-101387,Senior T-SQL Developer,SQL Developer,Goldman Sachs,Banking / Finance,Bengaluru,Karnataka,Tier 1,Hybrid,0,2,Entry / Junior (0-2 yrs),2.9,5.9,4.4,2025-11-01,10,LinkedIn
JOB-101388,BI & Analytics Specialist,BI Analyst,ICICI Bank,Banking,Hyderabad,Telangana,Tier 1,On-Site,1,3,Mid-Level (3-5 yrs),,,,2026-02-26,11,LinkedIn
JOB-101389,Senior Data Analyst,Data Analyst,McKinsey & Company,Strategy Consulting,Bengaluru,Karnataka,Tier 1,Hybrid,3,5,Mid-Level (3-5 yrs),8.1,15.2,11.65,2025-11-03,14,Indeed
JOB-101390,ETL Developer,Data Engineer,Uber,Tech,Chennai,Tamil Nadu,Tier 1,On-Site,3,5,Mid-Level (3-5 yrs),10.3,19.4,14.85,2025-09-24,9,LinkedIn
JOB-101391,Data Engineer,Data Engineer,Paytm,Fintech,Bengaluru,Karnataka,Tier 1,Hybrid,2,5,Mid-Level (3-5 yrs),,,,2025-11-26,7,LinkedIn
JOB-101392,ETL Developer,Data Engineer,Swiggy,Tech / Consumer,Bengaluru,Karnataka,Tier 1,On-Site,4,6,Senior (6-9 yrs),9.4,17.7,13.55,2025-11-15,11,LinkedIn
JOB-101393,Cloud Data Engineer,Data Engineer,HCL Technologies,IT Services,Hyderabad,Telangana,Tier 1,On-Site,2,4,Mid-Level (3-5 yrs),3.9,7.4,5.65,2025-09-12,12,Indeed
JOB-101394,BI Developer,BI Analyst,Capgemini,IT Services,Gurgaon,Haryana,Tier 1,On-Site,7,11,Lead / Principal (10+ yrs),10.0,17.4,13.7,2025-10-12,9,Naukri.com
JOB-101395,Data Engineer,Data Engineer,ICICI Bank,Banking,Bengaluru,Karnataka,Tier 1,On-Site,3,5,Mid-Level (3-5 yrs),,,,2025-09-02,12,LinkedIn
JOB-101396,SQL Developer,SQL Developer,Fractal Analytics,Pureplay Analytics,Hyderabad,Telangana,Tier 1,Hybrid,1,4,Mid-Level (3-5 yrs),4.0,7.6,5.8,2025-09-08,13,Naukri.com
JOB-101397,Data Analyst,Data Analyst,Capgemini,IT Services,Mumbai,Maharashtra,Tier 1,Hybrid,0,2,Entry / Junior (0-2 yrs),2.0,4.0,3.0,2025-10-01,11,Naukri.com
JOB-101398,Junior Data Analyst,Data Analyst,Tata Consultancy Services,IT Services,Chennai,Tamil Nadu,Tier 1,Hybrid,9,13,Lead / Principal (10+ yrs),13.2,23.1,18.15,2025-10-22,9,LinkedIn
JOB-101399,Power BI Developer,BI Analyst,ICICI Bank,Banking,Hyderabad,Telangana,Tier 1,On-Site,5,8,Senior (6-9 yrs),6.0,11.2,8.6,2025-12-18,9,Naukri.com
JOB-101400,BI Developer,BI Analyst,CRED,Fintech,Bengaluru,Karnataka,Tier 1,On-Site,7,11,Lead / Principal (10+ yrs),14.3,24.7,19.5,2026-01-23,11,LinkedIn
JOB-101401,Senior Data Engineer,Data Engineer,Flipkart,E-Commerce,Bengaluru,Karnataka,Tier 1,Hybrid,4,7,Senior (6-9 yrs),,,,2025-09-10,7,LinkedIn
JOB-101402,BI Developer,BI Analyst,HCL Technologies,IT Services,Pune,Maharashtra,Tier 1,On-Site,9,13,Lead / Principal (10+ yrs),,,,2025-12-26,6,Indeed
JOB-101403,Senior BI Consultant,BI Analyst,Microsoft,Product / Tech,Chennai,Tamil Nadu,Tier 1,Remote,4,7,Senior (6-9 yrs),,,,2025-09-22,14,LinkedIn
JOB-101404,Junior Data Analyst,Data Analyst,Zomato,Tech / Consumer,Bengaluru,Karnataka,Tier 1,On-Site,3,5,Mid-Level (3-5 yrs),6.8,12.8,9.8,2025-11-05,9,Naukri.com
JOB-101405,PL/SQL Developer,SQL Developer,Amazon,Product / Tech,Pune,Maharashtra,Tier 1,Remote,5,9,Senior (6-9 yrs),7.9,14.9,11.4,2025-10-08,12,LinkedIn
JOB-101406,Junior Data Analyst,Data Analyst,PwC,Consulting,Pune,Maharashtra,Tier 1,On-Site,3,6,Senior (6-9 yrs),6.5,12.2,9.35,2025-11-07,8,LinkedIn
JOB-101407,Database Developer (SQL),SQL Developer,HDFC Bank,Banking,Hyderabad,Telangana,Tier 1,On-Site,2,4,Mid-Level (3-5 yrs),3.3,6.3,4.8,2025-10-13,11,LinkedIn
JOB-101408,Healthcare Data Analyst,Data Analyst,Barclays,Banking,Remote,All India,Remote,Remote,2,4,Mid-Level (3-5 yrs),4.0,7.6,5.8,2025-09-10,7,LinkedIn
JOB-101409,Senior BI Consultant,BI Analyst,Cognizant,IT Services,Bengaluru,Karnataka,Tier 1,On-Site,4,7,Senior (6-9 yrs),,,,2025-09-29,10,LinkedIn
JOB-101410,Senior BI Consultant,BI Analyst,ICICI Bank,Banking,Gurgaon,Haryana,Tier 1,On-Site,0,1,Entry / Junior (0-2 yrs),,,,2025-09-30,10,LinkedIn
JOB-101411,Data Analyst,Data Analyst,Uber,Tech,Bengaluru,Karnataka,Tier 1,On-Site,2,5,Mid-Level (3-5 yrs),,,,2025-11-06,10,LinkedIn
JOB-101412,Financial Data Analyst,Data Analyst,LTIMindtree,IT Services,Hyderabad,Telangana,Tier 1,On-Site,0,1,Entry / Junior (0-2 yrs),,,,2026-01-08,9,Naukri.com
JOB-101413,Junior Python Engineer,Python Developer,Zomato,Tech / Consumer,Bengaluru,Karnataka,Tier 1,On-Site,7,11,Lead / Principal (10+ yrs),13.8,23.9,18.85,2025-10-17,9,LinkedIn
JOB-101414,Python Data Programmer,Python Developer,Tata Consultancy Services,IT Services,Noida,Uttar Pradesh,Tier 1,Hybrid,2,4,Mid-Level (3-5 yrs),3.2,6.0,4.6,2025-10-26,12,LinkedIn
JOB-101415,Reporting Analyst,BI Analyst,ICICI Bank,Banking,Bengaluru,Karnataka,Tier 1,On-Site,4,6,Senior (6-9 yrs),6.0,11.2,8.6,2026-01-05,11,Naukri.com
JOB-101416,Python Data Programmer,Python Developer,Zomato,Tech / Consumer,Chennai,Tamil Nadu,Tier 1,On-Site,0,2,Entry / Junior (0-2 yrs),,,,2025-12-02,13,Indeed
JOB-101417,Power BI Developer,BI Analyst,Tiger Analytics,Pureplay Analytics,Gurgaon,Haryana,Tier 1,Hybrid,4,6,Senior (6-9 yrs),7.3,13.8,10.55,2025-09-22,15,Indeed
JOB-101418,Junior Data Engineer,Data Engineer,Uber,Tech,Pune,Maharashtra,Tier 1,Hybrid,2,4,Mid-Level (3-5 yrs),6.1,11.5,8.8,2026-02-01,10,Naukri.com
JOB-101419,Senior Python Developer,Python Developer,Deloitte,Consulting,Bengaluru,Karnataka,Tier 1,On-Site,5,9,Senior (6-9 yrs),,,,2025-10-03,11,Naukri.com
JOB-101420,Healthcare Data Analyst,Data Analyst,PwC,Consulting,Bengaluru,Karnataka,Tier 1,On-Site,3,6,Senior (6-9 yrs),6.5,12.2,9.35,2025-11-26,12,Company Careers Portal
JOB-101421,Junior Data Analyst,Data Analyst,EY,Consulting,Bengaluru,Karnataka,Tier 1,Hybrid,2,4,Mid-Level (3-5 yrs),3.8,7.1,5.45,2026-02-10,10,Indeed
JOB-101422,Python Data Programmer,Python Developer,Paytm,Fintech,Bengaluru,Karnataka,Tier 1,On-Site,3,6,Senior (6-9 yrs),7.3,13.8,10.55,2026-02-06,9,LinkedIn
JOB-101423,Tableau Developer,BI Analyst,JPMorgan Chase,Banking / Finance,Bengaluru,Karnataka,Tier 1,Hybrid,5,7,Senior (6-9 yrs),8.1,15.2,11.65,2025-11-23,13,Naukri.com
JOB-101424,Database Developer (SQL),SQL Developer,Deloitte,Consulting,Bengaluru,Karnataka,Tier 1,On-Site,3,5,Mid-Level (3-5 yrs),6.5,12.2,9.35,2025-12-23,12,Naukri.com
JOB-101425,Financial Data Analyst,Data Analyst,Microsoft,Product / Tech,Hyderabad,Telangana,Tier 1,On-Site,5,9,Senior (6-9 yrs),8.2,15.4,11.8,2025-12-14,9,LinkedIn
JOB-101426,Junior Data Engineer,Data Engineer,Uber,Tech,Pune,Maharashtra,Tier 1,On-Site,5,8,Senior (6-9 yrs),18.2,31.6,24.9,2025-10-31,10,Naukri.com
JOB-101427,BI & Analytics Specialist,BI Analyst,Zomato,Tech / Consumer,Bengaluru,Karnataka,Tier 1,On-Site,4,8,Senior (6-9 yrs),7.3,13.8,10.55,2025-09-13,9,Indeed
JOB-101428,Senior Data Analyst,Data Analyst,JPMorgan Chase,Banking / Finance,Pune,Maharashtra,Tier 1,On-Site,4,7,Senior (6-9 yrs),7.5,14.1,10.8,2026-01-01,9,LinkedIn
JOB-101429,Lead Data Analyst,Data Analyst,Cognizant,IT Services,Bengaluru,Karnataka,Tier 1,On-Site,5,9,Senior (6-9 yrs),5.1,9.6,7.35,2025-09-25,9,LinkedIn
JOB-101430,Junior Data Engineer,Data Engineer,ICICI Bank,Banking,Mumbai,Maharashtra,Tier 1,Hybrid,1,4,Mid-Level (3-5 yrs),,,,2025-12-22,8,LinkedIn
JOB-101431,Lead Data Analyst,Data Analyst,EY,Consulting,Bengaluru,Karnataka,Tier 1,Hybrid,0,2,Entry / Junior (0-2 yrs),2.4,4.9,3.65,2025-10-02,10,Naukri.com
JOB-101432,Junior Data Engineer,Data Engineer,Fractal Analytics,Pureplay Analytics,Bengaluru,Karnataka,Tier 1,On-Site,5,8,Senior (6-9 yrs),,,,2026-02-19,8,Company Careers Portal
JOB-101433,BI & Analytics Specialist,BI Analyst,Amazon,Product / Tech,Bengaluru,Karnataka,Tier 1,Remote,3,7,Senior (6-9 yrs),8.7,16.4,12.55,2025-09-15,11,Indeed
JOB-101434,PL/SQL Developer,SQL Developer,Tata Consultancy Services,IT Services,Hyderabad,Telangana,Tier 1,On-Site,0,2,Entry / Junior (0-2 yrs),,,,2025-12-28,12,Indeed
JOB-101435,Senior T-SQL Developer,SQL Developer,Razorpay,Fintech,Bengaluru,Karnataka,Tier 1,Hybrid,4,7,Senior (6-9 yrs),,,,2025-11-29,11,Naukri.com
JOB-101436,Junior Data Engineer,Data Engineer,Razorpay,Fintech,Bengaluru,Karnataka,Tier 1,On-Site,5,7,Senior (6-9 yrs),,,,2025-10-23,10,Naukri.com
JOB-101437,Financial Data Analyst,Data Analyst,Tata Consultancy Services,IT Services,Hyderabad,Telangana,Tier 1,On-Site,3,7,Senior (6-9 yrs),4.7,8.8,6.75,2025-11-09,13,LinkedIn
JOB-101438,Python Data Programmer,Python Developer,Mu Sigma,Pureplay Analytics,Mumbai,Maharashtra,Tier 1,Remote,4,7,Senior (6-9 yrs),,,,2025-11-27,10,LinkedIn
JOB-101439,Data Engineer,Data Engineer,PwC,Consulting,Hyderabad,Telangana,Tier 1,On-Site,5,8,Senior (6-9 yrs),15.4,26.7,21.05,2025-09-25,8,LinkedIn
JOB-101440,Power BI Developer,BI Analyst,Meesho,E-Commerce,Pune,Maharashtra,Tier 1,On-Site,6,10,Lead / Principal (10+ yrs),,,,2026-02-10,11,Naukri.com
JOB-101441,Analytics Engineer,Data Engineer,Wipro,IT Services,Pune,Maharashtra,Tier 1,Remote,0,2,Entry / Junior (0-2 yrs),2.4,4.8,3.6,2026-01-07,9,LinkedIn
JOB-101442,SQL Developer,SQL Developer,Google,Product / Tech,Mumbai,Maharashtra,Tier 1,Hybrid,1,3,Mid-Level (3-5 yrs),,,,2025-11-12,10,Indeed
JOB-101443,Senior Data Engineer,Data Engineer,Cognizant,IT Services,Bengaluru,Karnataka,Tier 1,On-Site,7,10,Lead / Principal (10+ yrs),12.2,21.1,16.65,2025-09-19,13,LinkedIn
JOB-101444,Senior Data Engineer,Data Engineer,Fractal Analytics,Pureplay Analytics,Bengaluru,Karnataka,Tier 1,Hybrid,0,1,Entry / Junior (0-2 yrs),3.5,7.2,5.35,2025-09-10,10,LinkedIn
JOB-101445,Financial Data Analyst,Data Analyst,Amazon,Product / Tech,Chennai,Tamil Nadu,Tier 1,Remote,5,9,Senior (6-9 yrs),8.1,15.2,11.65,2026-02-16,11,Naukri.com
JOB-101446,BI & Analytics Specialist,BI Analyst,Accenture,Consulting / IT,Hyderabad,Telangana,Tier 1,Hybrid,5,8,Senior (6-9 yrs),11.7,20.2,15.95,2025-11-07,10,LinkedIn
JOB-101447,Junior Data Analyst,Data Analyst,Paytm,Fintech,Hyderabad,Telangana,Tier 1,On-Site,3,5,Mid-Level (3-5 yrs),6.4,12.0,9.2,2025-12-08,13,Indeed
JOB-101448,Business Intelligence Analyst,BI Analyst,Capgemini,IT Services,Hyderabad,Telangana,Tier 1,On-Site,0,1,Entry / Junior (0-2 yrs),2.1,4.4,3.25,2025-10-27,9,LinkedIn
JOB-101449,Operations Analyst,Data Analyst,Amazon,Product / Tech,Hyderabad,Telangana,Tier 1,Remote,2,4,Mid-Level (3-5 yrs),4.8,9.0,6.9,2025-11-12,8,Naukri.com
JOB-101450,Database Administrator & SQL Dev,SQL Developer,Microsoft,Product / Tech,Bengaluru,Karnataka,Tier 1,Hybrid,0,2,Entry / Junior (0-2 yrs),3.0,6.1,4.55,2026-02-15,8,LinkedIn
JOB-101451,Healthcare Data Analyst,Data Analyst,PwC,Consulting,Chennai,Tamil Nadu,Tier 1,Hybrid,3,6,Senior (6-9 yrs),,,,2026-02-04,9,LinkedIn
JOB-101452,Associate Analyst - Data,Data Analyst,Flipkart,E-Commerce,Mumbai,Maharashtra,Tier 1,On-Site,4,7,Senior (6-9 yrs),7.5,14.1,10.8,2026-01-26,8,Indeed
JOB-101453,Lead Data Analyst,Data Analyst,Paytm,Fintech,Gurgaon,Haryana,Tier 1,On-Site,0,2,Entry / Junior (0-2 yrs),2.4,4.9,3.65,2026-01-02,10,LinkedIn
JOB-101454,Senior Python Developer,Python Developer,Fractal Analytics,Pureplay Analytics,Bengaluru,Karnataka,Tier 1,Hybrid,5,9,Senior (6-9 yrs),14.1,24.5,19.3,2026-01-28,10,Naukri.com
JOB-101455,BI & Analytics Specialist,BI Analyst,Morgan Stanley,Banking / Finance,Chennai,Tamil Nadu,Tier 1,Hybrid,2,5,Mid-Level (3-5 yrs),4.9,9.2,7.05,2025-11-11,12,LinkedIn
JOB-101456,Python Developer,Python Developer,Google,Product / Tech,Hyderabad,Telangana,Tier 1,Hybrid,4,7,Senior (6-9 yrs),9.6,18.0,13.8,2026-01-27,11,LinkedIn
JOB-101457,Python Data Programmer,Python Developer,HSBC,Banking,Gurgaon,Haryana,Tier 1,On-Site,0,2,Entry / Junior (0-2 yrs),2.9,5.8,4.35,2025-09-04,10,LinkedIn
JOB-101458,Python Data Programmer,Python Developer,Goldman Sachs,Banking / Finance,Hyderabad,Telangana,Tier 1,Remote,0,1,Entry / Junior (0-2 yrs),,,,2025-12-30,11,Indeed
JOB-101459,Analytics Engineer,Data Engineer,ICICI Bank,Banking,Mumbai,Maharashtra,Tier 1,Hybrid,0,1,Entry / Junior (0-2 yrs),2.8,5.7,4.25,2025-10-07,10,Indeed
JOB-101460,Business Intelligence Analyst,BI Analyst,Zomato,Tech / Consumer,Hyderabad,Telangana,Tier 1,Hybrid,2,5,Mid-Level (3-5 yrs),4.3,8.2,6.25,2026-01-28,11,Indeed
JOB-101461,Python Developer,Python Developer,Deloitte,Consulting,Bengaluru,Karnataka,Tier 1,Hybrid,5,7,Senior (6-9 yrs),7.6,14.4,11.0,2026-02-06,12,Naukri.com
JOB-101462,Data Engineer,Data Engineer,Zomato,Tech / Consumer,Bengaluru,Karnataka,Tier 1,Hybrid,5,9,Senior (6-9 yrs),16.2,28.1,22.15,2025-12-02,9,Company Careers Portal
JOB-101463,Lead Data Analyst,Data Analyst,Meesho,E-Commerce,Bengaluru,Karnataka,Tier 1,On-Site,5,8,Senior (6-9 yrs),,,,2025-10-25,10,LinkedIn
JOB-101464,Marketing Data Analyst,Data Analyst,Standard Chartered,Banking,Bengaluru,Karnataka,Tier 1,On-Site,2,4,Mid-Level (3-5 yrs),3.8,7.1,5.45,2026-02-05,11,LinkedIn
JOB-101465,Junior Data Engineer,Data Engineer,Amazon,Product / Tech,Hyderabad,Telangana,Tier 1,Hybrid,2,4,Mid-Level (3-5 yrs),6.4,12.2,9.3,2026-02-14,11,LinkedIn
JOB-101466,BI & Analytics Specialist,BI Analyst,ICICI Bank,Banking,Bengaluru,Karnataka,Tier 1,Hybrid,3,5,Mid-Level (3-5 yrs),6.0,11.2,8.6,2026-01-13,7,LinkedIn
JOB-101467,Senior T-SQL Developer,SQL Developer,McKinsey & Company,Strategy Consulting,Bengaluru,Karnataka,Tier 1,On-Site,8,12,Lead / Principal (10+ yrs),22.3,39.1,30.7,2025-11-08,11,Naukri.com
JOB-101468,Junior Data Analyst,Data Analyst,Mu Sigma,Pureplay Analytics,Hyderabad,Telangana,Tier 1,Hybrid,2,4,Mid-Level (3-5 yrs),3.2,6.2,4.7,2025-12-06,12,Naukri.com
JOB-101469,Junior Data Engineer,Data Engineer,Amazon,Product / Tech,Chennai,Tamil Nadu,Tier 1,Hybrid,7,11,Lead / Principal (10+ yrs),,,,2025-11-29,9,Naukri.com
JOB-101470,Python Backend & Analytics Engineer,Python Developer,Fractal Analytics,Pureplay Analytics,Bengaluru,Karnataka,Tier 1,On-Site,1,4,Mid-Level (3-5 yrs),4.7,9.0,6.85,2025-10-04,10,LinkedIn
JOB-101471,Database Developer (SQL),SQL Developer,Barclays,Banking,Bengaluru,Karnataka,Tier 1,Remote,5,9,Senior (6-9 yrs),11.8,20.4,16.1,2025-12-17,12,Naukri.com
JOB-101472,Lead Data Analyst,Data Analyst,Fractal Analytics,Pureplay Analytics,Bengaluru,Karnataka,Tier 1,On-Site,1,3,Mid-Level (3-5 yrs),4.1,7.8,5.95,2025-10-01,11,LinkedIn
JOB-101473,Database Administrator & SQL Dev,SQL Developer,Tata Consultancy Services,IT Services,Hyderabad,Telangana,Tier 1,On-Site,4,6,Senior (6-9 yrs),4.6,8.6,6.6,2026-01-12,13,Naukri.com
JOB-101474,Financial Data Analyst,Data Analyst,HCL Technologies,IT Services,Chennai,Tamil Nadu,Tier 1,Hybrid,8,12,Lead / Principal (10+ yrs),13.9,24.4,19.15,2025-11-05,7,Naukri.com
JOB-101475,BI Developer,BI Analyst,Barclays,Banking,Bengaluru,Karnataka,Tier 1,Remote,2,4,Mid-Level (3-5 yrs),4.3,8.2,6.25,2025-09-14,9,LinkedIn
JOB-101476,Lead Data Analyst,Data Analyst,Deloitte,Consulting,Bengaluru,Karnataka,Tier 1,On-Site,7,11,Lead / Principal (10+ yrs),11.7,20.3,16.0,2025-10-06,10,LinkedIn
JOB-101477,Database Developer (SQL),SQL Developer,Flipkart,E-Commerce,Hyderabad,Telangana,Tier 1,Hybrid,5,8,Senior (6-9 yrs),7.3,13.8,10.55,2025-10-23,8,LinkedIn
JOB-101478,Big Data Engineer,Data Engineer,LTIMindtree,IT Services,Bengaluru,Karnataka,Tier 1,On-Site,5,7,Senior (6-9 yrs),7.1,13.4,10.25,2025-10-29,8,Naukri.com
JOB-101479,Cloud Data Engineer,Data Engineer,HSBC,Banking,Remote,All India,Remote,Remote,8,12,Lead / Principal (10+ yrs),25.3,44.2,34.75,2026-02-06,10,LinkedIn
JOB-101480,Big Data Engineer,Data Engineer,JPMorgan Chase,Banking / Finance,Bengaluru,Karnataka,Tier 1,Hybrid,5,8,Senior (6-9 yrs),,,,2025-11-20,11,LinkedIn
JOB-101481,ETL Developer,Data Engineer,LTIMindtree,IT Services,Bengaluru,Karnataka,Tier 1,Remote,5,9,Senior (6-9 yrs),12.6,21.8,17.2,2026-01-09,10,LinkedIn
JOB-101482,Cloud Data Engineer,Data Engineer,EY,Consulting,Bengaluru,Karnataka,Tier 1,Remote,2,4,Mid-Level (3-5 yrs),,,,2025-11-02,10,LinkedIn
JOB-101483,BI Developer,BI Analyst,PwC,Consulting,Chennai,Tamil Nadu,Tier 1,Hybrid,5,8,Senior (6-9 yrs),,,,2026-01-20,13,Naukri.com
JOB-101484,ETL Developer,Data Engineer,Morgan Stanley,Banking / Finance,Hyderabad,Telangana,Tier 1,Hybrid,0,2,Entry / Junior (0-2 yrs),3.9,7.9,5.9,2025-10-22,12,Naukri.com
JOB-101485,Data Analyst,Data Analyst,Uber,Tech,Hyderabad,Telangana,Tier 1,On-Site,5,9,Senior (6-9 yrs),7.7,14.4,11.05,2026-01-01,10,Naukri.com
JOB-101486,Lead Data Analyst,Data Analyst,Swiggy,Tech / Consumer,Pune,Maharashtra,Tier 1,On-Site,1,4,Mid-Level (3-5 yrs),4.1,7.8,5.95,2025-09-20,8,LinkedIn
JOB-101487,Cloud Data Engineer,Data Engineer,PwC,Consulting,Mumbai,Maharashtra,Tier 1,Remote,5,8,Senior (6-9 yrs),15.4,26.7,21.05,2025-11-26,9,LinkedIn
JOB-101488,BI Developer,BI Analyst,PwC,Consulting,Bengaluru,Karnataka,Tier 1,Remote,2,4,Mid-Level (3-5 yrs),4.1,7.8,5.95,2025-12-19,11,LinkedIn
JOB-101489,Associate Analyst - Data,Data Analyst,PwC,Consulting,Bengaluru,Karnataka,Tier 1,Hybrid,7,11,Lead / Principal (10+ yrs),,,,2025-09-16,7,LinkedIn
JOB-101490,SQL Developer,SQL Developer,PwC,Consulting,Bengaluru,Karnataka,Tier 1,On-Site,0,2,Entry / Junior (0-2 yrs),2.4,4.8,3.6,2025-10-19,12,Naukri.com
JOB-101491,Data Engineer,Data Engineer,PhonePe,Fintech,Noida,Uttar Pradesh,Tier 1,Hybrid,1,3,Mid-Level (3-5 yrs),5.8,11.0,8.4,2025-10-17,10,Naukri.com
JOB-101492,BI Developer,BI Analyst,Fractal Analytics,Pureplay Analytics,Hyderabad,Telangana,Tier 1,On-Site,4,6,Senior (6-9 yrs),7.5,14.2,10.85,2025-11-12,10,LinkedIn
JOB-101493,Python Backend & Analytics Engineer,Python Developer,JPMorgan Chase,Banking / Finance,Bengaluru,Karnataka,Tier 1,On-Site,1,4,Mid-Level (3-5 yrs),5.1,9.6,7.35,2026-01-25,11,Indeed
JOB-101494,Database Administrator & SQL Dev,SQL Developer,PwC,Consulting,Bengaluru,Karnataka,Tier 1,On-Site,4,8,Senior (6-9 yrs),6.3,11.9,9.1,2025-12-17,12,Naukri.com
JOB-101495,Financial Data Analyst,Data Analyst,Paytm,Fintech,Chennai,Tamil Nadu,Tier 1,On-Site,1,4,Mid-Level (3-5 yrs),3.8,7.1,5.45,2025-09-16,10,Company Careers Portal
JOB-101496,Senior BI Consultant,BI Analyst,McKinsey & Company,Strategy Consulting,Mumbai,Maharashtra,Tier 1,On-Site,2,4,Mid-Level (3-5 yrs),5.1,9.7,7.4,2025-10-05,9,Naukri.com
JOB-101497,Data Analyst,Data Analyst,HSBC,Banking,Hyderabad,Telangana,Tier 1,Hybrid,2,5,Mid-Level (3-5 yrs),3.9,7.4,5.65,2025-11-03,9,LinkedIn
JOB-101498,BI & Analytics Specialist,BI Analyst,Flipkart,E-Commerce,Bengaluru,Karnataka,Tier 1,On-Site,3,7,Senior (6-9 yrs),8.1,15.2,11.65,2025-12-03,10,Naukri.com
JOB-101499,Junior Data Engineer,Data Engineer,Tiger Analytics,Pureplay Analytics,Bengaluru,Karnataka,Tier 1,On-Site,2,5,Mid-Level (3-5 yrs),,,,2025-09-23,10,LinkedIn
JOB-101500,Senior Data Analyst,Data Analyst,ICICI Bank,Banking,Mumbai,Maharashtra,Tier 1,Hybrid,1,3,Mid-Level (3-5 yrs),3.2,6.2,4.7,2026-01-17,9,Naukri.com
JOB-101501,Cloud Data Engineer,Data Engineer,Swiggy,Tech / Consumer,Bengaluru,Karnataka,Tier 1,On-Site,3,6,Senior (6-9 yrs),9.4,17.7,13.55,2025-11-13,9,Company Careers Portal
JOB-101502,ETL Developer,Data Engineer,Google,Product / Tech,Bengaluru,Karnataka,Tier 1,Hybrid,4,6,Senior (6-9 yrs),11.2,21.2,16.2,2026-02-09,7,LinkedIn
JOB-101503,Analytics Engineer,Data Engineer,Paytm,Fintech,Pune,Maharashtra,Tier 1,Hybrid,1,4,Mid-Level (3-5 yrs),5.1,9.6,7.35,2025-11-18,7,Naukri.com
JOB-101504,Financial Data Analyst,Data Analyst,PwC,Consulting,Bengaluru,Karnataka,Tier 1,On-Site,5,9,Senior (6-9 yrs),,,,2026-01-04,12,Naukri.com
JOB-101505,BI Developer,BI Analyst,Wipro,IT Services,Bengaluru,Karnataka,Tier 1,On-Site,7,10,Lead / Principal (10+ yrs),8.9,15.4,12.15,2026-01-01,9,Indeed
JOB-101506,Marketing Data Analyst,Data Analyst,HDFC Bank,Banking,Pune,Maharashtra,Tier 1,Remote,0,1,Entry / Junior (0-2 yrs),2.2,4.4,3.3,2025-10-29,7,Naukri.com
JOB-101507,Power BI Developer,BI Analyst,Paytm,Fintech,Pune,Maharashtra,Tier 1,Hybrid,3,6,Senior (6-9 yrs),6.9,13.0,9.95,2025-10-19,11,Naukri.com
JOB-101508,Lead Data Analyst,Data Analyst,Zomato,Tech / Consumer,Gurgaon,Haryana,Tier 1,On-Site,3,6,Senior (6-9 yrs),6.8,12.8,9.8,2026-02-16,10,Naukri.com
JOB-101509,Tableau Developer,BI Analyst,Capgemini,IT Services,Pune,Maharashtra,Tier 1,Hybrid,1,4,Mid-Level (3-5 yrs),3.3,6.4,4.85,2026-01-23,13,LinkedIn
JOB-101510,Business Intelligence Analyst,BI Analyst,Microsoft,Product / Tech,Pune,Maharashtra,Tier 1,Hybrid,4,8,Senior (6-9 yrs),8.8,16.6,12.7,2025-09-22,11,Indeed
JOB-101511,Senior T-SQL Developer,SQL Developer,Infosys,IT Services,Remote,All India,Remote,Remote,0,1,Entry / Junior (0-2 yrs),1.8,3.7,2.75,2025-10-05,12,LinkedIn
JOB-101512,Business Intelligence Analyst,BI Analyst,Paytm,Fintech,Bengaluru,Karnataka,Tier 1,On-Site,1,3,Mid-Level (3-5 yrs),4.1,7.7,5.9,2026-02-02,9,LinkedIn
JOB-101513,Data Analyst,Data Analyst,CRED,Fintech,Gurgaon,Haryana,Tier 1,On-Site,2,5,Mid-Level (3-5 yrs),4.4,8.4,6.4,2025-09-11,11,LinkedIn
JOB-101514,Junior Python Engineer,Python Developer,Fractal Analytics,Pureplay Analytics,Bengaluru,Karnataka,Tier 1,Remote,5,8,Senior (6-9 yrs),14.1,24.5,19.3,2025-09-13,8,Naukri.com
JOB-101515,Junior Data Analyst,Data Analyst,Google,Product / Tech,Pune,Maharashtra,Tier 1,Hybrid,0,1,Entry / Junior (0-2 yrs),3.1,6.4,4.75,2026-02-18,7,Naukri.com
JOB-101516,Data Engineer,Data Engineer,JPMorgan Chase,Banking / Finance,Bengaluru,Karnataka,Tier 1,On-Site,1,4,Mid-Level (3-5 yrs),5.9,11.3,8.6,2026-02-15,10,LinkedIn
JOB-101517,Senior Python Developer,Python Developer,CRED,Fintech,Bengaluru,Karnataka,Tier 1,Hybrid,4,6,Senior (6-9 yrs),,,,2026-02-04,9,LinkedIn
JOB-101518,Junior Python Engineer,Python Developer,Zomato,Tech / Consumer,Hyderabad,Telangana,Tier 1,On-Site,0,2,Entry / Junior (0-2 yrs),2.9,6.0,4.45,2025-10-22,9,Naukri.com
JOB-101519,Power BI Developer,BI Analyst,Tiger Analytics,Pureplay Analytics,Bengaluru,Karnataka,Tier 1,On-Site,3,5,Mid-Level (3-5 yrs),7.3,13.8,10.55,2025-10-06,12,Indeed
JOB-101520,Senior Python Developer,Python Developer,Google,Product / Tech,Bengaluru,Karnataka,Tier 1,Hybrid,5,7,Senior (6-9 yrs),9.6,18.0,13.8,2025-10-07,10,LinkedIn
JOB-101521,Associate Analyst - Data,Data Analyst,Fractal Analytics,Pureplay Analytics,Mumbai,Maharashtra,Tier 1,Hybrid,0,2,Entry / Junior (0-2 yrs),2.6,5.3,3.95,2025-10-17,11,Company Careers Portal
JOB-101522,Python Data Programmer,Python Developer,Mu Sigma,Pureplay Analytics,Hyderabad,Telangana,Tier 1,Hybrid,4,6,Senior (6-9 yrs),6.4,12.0,9.2,2025-09-21,13,Naukri.com
JOB-101523,Power BI Developer,BI Analyst,Google,Product / Tech,Hyderabad,Telangana,Tier 1,Hybrid,0,1,Entry / Junior (0-2 yrs),3.4,6.9,5.15,2026-01-15,10,Naukri.com
JOB-101524,Data Engineer,Data Engineer,Tiger Analytics,Pureplay Analytics,Bengaluru,Karnataka,Tier 1,On-Site,3,6,Senior (6-9 yrs),,,,2025-09-22,10,Naukri.com
JOB-101525,Big Data Engineer,Data Engineer,Deloitte,Consulting,Bengaluru,Karnataka,Tier 1,On-Site,5,8,Senior (6-9 yrs),9.0,16.8,12.9,2025-09-13,10,LinkedIn
JOB-101526,BI Developer,BI Analyst,Flipkart,E-Commerce,Chennai,Tamil Nadu,Tier 1,On-Site,3,6,Senior (6-9 yrs),8.1,15.2,11.65,2025-10-14,10,Naukri.com
JOB-101527,Junior Data Analyst,Data Analyst,HSBC,Banking,Chennai,Tamil Nadu,Tier 1,Hybrid,1,3,Mid-Level (3-5 yrs),3.9,7.4,5.65,2025-12-10,12,LinkedIn
JOB-101528,Data Engineer,Data Engineer,ICICI Bank,Banking,Bengaluru,Karnataka,Tier 1,Remote,1,3,Mid-Level (3-5 yrs),4.4,8.3,6.35,2025-09-12,8,Company Careers Portal
JOB-101529,Junior Data Engineer,Data Engineer,McKinsey & Company,Strategy Consulting,Pune,Maharashtra,Tier 1,Hybrid,1,4,Mid-Level (3-5 yrs),6.4,12.2,9.3,2026-01-26,9,LinkedIn
JOB-101530,BI Developer,BI Analyst,HDFC Bank,Banking,Bengaluru,Karnataka,Tier 1,On-Site,5,8,Senior (6-9 yrs),11.0,19.1,15.05,2025-09-11,9,Indeed
JOB-101531,SQL Developer,SQL Developer,Razorpay,Fintech,Hyderabad,Telangana,Tier 1,Hybrid,5,8,Senior (6-9 yrs),12.5,21.7,17.1,2026-01-02,10,LinkedIn
JOB-101532,Lead Data Analyst,Data Analyst,HSBC,Banking,Mumbai,Maharashtra,Tier 1,Hybrid,4,7,Senior (6-9 yrs),6.6,12.5,9.55,2025-10-27,9,Company Careers Portal
JOB-101533,Business Intelligence Analyst,BI Analyst,Microsoft,Product / Tech,Pune,Maharashtra,Tier 1,Hybrid,8,13,Lead / Principal (10+ yrs),24.9,43.5,34.2,2025-11-03,11,Indeed
JOB-101534,Tableau Developer,BI Analyst,ICICI Bank,Banking,Bengaluru,Karnataka,Tier 1,On-Site,3,7,Senior (6-9 yrs),6.0,11.2,8.6,2026-01-18,9,Naukri.com
JOB-101535,Python Backend & Analytics Engineer,Python Developer,KPMG,Consulting,Bengaluru,Karnataka,Tier 1,On-Site,1,3,Mid-Level (3-5 yrs),4.3,8.2,6.25,2025-09-05,9,LinkedIn
JOB-101536,Junior Python Engineer,Python Developer,Fractal Analytics,Pureplay Analytics,Gurgaon,Haryana,Tier 1,Hybrid,6,9,Senior (6-9 yrs),,,,2026-01-01,11,LinkedIn
JOB-101537,Python Data Programmer,Python Developer,Tata Consultancy Services,IT Services,Pune,Maharashtra,Tier 1,Hybrid,5,7,Senior (6-9 yrs),5.4,10.1,7.75,2025-09-08,11,LinkedIn
JOB-101538,Healthcare Data Analyst,Data Analyst,Wipro,IT Services,Bengaluru,Karnataka,Tier 1,Remote,0,2,Entry / Junior (0-2 yrs),1.8,3.6,2.7,2025-10-10,11,Naukri.com
JOB-101539,Data Analyst,Data Analyst,Meesho,E-Commerce,Hyderabad,Telangana,Tier 1,On-Site,2,4,Mid-Level (3-5 yrs),4.0,7.6,5.8,2025-11-06,11,LinkedIn
JOB-101540,BI & Analytics Specialist,BI Analyst,Uber,Tech,Bengaluru,Karnataka,Tier 1,Hybrid,3,7,Senior (6-9 yrs),8.3,15.6,11.95,2025-12-28,8,Company Careers Portal
JOB-101541,Financial Data Analyst,Data Analyst,HCL Technologies,IT Services,Hyderabad,Telangana,Tier 1,Hybrid,5,9,Senior (6-9 yrs),4.9,9.3,7.1,2026-01-12,10,Naukri.com
JOB-101542,Database Administrator & SQL Dev,SQL Developer,JPMorgan Chase,Banking / Finance,Pune,Maharashtra,Tier 1,On-Site,0,1,Entry / Junior (0-2 yrs),2.8,5.6,4.2,2025-09-08,10,LinkedIn
JOB-101543,Junior Python Engineer,Python Developer,Zomato,Tech / Consumer,Gurgaon,Haryana,Tier 1,On-Site,2,4,Mid-Level (3-5 yrs),4.6,8.7,6.65,2026-01-22,9,LinkedIn
JOB-101544,Senior BI Consultant,BI Analyst,Swiggy,Tech / Consumer,Bengaluru,Karnataka,Tier 1,Hybrid,4,6,Senior (6-9 yrs),7.5,14.2,10.85,2026-01-23,11,Naukri.com
JOB-101545,Junior Data Engineer,Data Engineer,Zomato,Tech / Consumer,Bengaluru,Karnataka,Tier 1,Hybrid,0,1,Entry / Junior (0-2 yrs),,,,2025-11-12,8,Naukri.com
JOB-101546,Python Backend & Analytics Engineer,Python Developer,Amazon,Product / Tech,Pune,Maharashtra,Tier 1,Hybrid,0,1,Entry / Junior (0-2 yrs),3.5,7.1,5.3,2026-02-18,8,LinkedIn
JOB-101547,Senior Data Engineer,Data Engineer,Amazon,Product / Tech,Hyderabad,Telangana,Tier 1,Hybrid,1,3,Mid-Level (3-5 yrs),6.4,12.2,9.3,2025-11-02,10,LinkedIn
JOB-101548,Python Backend & Analytics Engineer,Python Developer,Flipkart,E-Commerce,Hyderabad,Telangana,Tier 1,On-Site,2,4,Mid-Level (3-5 yrs),5.1,9.6,7.35,2025-09-10,10,Indeed
JOB-101549,Business Intelligence Analyst,BI Analyst,CRED,Fintech,Bengaluru,Karnataka,Tier 1,Hybrid,3,6,Senior (6-9 yrs),8.1,15.2,11.65,2026-01-17,8,Naukri.com
JOB-101550,Tableau Developer,BI Analyst,Goldman Sachs,Banking / Finance,Pune,Maharashtra,Tier 1,On-Site,0,1,Entry / Junior (0-2 yrs),,,,2025-11-04,14,LinkedIn
JOB-101551,Associate Analyst - Data,Data Analyst,Paytm,Fintech,Hyderabad,Telangana,Tier 1,Hybrid,5,8,Senior (6-9 yrs),11.2,19.5,15.35,2025-09-17,10,LinkedIn
JOB-101552,Python Backend & Analytics Engineer,Python Developer,Zomato,Tech / Consumer,Hyderabad,Telangana,Tier 1,Hybrid,2,5,Mid-Level (3-5 yrs),,,,2025-10-22,11,Naukri.com
JOB-101553,Senior T-SQL Developer,SQL Developer,Uber,Tech,Bengaluru,Karnataka,Tier 1,Remote,2,4,Mid-Level (3-5 yrs),4.4,8.4,6.4,2026-02-23,10,LinkedIn
JOB-101554,Python Data Programmer,Python Developer,McKinsey & Company,Strategy Consulting,Bengaluru,Karnataka,Tier 1,Remote,3,5,Mid-Level (3-5 yrs),9.3,17.5,13.4,2025-09-15,9,LinkedIn
JOB-101555,Analytics Engineer,Data Engineer,Swiggy,Tech / Consumer,Noida,Uttar Pradesh,Tier 1,Hybrid,2,4,Mid-Level (3-5 yrs),5.5,10.5,8.0,2026-02-17,11,Naukri.com
JOB-101556,Analytics Engineer,Data Engineer,EY,Consulting,Bengaluru,Karnataka,Tier 1,Hybrid,4,6,Senior (6-9 yrs),8.6,16.2,12.4,2026-01-08,10,Indeed
JOB-101557,Senior BI Consultant,BI Analyst,Capgemini,IT Services,Bengaluru,Karnataka,Tier 1,On-Site,2,5,Mid-Level (3-5 yrs),3.3,6.4,4.85,2025-11-18,10,LinkedIn
JOB-101558,Business Intelligence Analyst,BI Analyst,HDFC Bank,Banking,Pune,Maharashtra,Tier 1,Remote,2,4,Mid-Level (3-5 yrs),3.7,7.0,5.35,2025-10-06,12,LinkedIn
JOB-101559,Junior Data Analyst,Data Analyst,Tata Consultancy Services,IT Services,Bengaluru,Karnataka,Tier 1,On-Site,4,6,Senior (6-9 yrs),4.7,8.8,6.75,2025-11-21,9,Indeed
JOB-101560,Senior Data Analyst,Data Analyst,LTIMindtree,IT Services,Mumbai,Maharashtra,Tier 1,Hybrid,3,7,Senior (6-9 yrs),5.3,9.9,7.6,2026-01-10,9,Naukri.com
JOB-101561,Associate Analyst - Data,Data Analyst,Wipro,IT Services,Noida,Uttar Pradesh,Tier 1,On-Site,0,1,Entry / Junior (0-2 yrs),1.8,3.6,2.7,2025-10-21,8,LinkedIn
JOB-101562,Python Backend & Analytics Engineer,Python Developer,CRED,Fintech,Chennai,Tamil Nadu,Tier 1,Hybrid,0,1,Entry / Junior (0-2 yrs),3.2,6.6,4.9,2025-10-08,7,LinkedIn
JOB-101563,ETL Developer,Data Engineer,Tiger Analytics,Pureplay Analytics,Pune,Maharashtra,Tier 1,Hybrid,0,1,Entry / Junior (0-2 yrs),3.5,7.0,5.25,2026-01-04,11,LinkedIn
JOB-101564,Cloud Data Engineer,Data Engineer,Accenture,Consulting / IT,Bengaluru,Karnataka,Tier 1,Hybrid,2,5,Mid-Level (3-5 yrs),,,,2025-10-02,10,Indeed
JOB-101565,Senior Data Analyst,Data Analyst,ICICI Bank,Banking,Chennai,Tamil Nadu,Tier 1,Hybrid,1,3,Mid-Level (3-5 yrs),,,,2025-11-21,11,Indeed
JOB-101566,BI Developer,BI Analyst,PhonePe,Fintech,Hyderabad,Telangana,Tier 1,Remote,6,9,Senior (6-9 yrs),13.9,24.1,19.0,2025-11-08,8,Indeed
JOB-101567,Analytics Engineer,Data Engineer,Deloitte,Consulting,Hyderabad,Telangana,Tier 1,On-Site,1,3,Mid-Level (3-5 yrs),5.3,10.0,7.65,2026-02-01,12,LinkedIn
JOB-101568,Senior T-SQL Developer,SQL Developer,Fractal Analytics,Pureplay Analytics,Bengaluru,Karnataka,Tier 1,Hybrid,0,2,Entry / Junior (0-2 yrs),,,,2026-01-17,10,Naukri.com
JOB-101569,SQL Developer,SQL Developer,Microsoft,Product / Tech,Hyderabad,Telangana,Tier 1,Hybrid,4,6,Senior (6-9 yrs),,,,2026-01-20,11,LinkedIn
JOB-101570,Database Administrator & SQL Dev,SQL Developer,Accenture,Consulting / IT,Gurgaon,Haryana,Tier 1,On-Site,1,4,Mid-Level (3-5 yrs),3.5,6.7,5.1,2025-10-03,9,Indeed
JOB-101571,Big Data Engineer,Data Engineer,Amazon,Product / Tech,Gurgaon,Haryana,Tier 1,Hybrid,4,7,Senior (6-9 yrs),,,,2025-09-06,8,Naukri.com
JOB-101572,Tableau Developer,BI Analyst,Infosys,IT Services,Hyderabad,Telangana,Tier 1,On-Site,2,4,Mid-Level (3-5 yrs),3.1,6.0,4.55,2026-02-08,12,Naukri.com
JOB-101573,Financial Data Analyst,Data Analyst,Paytm,Fintech,Gurgaon,Haryana,Tier 1,Remote,1,4,Mid-Level (3-5 yrs),3.8,7.1,5.45,2025-11-02,9,LinkedIn
JOB-101574,ETL Developer,Data Engineer,Infosys,IT Services,Pune,Maharashtra,Tier 1,On-Site,1,4,Mid-Level (3-5 yrs),3.9,7.4,5.65,2025-12-18,15,Naukri.com
JOB-101575,Big Data Engineer,Data Engineer,KPMG,Consulting,Mumbai,Maharashtra,Tier 1,Remote,3,7,Senior (6-9 yrs),,,,2025-10-17,8,LinkedIn
JOB-101576,Senior T-SQL Developer,SQL Developer,Swiggy,Tech / Consumer,Remote,All India,Remote,Remote,0,1,Entry / Junior (0-2 yrs),,,,2025-12-03,11,LinkedIn
JOB-101577,ETL Developer,Data Engineer,LTIMindtree,IT Services,Pune,Maharashtra,Tier 1,On-Site,7,10,Lead / Principal (10+ yrs),,,,2025-09-26,10,Indeed
JOB-101578,Senior Data Engineer,Data Engineer,Accenture,Consulting / IT,Hyderabad,Telangana,Tier 1,On-Site,5,8,Senior (6-9 yrs),14.6,25.3,19.95,2025-11-07,12,LinkedIn
JOB-101579,Big Data Engineer,Data Engineer,KPMG,Consulting,Pune,Maharashtra,Tier 1,On-Site,1,4,Mid-Level (3-5 yrs),5.1,9.6,7.35,2025-09-20,10,Naukri.com
JOB-101580,Senior T-SQL Developer,SQL Developer,Goldman Sachs,Banking / Finance,Bengaluru,Karnataka,Tier 1,Hybrid,3,7,Senior (6-9 yrs),,,,2026-02-12,10,Company Careers Portal
JOB-101581,Analytics Engineer,Data Engineer,Mu Sigma,Pureplay Analytics,Mumbai,Maharashtra,Tier 1,Remote,0,1,Entry / Junior (0-2 yrs),2.8,5.7,4.25,2026-02-19,10,Naukri.com
JOB-101582,Data Analyst,Data Analyst,PhonePe,Fintech,Bengaluru,Karnataka,Tier 1,Hybrid,0,1,Entry / Junior (0-2 yrs),2.8,5.6,4.2,2025-12-03,11,LinkedIn
JOB-101583,Senior T-SQL Developer,SQL Developer,Tata Consultancy Services,IT Services,Remote,All India,Remote,Remote,6,10,Lead / Principal (10+ yrs),8.1,14.0,11.05,2025-11-03,11,LinkedIn
JOB-101584,ETL Developer,Data Engineer,Paytm,Fintech,Pune,Maharashtra,Tier 1,Hybrid,0,1,Entry / Junior (0-2 yrs),3.2,6.6,4.9,2026-02-23,9,LinkedIn
JOB-101585,Associate Analyst - Data,Data Analyst,Accenture,Consulting / IT,Hyderabad,Telangana,Tier 1,On-Site,2,5,Mid-Level (3-5 yrs),3.6,6.8,5.2,2025-09-07,10,LinkedIn
JOB-101586,Senior Data Analyst,Data Analyst,Uber,Tech,Mumbai,Maharashtra,Tier 1,Remote,2,4,Mid-Level (3-5 yrs),4.5,8.6,6.55,2025-09-10,8,Naukri.com
JOB-101587,Python Data Programmer,Python Developer,Capgemini,IT Services,Bengaluru,Karnataka,Tier 1,Hybrid,4,7,Senior (6-9 yrs),6.1,11.4,8.75,2025-12-14,8,Naukri.com
JOB-101588,Healthcare Data Analyst,Data Analyst,Tiger Analytics,Pureplay Analytics,Mumbai,Maharashtra,Tier 1,On-Site,4,6,Senior (6-9 yrs),6.8,12.8,9.8,2026-01-20,11,Naukri.com
JOB-101589,Junior Data Engineer,Data Engineer,HSBC,Banking,Mumbai,Maharashtra,Tier 1,On-Site,9,13,Lead / Principal (10+ yrs),25.3,44.2,34.75,2026-02-24,9,LinkedIn
JOB-101590,Senior T-SQL Developer,SQL Developer,Capgemini,IT Services,Hyderabad,Telangana,Tier 1,Hybrid,7,11,Lead / Principal (10+ yrs),9.1,15.8,12.45,2025-10-16,12,LinkedIn
JOB-101591,Healthcare Data Analyst,Data Analyst,Tata Consultancy Services,IT Services,Hyderabad,Telangana,Tier 1,On-Site,1,4,Mid-Level (3-5 yrs),2.8,5.2,4.0,2025-12-16,11,LinkedIn
JOB-101592,Senior T-SQL Developer,SQL Developer,EY,Consulting,Mumbai,Maharashtra,Tier 1,On-Site,4,6,Senior (6-9 yrs),,,,2025-12-22,10,Company Careers Portal
JOB-101593,Marketing Data Analyst,Data Analyst,Microsoft,Product / Tech,Hyderabad,Telangana,Tier 1,Hybrid,5,8,Senior (6-9 yrs),8.2,15.4,11.8,2025-11-13,8,Naukri.com
JOB-101594,Big Data Engineer,Data Engineer,Microsoft,Product / Tech,Gurgaon,Haryana,Tier 1,Hybrid,0,1,Entry / Junior (0-2 yrs),4.1,8.4,6.25,2025-09-22,12,LinkedIn
JOB-101595,PL/SQL Developer,SQL Developer,Razorpay,Fintech,Mumbai,Maharashtra,Tier 1,Hybrid,2,5,Mid-Level (3-5 yrs),,,,2026-02-25,12,LinkedIn
JOB-101596,Python Backend & Analytics Engineer,Python Developer,ICICI Bank,Banking,Hyderabad,Telangana,Tier 1,On-Site,7,11,Lead / Principal (10+ yrs),11.2,19.4,15.3,2025-09-13,8,LinkedIn
JOB-101597,Database Administrator & SQL Dev,SQL Developer,EY,Consulting,Mumbai,Maharashtra,Tier 1,Hybrid,5,9,Senior (6-9 yrs),6.2,11.8,9.0,2026-02-03,8,Indeed
JOB-101598,Lead Data Analyst,Data Analyst,ICICI Bank,Banking,Pune,Maharashtra,Tier 1,Remote,5,7,Senior (6-9 yrs),5.5,10.4,7.95,2025-10-28,9,Indeed
JOB-101599,Junior Data Analyst,Data Analyst,Goldman Sachs,Banking / Finance,Hyderabad,Telangana,Tier 1,Hybrid,2,5,Mid-Level (3-5 yrs),4.6,8.7,6.65,2025-09-06,8,Company Careers Portal
JOB-101600,Tableau Developer,BI Analyst,Swiggy,Tech / Consumer,Bengaluru,Karnataka,Tier 1,On-Site,3,7,Senior (6-9 yrs),7.5,14.2,10.85,2025-10-31,10,LinkedIn
JOB-101601,Senior Python Developer,Python Developer,HCL Technologies,IT Services,Bengaluru,Karnataka,Tier 1,Hybrid,1,3,Mid-Level (3-5 yrs),3.3,6.3,4.8,2025-12-09,8,Indeed
JOB-101602,Financial Data Analyst,Data Analyst,Tata Consultancy Services,IT Services,Bengaluru,Karnataka,Tier 1,Remote,3,6,Senior (6-9 yrs),,,,2026-02-13,9,LinkedIn
JOB-101603,Junior Data Analyst,Data Analyst,Fractal Analytics,Pureplay Analytics,Pune,Maharashtra,Tier 1,On-Site,5,9,Senior (6-9 yrs),12.3,21.3,16.8,2025-12-11,9,Indeed
JOB-101604,Database Developer (SQL),SQL Developer,Barclays,Banking,Chennai,Tamil Nadu,Tier 1,Hybrid,7,11,Lead / Principal (10+ yrs),,,,2025-10-09,11,Naukri.com
JOB-101605,Operations Analyst,Data Analyst,JPMorgan Chase,Banking / Finance,Pune,Maharashtra,Tier 1,Remote,6,10,Lead / Principal (10+ yrs),13.2,22.9,18.05,2025-10-20,11,Indeed
JOB-101606,Senior Data Analyst,Data Analyst,CRED,Fintech,Bengaluru,Karnataka,Tier 1,On-Site,0,1,Entry / Junior (0-2 yrs),2.8,5.7,4.25,2025-10-06,14,LinkedIn
JOB-101607,Reporting Analyst,BI Analyst,Mu Sigma,Pureplay Analytics,Noida,Uttar Pradesh,Tier 1,Hybrid,9,14,Lead / Principal (10+ yrs),16.8,29.5,23.15,2026-01-10,12,LinkedIn
JOB-101608,Data Engineer,Data Engineer,LTIMindtree,IT Services,Remote,All India,Remote,Remote,5,9,Senior (6-9 yrs),12.6,21.8,17.2,2026-02-07,10,LinkedIn
JOB-101609,Reporting Analyst,BI Analyst,Infosys,IT Services,Noida,Uttar Pradesh,Tier 1,Hybrid,1,3,Mid-Level (3-5 yrs),3.1,6.0,4.55,2025-10-08,11,Indeed
JOB-101610,Database Developer (SQL),SQL Developer,Capgemini,IT Services,Hyderabad,Telangana,Tier 1,On-Site,9,13,Lead / Principal (10+ yrs),14.6,25.5,20.05,2025-09-21,11,Indeed
JOB-101611,Big Data Engineer,Data Engineer,PwC,Consulting,Gurgaon,Haryana,Tier 1,Remote,0,2,Entry / Junior (0-2 yrs),,,,2025-12-29,7,LinkedIn
JOB-101612,Reporting Analyst,BI Analyst,Capgemini,IT Services,Bengaluru,Karnataka,Tier 1,On-Site,2,4,Mid-Level (3-5 yrs),,,,2025-10-02,8,Naukri.com
JOB-101613,Big Data Engineer,Data Engineer,Uber,Tech,Hyderabad,Telangana,Tier 1,Hybrid,8,13,Lead / Principal (10+ yrs),29.2,51.0,40.1,2025-09-15,10,Naukri.com
JOB-101614,Python Backend & Analytics Engineer,Python Developer,Infosys,IT Services,Bengaluru,Karnataka,Tier 1,On-Site,6,9,Senior (6-9 yrs),10.0,17.3,13.65,2025-12-08,10,Naukri.com
JOB-101615,Python Data Programmer,Python Developer,Fractal Analytics,Pureplay Analytics,Hyderabad,Telangana,Tier 1,On-Site,2,4,Mid-Level (3-5 yrs),4.7,9.0,6.85,2025-10-31,11,Indeed
JOB-101616,Power BI Developer,BI Analyst,Fractal Analytics,Pureplay Analytics,Bengaluru,Karnataka,Tier 1,Hybrid,0,2,Entry / Junior (0-2 yrs),,,,2025-09-27,10,LinkedIn
JOB-101617,Healthcare Data Analyst,Data Analyst,Cognizant,IT Services,Gurgaon,Haryana,Tier 1,On-Site,10,15,Lead / Principal (10+ yrs),14.4,25.2,19.8,2025-12-14,10,LinkedIn
JOB-101618,Tableau Developer,BI Analyst,Mu Sigma,Pureplay Analytics,Bengaluru,Karnataka,Tier 1,On-Site,2,5,Mid-Level (3-5 yrs),3.5,6.7,5.1,2026-01-27,8,Naukri.com
JOB-101619,Senior T-SQL Developer,SQL Developer,Standard Chartered,Banking,Hyderabad,Telangana,Tier 1,On-Site,4,7,Senior (6-9 yrs),,,,2026-02-20,11,LinkedIn
JOB-101620,PL/SQL Developer,SQL Developer,PwC,Consulting,Bengaluru,Karnataka,Tier 1,Hybrid,0,1,Entry / Junior (0-2 yrs),2.4,4.8,3.6,2026-01-09,10,LinkedIn
JOB-101621,Financial Data Analyst,Data Analyst,HSBC,Banking,Bengaluru,Karnataka,Tier 1,On-Site,4,8,Senior (6-9 yrs),6.6,12.5,9.55,2025-10-11,9,Naukri.com
JOB-101622,Lead Data Analyst,Data Analyst,LTIMindtree,IT Services,Hyderabad,Telangana,Tier 1,Hybrid,4,8,Senior (6-9 yrs),5.3,9.9,7.6,2025-11-16,7,Naukri.com
JOB-101623,Senior Data Analyst,Data Analyst,Barclays,Banking,Hyderabad,Telangana,Tier 1,On-Site,2,5,Mid-Level (3-5 yrs),4.0,7.6,5.8,2026-01-03,9,LinkedIn
JOB-101624,BI Developer,BI Analyst,LTIMindtree,IT Services,Mumbai,Maharashtra,Tier 1,Hybrid,3,6,Senior (6-9 yrs),,,,2025-12-28,8,Indeed
JOB-101625,Marketing Data Analyst,Data Analyst,CRED,Fintech,Bengaluru,Karnataka,Tier 1,Hybrid,2,5,Mid-Level (3-5 yrs),4.4,8.4,6.4,2026-02-27,8,LinkedIn
JOB-101626,Python Developer,Python Developer,HCL Technologies,IT Services,Bengaluru,Karnataka,Tier 1,Remote,5,8,Senior (6-9 yrs),,,,2026-02-20,11,Naukri.com
JOB-101627,Lead Data Analyst,Data Analyst,Standard Chartered,Banking,Hyderabad,Telangana,Tier 1,Hybrid,0,2,Entry / Junior (0-2 yrs),2.4,4.9,3.65,2025-10-14,8,LinkedIn
JOB-101628,Operations Analyst,Data Analyst,ICICI Bank,Banking,Bengaluru,Karnataka,Tier 1,On-Site,0,1,Entry / Junior (0-2 yrs),2.1,4.2,3.15,2026-02-15,10,LinkedIn
JOB-101629,SQL Developer,SQL Developer,CRED,Fintech,Bengaluru,Karnataka,Tier 1,Hybrid,2,4,Mid-Level (3-5 yrs),4.3,8.2,6.25,2025-11-16,9,Naukri.com
JOB-101630,Reporting Analyst,BI Analyst,Amazon,Product / Tech,Pune,Maharashtra,Tier 1,On-Site,3,5,Mid-Level (3-5 yrs),8.7,16.4,12.55,2025-10-27,12,Naukri.com
JOB-101631,Python Backend & Analytics Engineer,Python Developer,Razorpay,Fintech,Noida,Uttar Pradesh,Tier 1,Hybrid,3,6,Senior (6-9 yrs),8.3,15.6,11.95,2025-09-01,11,Naukri.com
JOB-101632,SQL Developer,SQL Developer,Amazon,Product / Tech,Pune,Maharashtra,Tier 1,On-Site,4,7,Senior (6-9 yrs),7.9,14.9,11.4,2026-02-22,12,LinkedIn
JOB-101633,Cloud Data Engineer,Data Engineer,KPMG,Consulting,Pune,Maharashtra,Tier 1,On-Site,0,1,Entry / Junior (0-2 yrs),3.2,6.6,4.9,2025-12-15,7,LinkedIn
JOB-101634,ETL Developer,Data Engineer,ICICI Bank,Banking,Mumbai,Maharashtra,Tier 1,Remote,7,10,Lead / Principal (10+ yrs),13.2,22.8,18.0,2026-01-10,9,LinkedIn
JOB-101635,Power BI Developer,BI Analyst,Tiger Analytics,Pureplay Analytics,Gurgaon,Haryana,Tier 1,Hybrid,0,2,Entry / Junior (0-2 yrs),2.8,5.6,4.2,2025-10-13,12,Naukri.com
JOB-101636,Python Backend & Analytics Engineer,Python Developer,Cognizant,IT Services,Bengaluru,Karnataka,Tier 1,Hybrid,3,6,Senior (6-9 yrs),5.9,11.0,8.45,2025-09-11,10,Naukri.com
JOB-101637,SQL Developer,SQL Developer,Capgemini,IT Services,Hyderabad,Telangana,Tier 1,Hybrid,2,4,Mid-Level (3-5 yrs),3.0,5.8,4.4,2025-09-16,10,Naukri.com
JOB-101638,Operations Analyst,Data Analyst,LTIMindtree,IT Services,Hyderabad,Telangana,Tier 1,Hybrid,5,8,Senior (6-9 yrs),5.3,9.9,7.6,2025-12-15,10,Naukri.com
JOB-101639,Senior Python Developer,Python Developer,Wipro,IT Services,Hyderabad,Telangana,Tier 1,Hybrid,5,9,Senior (6-9 yrs),5.4,10.1,7.75,2025-11-18,13,Naukri.com
JOB-101640,Database Administrator & SQL Dev,SQL Developer,Standard Chartered,Banking,Bengaluru,Karnataka,Tier 1,On-Site,5,8,Senior (6-9 yrs),11.0,19.1,15.05,2026-01-30,12,Company Careers Portal
JOB-101641,Associate Analyst - Data,Data Analyst,Tiger Analytics,Pureplay Analytics,Bengaluru,Karnataka,Tier 1,On-Site,3,7,Senior (6-9 yrs),6.8,12.8,9.8,2025-09-16,10,LinkedIn
JOB-101642,Database Administrator & SQL Dev,SQL Developer,HSBC,Banking,Bengaluru,Karnataka,Tier 1,Hybrid,0,1,Entry / Junior (0-2 yrs),2.4,5.0,3.7,2025-11-12,11,LinkedIn
JOB-101643,Junior Python Engineer,Python Developer,Amazon,Product / Tech,Mumbai,Maharashtra,Tier 1,Hybrid,1,4,Mid-Level (3-5 yrs),5.5,10.4,7.95,2025-11-11,10,Naukri.com
JOB-101644,Marketing Data Analyst,Data Analyst,Google,Product / Tech,Bengaluru,Karnataka,Tier 1,Remote,3,6,Senior (6-9 yrs),8.3,15.7,12.0,2025-11-14,12,LinkedIn
JOB-101645,Associate Analyst - Data,Data Analyst,JPMorgan Chase,Banking / Finance,Hyderabad,Telangana,Tier 1,On-Site,1,4,Mid-Level (3-5 yrs),4.4,8.4,6.4,2025-09-28,11,LinkedIn
JOB-101646,Senior Data Analyst,Data Analyst,Razorpay,Fintech,Bengaluru,Karnataka,Tier 1,On-Site,5,9,Senior (6-9 yrs),,,,2025-10-09,13,Naukri.com
JOB-101647,Python Backend & Analytics Engineer,Python Developer,Deloitte,Consulting,Hyderabad,Telangana,Tier 1,Hybrid,5,8,Senior (6-9 yrs),7.6,14.4,11.0,2025-11-16,10,LinkedIn
JOB-101648,Data Analyst,Data Analyst,Zomato,Tech / Consumer,Hyderabad,Telangana,Tier 1,On-Site,2,4,Mid-Level (3-5 yrs),,,,2025-10-09,11,Naukri.com
JOB-101649,Tableau Developer,BI Analyst,Barclays,Banking,Bengaluru,Karnataka,Tier 1,Remote,3,6,Senior (6-9 yrs),7.3,13.8,10.55,2025-09-27,10,LinkedIn
JOB-101650,Junior Python Engineer,Python Developer,McKinsey & Company,Strategy Consulting,Mumbai,Maharashtra,Tier 1,Hybrid,0,1,Entry / Junior (0-2 yrs),,,,2026-01-31,9,Naukri.com
JOB-101651,Database Developer (SQL),SQL Developer,Meesho,E-Commerce,Pune,Maharashtra,Tier 1,Hybrid,2,5,Mid-Level (3-5 yrs),,,,2025-10-02,11,LinkedIn
JOB-101652,ETL Developer,Data Engineer,Tiger Analytics,Pureplay Analytics,Pune,Maharashtra,Tier 1,On-Site,0,1,Entry / Junior (0-2 yrs),3.5,7.0,5.25,2025-09-25,9,Company Careers Portal
JOB-101653,Big Data Engineer,Data Engineer,Tiger Analytics,Pureplay Analytics,Mumbai,Maharashtra,Tier 1,Hybrid,5,8,Senior (6-9 yrs),9.2,17.3,13.25,2025-11-16,11,Naukri.com
JOB-101654,Data Analyst,Data Analyst,HSBC,Banking,Bengaluru,Karnataka,Tier 1,Hybrid,1,3,Mid-Level (3-5 yrs),3.9,7.4,5.65,2025-09-19,8,LinkedIn
JOB-101655,Database Administrator & SQL Dev,SQL Developer,Fractal Analytics,Pureplay Analytics,Gurgaon,Haryana,Tier 1,On-Site,0,1,Entry / Junior (0-2 yrs),2.6,5.2,3.9,2026-01-23,10,Naukri.com
JOB-101656,Python Data Programmer,Python Developer,Capgemini,IT Services,Bengaluru,Karnataka,Tier 1,Hybrid,1,4,Mid-Level (3-5 yrs),,,,2025-11-21,10,Indeed
JOB-101657,Reporting Analyst,BI Analyst,CRED,Fintech,Hyderabad,Telangana,Tier 1,On-Site,0,1,Entry / Junior (0-2 yrs),3.0,6.2,4.6,2025-11-24,8,Indeed
JOB-101658,Business Intelligence Analyst,BI Analyst,PhonePe,Fintech,Hyderabad,Telangana,Tier 1,On-Site,7,11,Lead / Principal (10+ yrs),13.9,24.1,19.0,2025-12-04,14,Naukri.com
JOB-101659,Database Administrator & SQL Dev,SQL Developer,Uber,Tech,Bengaluru,Karnataka,Tier 1,On-Site,5,9,Senior (6-9 yrs),13.2,22.9,18.05,2025-09-28,11,LinkedIn
JOB-101660,BI & Analytics Specialist,BI Analyst,Uber,Tech,Bengaluru,Karnataka,Tier 1,Hybrid,3,6,Senior (6-9 yrs),,,,2026-02-26,10,Naukri.com
JOB-101661,Lead Data Analyst,Data Analyst,Deloitte,Consulting,Bengaluru,Karnataka,Tier 1,Hybrid,0,2,Entry / Junior (0-2 yrs),2.5,5.1,3.8,2026-02-03,8,LinkedIn
JOB-101662,Financial Data Analyst,Data Analyst,Meesho,E-Commerce,Hyderabad,Telangana,Tier 1,Remote,5,7,Senior (6-9 yrs),6.8,12.8,9.8,2025-11-15,9,LinkedIn
JOB-101663,Business Intelligence Analyst,BI Analyst,Tiger Analytics,Pureplay Analytics,Mumbai,Maharashtra,Tier 1,On-Site,0,1,Entry / Junior (0-2 yrs),2.8,5.6,4.2,2025-10-28,12,LinkedIn
JOB-101664,Senior Data Analyst,Data Analyst,Morgan Stanley,Banking / Finance,Bengaluru,Karnataka,Tier 1,On-Site,1,3,Mid-Level (3-5 yrs),4.5,8.6,6.55,2026-02-15,10,Indeed
JOB-101665,Operations Analyst,Data Analyst,McKinsey & Company,Strategy Consulting,Hyderabad,Telangana,Tier 1,Hybrid,0,2,Entry / Junior (0-2 yrs),,,,2025-10-29,10,Naukri.com
JOB-101666,Python Backend & Analytics Engineer,Python Developer,Paytm,Fintech,Bengaluru,Karnataka,Tier 1,Hybrid,5,7,Senior (6-9 yrs),,,,2026-02-09,11,LinkedIn
JOB-101667,Associate Analyst - Data,Data Analyst,LTIMindtree,IT Services,Bengaluru,Karnataka,Tier 1,On-Site,7,11,Lead / Principal (10+ yrs),9.3,16.1,12.7,2025-10-25,9,Company Careers Portal
JOB-101668,Python Developer,Python Developer,Standard Chartered,Banking,Mumbai,Maharashtra,Tier 1,On-Site,4,6,Senior (6-9 yrs),,,,2025-11-06,11,LinkedIn
JOB-101669,PL/SQL Developer,SQL Developer,PwC,Consulting,Bengaluru,Karnataka,Tier 1,On-Site,2,4,Mid-Level (3-5 yrs),3.7,7.1,5.4,2026-02-22,10,LinkedIn
JOB-101670,Senior BI Consultant,BI Analyst,Mu Sigma,Pureplay Analytics,Bengaluru,Karnataka,Tier 1,Hybrid,0,2,Entry / Junior (0-2 yrs),2.2,4.6,3.4,2026-01-12,13,LinkedIn
JOB-101671,Senior Data Engineer,Data Engineer,PwC,Consulting,Chennai,Tamil Nadu,Tier 1,Hybrid,4,6,Senior (6-9 yrs),8.7,16.4,12.55,2025-11-04,11,Indeed
JOB-101672,Database Administrator & SQL Dev,SQL Developer,Paytm,Fintech,Bengaluru,Karnataka,Tier 1,Hybrid,5,8,Senior (6-9 yrs),,,,2025-09-17,13,Naukri.com
JOB-101673,Senior BI Consultant,BI Analyst,Standard Chartered,Banking,Bengaluru,Karnataka,Tier 1,On-Site,2,4,Mid-Level (3-5 yrs),4.1,7.7,5.9,2025-12-07,9,Indeed
JOB-101674,Business Intelligence Analyst,BI Analyst,JPMorgan Chase,Banking / Finance,Mumbai,Maharashtra,Tier 1,On-Site,8,12,Lead / Principal (10+ yrs),22.8,39.9,31.35,2025-11-27,11,Indeed
JOB-101675,Data Engineer,Data Engineer,Fractal Analytics,Pureplay Analytics,Hyderabad,Telangana,Tier 1,On-Site,1,4,Mid-Level (3-5 yrs),5.5,10.5,8.0,2026-01-13,10,LinkedIn
JOB-101676,Senior Data Analyst,Data Analyst,HSBC,Banking,Bengaluru,Karnataka,Tier 1,On-Site,5,7,Senior (6-9 yrs),6.6,12.5,9.55,2025-10-12,9,LinkedIn
JOB-101677,Reporting Analyst,BI Analyst,Meesho,E-Commerce,Hyderabad,Telangana,Tier 1,Remote,2,5,Mid-Level (3-5 yrs),4.3,8.2,6.25,2025-12-05,6,Indeed
JOB-101678,Marketing Data Analyst,Data Analyst,Tata Consultancy Services,IT Services,Bengaluru,Karnataka,Tier 1,On-Site,1,3,Mid-Level (3-5 yrs),2.8,5.2,4.0,2025-09-13,9,Naukri.com
JOB-101679,BI Developer,BI Analyst,HCL Technologies,IT Services,Gurgaon,Haryana,Tier 1,Hybrid,6,10,Lead / Principal (10+ yrs),9.4,16.3,12.85,2026-02-05,9,LinkedIn
JOB-101680,Reporting Analyst,BI Analyst,HCL Technologies,IT Services,Mumbai,Maharashtra,Tier 1,On-Site,7,11,Lead / Principal (10+ yrs),9.4,16.3,12.85,2026-02-03,9,Naukri.com
JOB-101681,Healthcare Data Analyst,Data Analyst,Microsoft,Product / Tech,Noida,Uttar Pradesh,Tier 1,On-Site,0,2,Entry / Junior (0-2 yrs),3.1,6.2,4.65,2025-09-06,9,Indeed
JOB-101682,Data Engineer,Data Engineer,LTIMindtree,IT Services,Chennai,Tamil Nadu,Tier 1,On-Site,0,1,Entry / Junior (0-2 yrs),2.7,5.4,4.05,2026-01-25,12,LinkedIn
JOB-101683,BI Developer,BI Analyst,Deloitte,Consulting,Pune,Maharashtra,Tier 1,Hybrid,6,9,Senior (6-9 yrs),,,,2025-11-20,10,LinkedIn
JOB-101684,Healthcare Data Analyst,Data Analyst,Paytm,Fintech,Bengaluru,Karnataka,Tier 1,Remote,2,5,Mid-Level (3-5 yrs),3.8,7.1,5.45,2025-12-10,8,Indeed
JOB-101685,PL/SQL Developer,SQL Developer,HCL Technologies,IT Services,Hyderabad,Telangana,Tier 1,Remote,2,5,Mid-Level (3-5 yrs),,,,2026-01-14,12,Naukri.com
JOB-101686,Analytics Engineer,Data Engineer,EY,Consulting,Pune,Maharashtra,Tier 1,Hybrid,2,5,Mid-Level (3-5 yrs),5.1,9.6,7.35,2025-11-21,12,Company Careers Portal
JOB-101687,Senior Data Analyst,Data Analyst,Swiggy,Tech / Consumer,Mumbai,Maharashtra,Tier 1,Hybrid,2,5,Mid-Level (3-5 yrs),,,,2025-12-04,8,LinkedIn
JOB-101688,Reporting Analyst,BI Analyst,Meesho,E-Commerce,Bengaluru,Karnataka,Tier 1,On-Site,0,1,Entry / Junior (0-2 yrs),2.8,5.6,4.2,2025-10-21,10,Naukri.com
JOB-101689,Senior BI Consultant,BI Analyst,LTIMindtree,IT Services,Hyderabad,Telangana,Tier 1,On-Site,4,6,Senior (6-9 yrs),5.7,10.7,8.2,2025-09-22,10,LinkedIn
JOB-101690,Operations Analyst,Data Analyst,Fractal Analytics,Pureplay Analytics,Hyderabad,Telangana,Tier 1,Hybrid,2,4,Mid-Level (3-5 yrs),,,,2025-10-07,9,Naukri.com
JOB-101691,BI & Analytics Specialist,BI Analyst,Standard Chartered,Banking,Hyderabad,Telangana,Tier 1,On-Site,0,1,Entry / Junior (0-2 yrs),,,,2025-10-18,10,Company Careers Portal
JOB-101692,ETL Developer,Data Engineer,CRED,Fintech,Bengaluru,Karnataka,Tier 1,Hybrid,6,9,Senior (6-9 yrs),17.8,30.9,24.35,2025-09-14,13,LinkedIn
JOB-101693,Data Engineer,Data Engineer,PhonePe,Fintech,Chennai,Tamil Nadu,Tier 1,On-Site,2,4,Mid-Level (3-5 yrs),5.8,11.0,8.4,2026-01-31,14,Naukri.com
JOB-101694,Power BI Developer,BI Analyst,Deloitte,Consulting,Bengaluru,Karnataka,Tier 1,Hybrid,3,5,Mid-Level (3-5 yrs),7.2,13.5,10.35,2025-11-07,10,LinkedIn
JOB-101695,Business Intelligence Analyst,BI Analyst,Microsoft,Product / Tech,Pune,Maharashtra,Tier 1,On-Site,6,10,Lead / Principal (10+ yrs),15.6,27.0,21.3,2026-02-10,14,Naukri.com
JOB-101696,Senior T-SQL Developer,SQL Developer,Tata Consultancy Services,IT Services,Hyderabad,Telangana,Tier 1,On-Site,1,4,Mid-Level (3-5 yrs),,,,2025-12-09,9,LinkedIn
JOB-101697,Cloud Data Engineer,Data Engineer,HDFC Bank,Banking,Mumbai,Maharashtra,Tier 1,Remote,3,7,Senior (6-9 yrs),7.8,14.7,11.25,2025-10-20,10,Naukri.com
JOB-101698,BI & Analytics Specialist,BI Analyst,Tata Consultancy Services,IT Services,Gurgaon,Haryana,Tier 1,Hybrid,1,4,Mid-Level (3-5 yrs),3.0,5.6,4.3,2025-09-27,9,LinkedIn
JOB-101699,Lead Data Analyst,Data Analyst,HSBC,Banking,Remote,All India,Remote,Remote,10,15,Lead / Principal (10+ yrs),,,,2025-10-14,11,Naukri.com
JOB-101700,Operations Analyst,Data Analyst,Standard Chartered,Banking,Bengaluru,Karnataka,Tier 1,Hybrid,1,3,Mid-Level (3-5 yrs),,,,2025-12-27,8,LinkedIn
JOB-101701,Healthcare Data Analyst,Data Analyst,Uber,Tech,Bengaluru,Karnataka,Tier 1,Remote,4,7,Senior (6-9 yrs),7.7,14.4,11.05,2025-11-30,10,LinkedIn
JOB-101702,Database Administrator & SQL Dev,SQL Developer,Mu Sigma,Pureplay Analytics,Mumbai,Maharashtra,Tier 1,Hybrid,0,1,Entry / Junior (0-2 yrs),2.0,4.1,3.05,2026-01-09,14,Naukri.com
JOB-101703,Associate Analyst - Data,Data Analyst,Wipro,IT Services,Hyderabad,Telangana,Tier 1,On-Site,5,8,Senior (6-9 yrs),4.7,8.8,6.75,2025-10-23,11,Naukri.com
JOB-101704,Python Developer,Python Developer,Razorpay,Fintech,Bengaluru,Karnataka,Tier 1,Remote,2,4,Mid-Level (3-5 yrs),4.9,9.3,7.1,2025-09-07,10,Company Careers Portal
JOB-101705,Junior Data Engineer,Data Engineer,Deloitte,Consulting,Bengaluru,Karnataka,Tier 1,On-Site,5,8,Senior (6-9 yrs),,,,2025-10-09,12,LinkedIn
JOB-101706,Senior T-SQL Developer,SQL Developer,HCL Technologies,IT Services,Bengaluru,Karnataka,Tier 1,Hybrid,1,4,Mid-Level (3-5 yrs),,,,2025-10-25,11,Indeed
JOB-101707,Power BI Developer,BI Analyst,Razorpay,Fintech,Pune,Maharashtra,Tier 1,Hybrid,3,6,Senior (6-9 yrs),7.8,14.7,11.25,2025-10-25,11,LinkedIn
JOB-101708,Data Analyst,Data Analyst,Deloitte,Consulting,Pune,Maharashtra,Tier 1,Hybrid,5,9,Senior (6-9 yrs),11.7,20.3,16.0,2025-09-18,9,LinkedIn
JOB-101709,Junior Python Engineer,Python Developer,Fractal Analytics,Pureplay Analytics,Mumbai,Maharashtra,Tier 1,Hybrid,0,2,Entry / Junior (0-2 yrs),3.0,6.1,4.55,2025-12-30,9,LinkedIn
JOB-101710,Junior Data Engineer,Data Engineer,HSBC,Banking,Hyderabad,Telangana,Tier 1,Hybrid,0,2,Entry / Junior (0-2 yrs),3.4,6.8,5.1,2025-12-24,10,LinkedIn
JOB-101711,Cloud Data Engineer,Data Engineer,JPMorgan Chase,Banking / Finance,Pune,Maharashtra,Tier 1,Remote,10,14,Lead / Principal (10+ yrs),28.5,49.9,39.2,2025-09-18,9,LinkedIn
JOB-101712,SQL Developer,SQL Developer,Google,Product / Tech,Pune,Maharashtra,Tier 1,Hybrid,1,3,Mid-Level (3-5 yrs),4.8,9.1,6.95,2025-12-10,8,LinkedIn
JOB-101713,Senior Data Engineer,Data Engineer,Flipkart,E-Commerce,Hyderabad,Telangana,Tier 1,On-Site,3,6,Senior (6-9 yrs),10.1,19.0,14.55,2025-11-02,12,Naukri.com
JOB-101714,Senior BI Consultant,BI Analyst,Tata Consultancy Services,IT Services,Bengaluru,Karnataka,Tier 1,On-Site,5,7,Senior (6-9 yrs),,,,2025-09-18,9,LinkedIn
JOB-101715,Cloud Data Engineer,Data Engineer,Meesho,E-Commerce,Bengaluru,Karnataka,Tier 1,Hybrid,3,6,Senior (6-9 yrs),9.2,17.3,13.25,2025-09-14,13,Naukri.com
JOB-101716,Marketing Data Analyst,Data Analyst,HSBC,Banking,Pune,Maharashtra,Tier 1,On-Site,3,5,Mid-Level (3-5 yrs),6.6,12.5,9.55,2025-12-04,7,LinkedIn
JOB-101717,ETL Developer,Data Engineer,McKinsey & Company,Strategy Consulting,Mumbai,Maharashtra,Tier 1,On-Site,0,2,Entry / Junior (0-2 yrs),4.1,8.3,6.2,2025-12-27,11,LinkedIn
JOB-101718,Data Analyst,Data Analyst,Accenture,Consulting / IT,Gurgaon,Haryana,Tier 1,On-Site,4,8,Senior (6-9 yrs),6.1,11.5,8.8,2025-12-09,8,LinkedIn
JOB-101719,Reporting Analyst,BI Analyst,Goldman Sachs,Banking / Finance,Hyderabad,Telangana,Tier 1,Hybrid,0,2,Entry / Junior (0-2 yrs),,,,2025-12-12,9,Naukri.com
JOB-101720,Junior Python Engineer,Python Developer,Google,Product / Tech,Bengaluru,Karnataka,Tier 1,On-Site,2,4,Mid-Level (3-5 yrs),5.6,10.7,8.15,2026-02-11,10,Naukri.com
JOB-101721,Tableau Developer,BI Analyst,JPMorgan Chase,Banking / Finance,Bengaluru,Karnataka,Tier 1,On-Site,5,8,Senior (6-9 yrs),,,,2026-01-13,8,LinkedIn
JOB-101722,Senior Data Engineer,Data Engineer,Standard Chartered,Banking,Mumbai,Maharashtra,Tier 1,Hybrid,0,1,Entry / Junior (0-2 yrs),,,,2025-11-30,9,Indeed
JOB-101723,Analytics Engineer,Data Engineer,Fractal Analytics,Pureplay Analytics,Chennai,Tamil Nadu,Tier 1,On-Site,0,2,Entry / Junior (0-2 yrs),3.5,7.2,5.35,2025-12-30,10,LinkedIn
JOB-101724,PL/SQL Developer,SQL Developer,Razorpay,Fintech,Gurgaon,Haryana,Tier 1,On-Site,7,11,Lead / Principal (10+ yrs),12.5,21.7,17.1,2025-09-17,12,Company Careers Portal
JOB-101725,Python Data Programmer,Python Developer,Wipro,IT Services,Bengaluru,Karnataka,Tier 1,Remote,3,5,Mid-Level (3-5 yrs),5.4,10.1,7.75,2025-11-10,12,LinkedIn
JOB-101726,Python Backend & Analytics Engineer,Python Developer,Microsoft,Product / Tech,Remote,All India,Remote,Remote,1,4,Mid-Level (3-5 yrs),,,,2025-09-08,8,LinkedIn
JOB-101727,Tableau Developer,BI Analyst,Flipkart,E-Commerce,Mumbai,Maharashtra,Tier 1,Remote,0,1,Entry / Junior (0-2 yrs),,,,2025-09-03,8,LinkedIn
JOB-101728,Business Intelligence Analyst,BI Analyst,Standard Chartered,Banking,Chennai,Tamil Nadu,Tier 1,On-Site,3,5,Mid-Level (3-5 yrs),6.9,13.0,9.95,2026-01-24,14,LinkedIn
JOB-101729,Healthcare Data Analyst,Data Analyst,Fractal Analytics,Pureplay Analytics,Mumbai,Maharashtra,Tier 1,On-Site,7,11,Lead / Principal (10+ yrs),,,,2025-12-03,9,LinkedIn
JOB-101730,Marketing Data Analyst,Data Analyst,LTIMindtree,IT Services,Bengaluru,Karnataka,Tier 1,On-Site,3,6,Senior (6-9 yrs),5.3,9.9,7.6,2025-12-25,9,LinkedIn
JOB-101731,Junior Data Analyst,Data Analyst,ICICI Bank,Banking,Hyderabad,Telangana,Tier 1,Hybrid,7,11,Lead / Principal (10+ yrs),9.8,16.9,13.35,2025-11-26,13,LinkedIn
JOB-101732,Tableau Developer,BI Analyst,Tiger Analytics,Pureplay Analytics,Hyderabad,Telangana,Tier 1,Hybrid,1,4,Mid-Level (3-5 yrs),,,,2025-12-21,9,LinkedIn
JOB-101733,Reporting Analyst,BI Analyst,Infosys,IT Services,Chennai,Tamil Nadu,Tier 1,Hybrid,5,9,Senior (6-9 yrs),5.3,10.0,7.65,2025-09-07,10,LinkedIn
JOB-101734,Lead Data Analyst,Data Analyst,Accenture,Consulting / IT,Bengaluru,Karnataka,Tier 1,On-Site,0,2,Entry / Junior (0-2 yrs),2.3,4.7,3.5,2026-02-20,10,Naukri.com
JOB-101735,Senior Python Developer,Python Developer,Amazon,Product / Tech,Hyderabad,Telangana,Tier 1,On-Site,2,5,Mid-Level (3-5 yrs),5.5,10.4,7.95,2025-11-14,7,Company Careers Portal
JOB-101736,Python Developer,Python Developer,Google,Product / Tech,Bengaluru,Karnataka,Tier 1,On-Site,0,1,Entry / Junior (0-2 yrs),3.6,7.3,5.45,2025-10-07,9,LinkedIn
JOB-101737,Marketing Data Analyst,Data Analyst,Infosys,IT Services,Pune,Maharashtra,Tier 1,On-Site,3,5,Mid-Level (3-5 yrs),4.9,9.3,7.1,2025-09-30,10,Naukri.com
JOB-101738,Data Analyst,Data Analyst,Morgan Stanley,Banking / Finance,Bengaluru,Karnataka,Tier 1,Hybrid,1,3,Mid-Level (3-5 yrs),4.5,8.6,6.55,2025-09-03,10,LinkedIn
JOB-101739,Python Backend & Analytics Engineer,Python Developer,Infosys,IT Services,Bengaluru,Karnataka,Tier 1,Remote,2,4,Mid-Level (3-5 yrs),3.3,6.3,4.8,2025-12-03,10,Naukri.com
JOB-101740,Financial Data Analyst,Data Analyst,McKinsey & Company,Strategy Consulting,Gurgaon,Haryana,Tier 1,On-Site,5,8,Senior (6-9 yrs),8.1,15.2,11.65,2026-02-09,10,Naukri.com
JOB-101741,Financial Data Analyst,Data Analyst,Google,Product / Tech,Mumbai,Maharashtra,Tier 1,Hybrid,6,10,Lead / Principal (10+ yrs),14.7,25.5,20.1,2026-01-08,9,Indeed
JOB-101742,Data Analyst,Data Analyst,Tata Consultancy Services,IT Services,Bengaluru,Karnataka,Tier 1,On-Site,0,2,Entry / Junior (0-2 yrs),1.8,3.6,2.7,2025-12-19,10,Naukri.com
JOB-101743,Tableau Developer,BI Analyst,KPMG,Consulting,Pune,Maharashtra,Tier 1,Hybrid,0,2,Entry / Junior (0-2 yrs),2.6,5.3,3.95,2025-12-24,14,Company Careers Portal
JOB-101744,Senior Python Developer,Python Developer,HSBC,Banking,Chennai,Tamil Nadu,Tier 1,On-Site,3,6,Senior (6-9 yrs),7.6,14.4,11.0,2025-09-06,8,LinkedIn
JOB-101745,Tableau Developer,BI Analyst,Capgemini,IT Services,Bengaluru,Karnataka,Tier 1,Hybrid,0,2,Entry / Junior (0-2 yrs),2.1,4.4,3.25,2025-09-20,11,Naukri.com
JOB-101746,Reporting Analyst,BI Analyst,PhonePe,Fintech,Chennai,Tamil Nadu,Tier 1,Hybrid,2,4,Mid-Level (3-5 yrs),4.6,8.8,6.7,2026-01-19,8,Naukri.com
JOB-101747,PL/SQL Developer,SQL Developer,Mu Sigma,Pureplay Analytics,Bengaluru,Karnataka,Tier 1,Remote,6,10,Lead / Principal (10+ yrs),9.6,16.6,13.1,2025-09-23,10,Indeed
JOB-101748,Cloud Data Engineer,Data Engineer,Paytm,Fintech,Bengaluru,Karnataka,Tier 1,On-Site,1,4,Mid-Level (3-5 yrs),,,,2025-10-23,7,Naukri.com
JOB-101749,Senior BI Consultant,BI Analyst,Standard Chartered,Banking,Hyderabad,Telangana,Tier 1,On-Site,1,3,Mid-Level (3-5 yrs),4.1,7.7,5.9,2025-11-11,8,Naukri.com
JOB-101750,Senior BI Consultant,BI Analyst,Infosys,IT Services,Hyderabad,Telangana,Tier 1,Hybrid,3,6,Senior (6-9 yrs),5.3,10.0,7.65,2025-09-17,9,LinkedIn
JOB-101751,Python Data Programmer,Python Developer,Mu Sigma,Pureplay Analytics,Mumbai,Maharashtra,Tier 1,Hybrid,1,3,Mid-Level (3-5 yrs),3.7,7.1,5.4,2025-11-22,9,LinkedIn
JOB-101752,Senior Python Developer,Python Developer,Morgan Stanley,Banking / Finance,Bengaluru,Karnataka,Tier 1,On-Site,5,8,Senior (6-9 yrs),,,,2025-12-11,12,Naukri.com
JOB-101753,Analytics Engineer,Data Engineer,Tiger Analytics,Pureplay Analytics,Mumbai,Maharashtra,Tier 1,Remote,7,10,Lead / Principal (10+ yrs),16.2,28.1,22.15,2026-01-21,10,Indeed
JOB-101754,Healthcare Data Analyst,Data Analyst,Cognizant,IT Services,Gurgaon,Haryana,Tier 1,Remote,1,4,Mid-Level (3-5 yrs),,,,2025-10-15,9,LinkedIn
JOB-101755,Business Intelligence Analyst,BI Analyst,Tata Consultancy Services,IT Services,Noida,Uttar Pradesh,Tier 1,Hybrid,1,3,Mid-Level (3-5 yrs),3.0,5.6,4.3,2025-09-05,10,Indeed
JOB-101756,Junior Data Engineer,Data Engineer,Paytm,Fintech,Hyderabad,Telangana,Tier 1,Hybrid,2,4,Mid-Level (3-5 yrs),5.1,9.6,7.35,2025-12-25,9,LinkedIn
JOB-101757,Database Administrator & SQL Dev,SQL Developer,HCL Technologies,IT Services,Bengaluru,Karnataka,Tier 1,Hybrid,2,5,Mid-Level (3-5 yrs),,,,2026-01-11,9,Naukri.com
JOB-101758,Data Analyst,Data Analyst,Deloitte,Consulting,Mumbai,Maharashtra,Tier 1,On-Site,3,5,Mid-Level (3-5 yrs),6.6,12.5,9.55,2025-09-16,9,Naukri.com
JOB-101759,Senior BI Consultant,BI Analyst,Amazon,Product / Tech,Gurgaon,Haryana,Tier 1,On-Site,0,1,Entry / Junior (0-2 yrs),,,,2026-02-17,11,Company Careers Portal
JOB-101760,Power BI Developer,BI Analyst,Flipkart,E-Commerce,Hyderabad,Telangana,Tier 1,Hybrid,3,7,Senior (6-9 yrs),8.1,15.2,11.65,2025-09-07,10,Naukri.com
JOB-101761,Senior Data Analyst,Data Analyst,Cognizant,IT Services,Mumbai,Maharashtra,Tier 1,Hybrid,0,2,Entry / Junior (0-2 yrs),,,,2025-10-09,9,Naukri.com
JOB-101762,PL/SQL Developer,SQL Developer,Razorpay,Fintech,Hyderabad,Telangana,Tier 1,On-Site,0,1,Entry / Junior (0-2 yrs),2.7,5.4,4.05,2025-11-21,9,Naukri.com
JOB-101763,BI & Analytics Specialist,BI Analyst,Paytm,Fintech,Bengaluru,Karnataka,Tier 1,On-Site,1,3,Mid-Level (3-5 yrs),4.1,7.7,5.9,2026-02-25,10,LinkedIn
JOB-101764,Database Administrator & SQL Dev,SQL Developer,McKinsey & Company,Strategy Consulting,Bengaluru,Karnataka,Tier 1,On-Site,1,4,Mid-Level (3-5 yrs),4.7,8.8,6.75,2025-11-16,7,LinkedIn
JOB-101765,Python Backend & Analytics Engineer,Python Developer,HCL Technologies,IT Services,Bengaluru,Karnataka,Tier 1,Hybrid,7,11,Lead / Principal (10+ yrs),,,,2026-02-08,12,LinkedIn
JOB-101766,Healthcare Data Analyst,Data Analyst,Zomato,Tech / Consumer,Noida,Uttar Pradesh,Tier 1,On-Site,5,7,Senior (6-9 yrs),6.8,12.8,9.8,2025-11-24,7,Indeed
JOB-101767,Power BI Developer,BI Analyst,EY,Consulting,Pune,Maharashtra,Tier 1,On-Site,5,7,Senior (6-9 yrs),,,,2025-09-23,10,LinkedIn
JOB-101768,Cloud Data Engineer,Data Engineer,Standard Chartered,Banking,Hyderabad,Telangana,Tier 1,On-Site,4,7,Senior (6-9 yrs),,,,2026-02-27,7,LinkedIn
JOB-101769,Operations Analyst,Data Analyst,PhonePe,Fintech,Bengaluru,Karnataka,Tier 1,On-Site,0,2,Entry / Junior (0-2 yrs),2.8,5.6,4.2,2026-01-25,10,Naukri.com
JOB-101770,Senior BI Consultant,BI Analyst,Google,Product / Tech,Hyderabad,Telangana,Tier 1,On-Site,2,4,Mid-Level (3-5 yrs),,,,2025-09-21,10,LinkedIn
JOB-101771,Database Administrator & SQL Dev,SQL Developer,Standard Chartered,Banking,Pune,Maharashtra,Tier 1,Hybrid,9,13,Lead / Principal (10+ yrs),17.6,30.9,24.25,2026-02-03,10,Naukri.com
JOB-101772,Senior Python Developer,Python Developer,Fractal Analytics,Pureplay Analytics,Bengaluru,Karnataka,Tier 1,Remote,0,1,Entry / Junior (0-2 yrs),3.0,6.1,4.55,2025-10-21,11,Indeed
JOB-101773,PL/SQL Developer,SQL Developer,LTIMindtree,IT Services,Hyderabad,Telangana,Tier 1,Hybrid,3,5,Mid-Level (3-5 yrs),5.2,9.7,7.45,2025-11-16,15,LinkedIn
JOB-101774,Python Backend & Analytics Engineer,Python Developer,Flipkart,E-Commerce,Hyderabad,Telangana,Tier 1,On-Site,0,1,Entry / Junior (0-2 yrs),3.2,6.6,4.9,2025-12-10,7,Naukri.com
JOB-101775,Junior Python Engineer,Python Developer,Wipro,IT Services,Pune,Maharashtra,Tier 1,Hybrid,5,7,Senior (6-9 yrs),,,,2026-01-07,7,Naukri.com
JOB-101776,Senior T-SQL Developer,SQL Developer,KPMG,Consulting,Hyderabad,Telangana,Tier 1,Remote,5,7,Senior (6-9 yrs),6.2,11.8,9.0,2025-12-05,11,Naukri.com
JOB-101777,Python Data Programmer,Python Developer,Capgemini,IT Services,Pune,Maharashtra,Tier 1,Hybrid,3,6,Senior (6-9 yrs),6.1,11.4,8.75,2026-01-09,10,Naukri.com
JOB-101778,Healthcare Data Analyst,Data Analyst,Goldman Sachs,Banking / Finance,Hyderabad,Telangana,Tier 1,On-Site,1,3,Mid-Level (3-5 yrs),4.6,8.7,6.65,2026-02-09,10,Indeed
JOB-101779,Healthcare Data Analyst,Data Analyst,Mu Sigma,Pureplay Analytics,Pune,Maharashtra,Tier 1,Hybrid,3,6,Senior (6-9 yrs),5.5,10.4,7.95,2025-12-17,8,Naukri.com
JOB-101780,Healthcare Data Analyst,Data Analyst,Morgan Stanley,Banking / Finance,Bengaluru,Karnataka,Tier 1,On-Site,5,8,Senior (6-9 yrs),7.7,14.4,11.05,2025-11-28,9,LinkedIn
JOB-101781,Big Data Engineer,Data Engineer,Zomato,Tech / Consumer,Pune,Maharashtra,Tier 1,Hybrid,5,9,Senior (6-9 yrs),,,,2025-12-01,9,LinkedIn
JOB-101782,Junior Data Engineer,Data Engineer,Meesho,E-Commerce,Hyderabad,Telangana,Tier 1,Hybrid,0,1,Entry / Junior (0-2 yrs),,,,2025-12-04,7,LinkedIn
JOB-101783,Financial Data Analyst,Data Analyst,PhonePe,Fintech,Bengaluru,Karnataka,Tier 1,On-Site,5,9,Senior (6-9 yrs),,,,2026-01-20,8,Naukri.com
JOB-101784,Tableau Developer,BI Analyst,Flipkart,E-Commerce,Bengaluru,Karnataka,Tier 1,On-Site,3,6,Senior (6-9 yrs),,,,2025-09-21,13,LinkedIn
JOB-101785,ETL Developer,Data Engineer,Tata Consultancy Services,IT Services,Mumbai,Maharashtra,Tier 1,Remote,5,9,Senior (6-9 yrs),11.1,19.3,15.2,2025-12-26,12,LinkedIn
JOB-101786,Marketing Data Analyst,Data Analyst,JPMorgan Chase,Banking / Finance,Hyderabad,Telangana,Tier 1,On-Site,1,4,Mid-Level (3-5 yrs),,,,2025-10-16,11,LinkedIn
JOB-101787,Senior Data Engineer,Data Engineer,Flipkart,E-Commerce,Hyderabad,Telangana,Tier 1,Hybrid,0,1,Entry / Junior (0-2 yrs),3.8,7.7,5.75,2025-10-08,11,Naukri.com
JOB-101788,Python Data Programmer,Python Developer,Tiger Analytics,Pureplay Analytics,Remote,All India,Remote,Remote,4,6,Senior (6-9 yrs),7.8,14.7,11.25,2025-09-29,12,LinkedIn
JOB-101789,PL/SQL Developer,SQL Developer,LTIMindtree,IT Services,Mumbai,Maharashtra,Tier 1,Hybrid,5,8,Senior (6-9 yrs),5.2,9.7,7.45,2025-10-03,10,LinkedIn
JOB-101790,Data Analyst,Data Analyst,Morgan Stanley,Banking / Finance,Gurgaon,Haryana,Tier 1,On-Site,9,13,Lead / Principal (10+ yrs),,,,2026-01-17,9,LinkedIn
JOB-101791,Cloud Data Engineer,Data Engineer,Paytm,Fintech,Gurgaon,Haryana,Tier 1,On-Site,1,4,Mid-Level (3-5 yrs),,,,2026-01-02,8,Company Careers Portal
JOB-101792,Cloud Data Engineer,Data Engineer,PhonePe,Fintech,Gurgaon,Haryana,Tier 1,On-Site,5,7,Senior (6-9 yrs),9.9,18.6,14.25,2025-10-29,8,Naukri.com
JOB-101793,Marketing Data Analyst,Data Analyst,Goldman Sachs,Banking / Finance,Bengaluru,Karnataka,Tier 1,On-Site,9,13,Lead / Principal (10+ yrs),,,,2025-11-25,11,Naukri.com
JOB-101794,Data Analyst,Data Analyst,JPMorgan Chase,Banking / Finance,Noida,Uttar Pradesh,Tier 1,Hybrid,5,8,Senior (6-9 yrs),7.5,14.1,10.8,2025-10-01,9,Naukri.com
JOB-101795,Python Developer,Python Developer,Infosys,IT Services,Hyderabad,Telangana,Tier 1,Hybrid,0,2,Entry / Junior (0-2 yrs),2.1,4.3,3.2,2025-10-03,11,LinkedIn
JOB-101796,Junior Python Engineer,Python Developer,KPMG,Consulting,Hyderabad,Telangana,Tier 1,Hybrid,3,6,Senior (6-9 yrs),7.3,13.8,10.55,2026-01-07,9,LinkedIn
JOB-101797,Data Analyst,Data Analyst,Cognizant,IT Services,Bengaluru,Karnataka,Tier 1,Hybrid,2,5,Mid-Level (3-5 yrs),3.0,5.7,4.35,2026-02-23,8,Naukri.com
JOB-101798,Reporting Analyst,BI Analyst,CRED,Fintech,Bengaluru,Karnataka,Tier 1,On-Site,5,8,Senior (6-9 yrs),14.3,24.7,19.5,2026-01-24,9,Naukri.com
JOB-101799,Junior Data Engineer,Data Engineer,Flipkart,E-Commerce,Hyderabad,Telangana,Tier 1,On-Site,9,14,Lead / Principal (10+ yrs),28.5,49.9,39.2,2026-02-05,10,LinkedIn
JOB-101800,BI & Analytics Specialist,BI Analyst,Wipro,IT Services,Bengaluru,Karnataka,Tier 1,On-Site,2,4,Mid-Level (3-5 yrs),3.0,5.6,4.3,2025-11-21,8,Indeed
JOB-101801,Big Data Engineer,Data Engineer,Swiggy,Tech / Consumer,Mumbai,Maharashtra,Tier 1,Hybrid,7,11,Lead / Principal (10+ yrs),,,,2025-11-19,14,LinkedIn
JOB-101802,Python Developer,Python Developer,McKinsey & Company,Strategy Consulting,Gurgaon,Haryana,Tier 1,On-Site,2,4,Mid-Level (3-5 yrs),5.5,10.4,7.95,2026-02-04,9,LinkedIn
JOB-101803,Senior T-SQL Developer,SQL Developer,EY,Consulting,Hyderabad,Telangana,Tier 1,On-Site,0,1,Entry / Junior (0-2 yrs),2.4,4.8,3.6,2025-11-01,11,LinkedIn
JOB-101804,Associate Analyst - Data,Data Analyst,Amazon,Product / Tech,Pune,Maharashtra,Tier 1,Remote,1,4,Mid-Level (3-5 yrs),4.8,9.0,6.9,2025-10-24,10,Indeed
JOB-101805,Data Analyst,Data Analyst,Flipkart,E-Commerce,Hyderabad,Telangana,Tier 1,On-Site,3,7,Senior (6-9 yrs),,,,2025-11-18,9,Naukri.com
JOB-101806,Big Data Engineer,Data Engineer,Uber,Tech,Hyderabad,Telangana,Tier 1,Hybrid,3,7,Senior (6-9 yrs),10.3,19.4,14.85,2025-12-16,11,Company Careers Portal
JOB-101807,ETL Developer,Data Engineer,Accenture,Consulting / IT,Bengaluru,Karnataka,Tier 1,Remote,2,5,Mid-Level (3-5 yrs),4.9,9.2,7.05,2025-12-26,9,LinkedIn
JOB-101808,BI & Analytics Specialist,BI Analyst,LTIMindtree,IT Services,Remote,All India,Remote,Remote,1,3,Mid-Level (3-5 yrs),3.3,6.4,4.85,2026-01-07,6,LinkedIn
JOB-101809,Business Intelligence Analyst,BI Analyst,EY,Consulting,Bengaluru,Karnataka,Tier 1,On-Site,3,6,Senior (6-9 yrs),6.9,13.0,9.95,2025-09-07,9,Indeed
JOB-101810,Senior Data Engineer,Data Engineer,Zomato,Tech / Consumer,Bengaluru,Karnataka,Tier 1,Hybrid,0,2,Entry / Junior (0-2 yrs),3.5,7.0,5.25,2025-09-20,11,LinkedIn
JOB-101811,PL/SQL Developer,SQL Developer,Meesho,E-Commerce,Hyderabad,Telangana,Tier 1,Hybrid,5,9,Senior (6-9 yrs),6.7,12.5,9.6,2025-09-02,11,Naukri.com
JOB-101812,Healthcare Data Analyst,Data Analyst,HCL Technologies,IT Services,Pune,Maharashtra,Tier 1,Hybrid,6,10,Lead / Principal (10+ yrs),8.7,15.1,11.9,2026-01-08,9,LinkedIn
JOB-101813,Financial Data Analyst,Data Analyst,JPMorgan Chase,Banking / Finance,Hyderabad,Telangana,Tier 1,Hybrid,6,9,Senior (6-9 yrs),13.2,22.9,18.05,2025-12-03,8,Indeed
JOB-101814,Analytics Engineer,Data Engineer,HDFC Bank,Banking,Mumbai,Maharashtra,Tier 1,Hybrid,3,7,Senior (6-9 yrs),7.8,14.7,11.25,2025-10-10,11,LinkedIn
JOB-101815,Data Engineer,Data Engineer,McKinsey & Company,Strategy Consulting,Chennai,Tamil Nadu,Tier 1,On-Site,5,8,Senior (6-9 yrs),,,,2026-02-24,9,Naukri.com
JOB-101816,Senior Python Developer,Python Developer,Amazon,Product / Tech,Bengaluru,Karnataka,Tier 1,Hybrid,1,3,Mid-Level (3-5 yrs),,,,2025-09-04,8,LinkedIn
JOB-101817,Cloud Data Engineer,Data Engineer,Capgemini,IT Services,Chennai,Tamil Nadu,Tier 1,On-Site,5,9,Senior (6-9 yrs),,,,2025-12-07,10,Naukri.com
JOB-101818,Power BI Developer,BI Analyst,Barclays,Banking,Hyderabad,Telangana,Tier 1,On-Site,5,7,Senior (6-9 yrs),7.3,13.8,10.55,2025-10-19,12,LinkedIn
JOB-101819,Database Administrator & SQL Dev,SQL Developer,Goldman Sachs,Banking / Finance,Bengaluru,Karnataka,Tier 1,Hybrid,0,2,Entry / Junior (0-2 yrs),2.9,5.9,4.4,2026-02-26,10,Indeed
JOB-101820,Junior Data Analyst,Data Analyst,PhonePe,Fintech,Bengaluru,Karnataka,Tier 1,Hybrid,7,11,Lead / Principal (10+ yrs),12.9,22.4,17.65,2025-12-28,10,LinkedIn
JOB-101821,Data Analyst,Data Analyst,Paytm,Fintech,Bengaluru,Karnataka,Tier 1,Remote,0,2,Entry / Junior (0-2 yrs),2.4,4.9,3.65,2025-11-17,9,Naukri.com
JOB-101822,Big Data Engineer,Data Engineer,McKinsey & Company,Strategy Consulting,Bengaluru,Karnataka,Tier 1,Hybrid,4,7,Senior (6-9 yrs),10.9,20.5,15.7,2026-01-01,8,Naukri.com
JOB-101823,Python Developer,Python Developer,Cognizant,IT Services,Bengaluru,Karnataka,Tier 1,Hybrid,3,6,Senior (6-9 yrs),5.9,11.0,8.45,2025-10-08,9,Naukri.com
JOB-101824,Tableau Developer,BI Analyst,Amazon,Product / Tech,Bengaluru,Karnataka,Tier 1,Hybrid,2,4,Mid-Level (3-5 yrs),5.1,9.7,7.4,2025-09-06,11,LinkedIn
JOB-101825,Reporting Analyst,BI Analyst,KPMG,Consulting,Bengaluru,Karnataka,Tier 1,Hybrid,8,12,Lead / Principal (10+ yrs),19.4,34.0,26.7,2026-01-26,13,Naukri.com
JOB-101826,Senior Data Analyst,Data Analyst,Goldman Sachs,Banking / Finance,Bengaluru,Karnataka,Tier 1,On-Site,0,2,Entry / Junior (0-2 yrs),2.9,6.0,4.45,2025-11-29,7,LinkedIn
JOB-101827,Operations Analyst,Data Analyst,Paytm,Fintech,Pune,Maharashtra,Tier 1,Remote,2,4,Mid-Level (3-5 yrs),3.8,7.1,5.45,2025-09-24,13,Naukri.com
JOB-101828,Lead Data Analyst,Data Analyst,Goldman Sachs,Banking / Finance,Hyderabad,Telangana,Tier 1,On-Site,3,6,Senior (6-9 yrs),7.8,14.7,11.25,2025-12-01,11,LinkedIn
JOB-101829,Power BI Developer,BI Analyst,PwC,Consulting,Bengaluru,Karnataka,Tier 1,On-Site,7,11,Lead / Principal (10+ yrs),,,,2025-11-21,14,LinkedIn
JOB-101830,ETL Developer,Data Engineer,Standard Chartered,Banking,Bengaluru,Karnataka,Tier 1,Hybrid,0,2,Entry / Junior (0-2 yrs),3.2,6.6,4.9,2025-11-24,11,Naukri.com
JOB-101831,Database Developer (SQL),SQL Developer,Razorpay,Fintech,Hyderabad,Telangana,Tier 1,On-Site,3,7,Senior (6-9 yrs),7.1,13.3,10.2,2025-10-13,8,Indeed
JOB-101832,Junior Python Engineer,Python Developer,Flipkart,E-Commerce,Pune,Maharashtra,Tier 1,Hybrid,3,7,Senior (6-9 yrs),8.6,16.2,12.4,2025-12-23,11,Naukri.com
JOB-101833,Junior Data Engineer,Data Engineer,Wipro,IT Services,Hyderabad,Telangana,Tier 1,On-Site,5,9,Senior (6-9 yrs),11.1,19.3,15.2,2025-12-14,9,Naukri.com
JOB-101834,Python Backend & Analytics Engineer,Python Developer,Meesho,E-Commerce,Bengaluru,Karnataka,Tier 1,On-Site,7,10,Lead / Principal (10+ yrs),13.8,23.9,18.85,2026-01-29,7,LinkedIn
JOB-101835,Operations Analyst,Data Analyst,HSBC,Banking,Hyderabad,Telangana,Tier 1,On-Site,1,3,Mid-Level (3-5 yrs),3.9,7.4,5.65,2025-11-26,10,LinkedIn
JOB-101836,Operations Analyst,Data Analyst,PwC,Consulting,Bengaluru,Karnataka,Tier 1,On-Site,5,9,Senior (6-9 yrs),11.4,19.8,15.6,2025-09-25,11,LinkedIn
JOB-101837,Associate Analyst - Data,Data Analyst,ICICI Bank,Banking,Gurgaon,Haryana,Tier 1,Hybrid,2,4,Mid-Level (3-5 yrs),3.2,6.2,4.7,2025-09-12,10,Indeed
JOB-101838,Analytics Engineer,Data Engineer,Tiger Analytics,Pureplay Analytics,Hyderabad,Telangana,Tier 1,Remote,6,10,Lead / Principal (10+ yrs),16.2,28.1,22.15,2025-09-08,11,Naukri.com
JOB-101839,Database Developer (SQL),SQL Developer,Infosys,IT Services,Hyderabad,Telangana,Tier 1,Hybrid,5,7,Senior (6-9 yrs),4.8,9.1,6.95,2025-11-08,12,Naukri.com
JOB-101840,Cloud Data Engineer,Data Engineer,Paytm,Fintech,Hyderabad,Telangana,Tier 1,On-Site,5,9,Senior (6-9 yrs),,,,2025-10-01,10,Naukri.com
JOB-101841,Senior Data Analyst,Data Analyst,Barclays,Banking,Pune,Maharashtra,Tier 1,On-Site,3,6,Senior (6-9 yrs),,,,2025-10-08,9,Naukri.com
JOB-101842,Senior BI Consultant,BI Analyst,Paytm,Fintech,Gurgaon,Haryana,Tier 1,On-Site,5,7,Senior (6-9 yrs),,,,2026-01-21,9,Naukri.com
JOB-101843,Business Intelligence Analyst,BI Analyst,Infosys,IT Services,Hyderabad,Telangana,Tier 1,On-Site,4,6,Senior (6-9 yrs),5.3,10.0,7.65,2025-11-24,7,LinkedIn
JOB-101844,BI & Analytics Specialist,BI Analyst,Uber,Tech,Bengaluru,Karnataka,Tier 1,Remote,6,10,Lead / Principal (10+ yrs),14.6,25.3,19.95,2025-12-25,8,Indeed
JOB-101845,Lead Data Analyst,Data Analyst,KPMG,Consulting,Bengaluru,Karnataka,Tier 1,Hybrid,3,5,Mid-Level (3-5 yrs),6.4,12.0,9.2,2025-11-14,9,Company Careers Portal
JOB-101846,Big Data Engineer,Data Engineer,Microsoft,Product / Tech,Gurgaon,Haryana,Tier 1,On-Site,5,9,Senior (6-9 yrs),11.0,20.7,15.85,2025-09-17,10,Naukri.com
JOB-101847,ETL Developer,Data Engineer,Infosys,IT Services,Bengaluru,Karnataka,Tier 1,Hybrid,5,7,Senior (6-9 yrs),6.7,12.5,9.6,2025-09-03,12,Naukri.com
JOB-101848,BI Developer,BI Analyst,HSBC,Banking,Mumbai,Maharashtra,Tier 1,On-Site,5,8,Senior (6-9 yrs),7.2,13.5,10.35,2025-11-28,13,LinkedIn
JOB-101849,Senior BI Consultant,BI Analyst,Mu Sigma,Pureplay Analytics,Mumbai,Maharashtra,Tier 1,On-Site,2,5,Mid-Level (3-5 yrs),3.5,6.7,5.1,2025-12-13,11,Naukri.com
JOB-101850,Tableau Developer,BI Analyst,ICICI Bank,Banking,Mumbai,Maharashtra,Tier 1,On-Site,2,5,Mid-Level (3-5 yrs),3.5,6.7,5.1,2025-12-31,10,LinkedIn
JOB-101851,Senior BI Consultant,BI Analyst,EY,Consulting,Pune,Maharashtra,Tier 1,On-Site,0,1,Entry / Junior (0-2 yrs),2.6,5.3,3.95,2026-02-12,9,LinkedIn
JOB-101852,Big Data Engineer,Data Engineer,Standard Chartered,Banking,Gurgaon,Haryana,Tier 1,Hybrid,4,8,Senior (6-9 yrs),8.6,16.2,12.4,2025-12-07,10,Naukri.com
JOB-101853,Python Data Programmer,Python Developer,HDFC Bank,Banking,Bengaluru,Karnataka,Tier 1,On-Site,6,10,Lead / Principal (10+ yrs),11.7,20.3,16.0,2025-10-17,12,Naukri.com
JOB-101854,Senior Data Analyst,Data Analyst,Amazon,Product / Tech,Hyderabad,Telangana,Tier 1,Hybrid,7,10,Lead / Principal (10+ yrs),14.2,24.7,19.45,2025-11-28,10,Naukri.com
JOB-101855,Database Administrator & SQL Dev,SQL Developer,PwC,Consulting,Noida,Uttar Pradesh,Tier 1,Hybrid,5,8,Senior (6-9 yrs),11.2,19.4,15.3,2025-11-29,10,Naukri.com
JOB-101856,Junior Python Engineer,Python Developer,Capgemini,IT Services,Bengaluru,Karnataka,Tier 1,On-Site,1,3,Mid-Level (3-5 yrs),3.6,6.8,5.2,2026-02-03,8,Naukri.com
JOB-101857,Power BI Developer,BI Analyst,Capgemini,IT Services,Pune,Maharashtra,Tier 1,Hybrid,1,4,Mid-Level (3-5 yrs),3.3,6.4,4.85,2025-11-26,12,LinkedIn
JOB-101858,Python Backend & Analytics Engineer,Python Developer,HCL Technologies,IT Services,Gurgaon,Haryana,Tier 1,On-Site,1,4,Mid-Level (3-5 yrs),3.3,6.3,4.8,2025-10-21,9,LinkedIn
JOB-101859,SQL Developer,SQL Developer,Morgan Stanley,Banking / Finance,Bengaluru,Karnataka,Tier 1,On-Site,5,8,Senior (6-9 yrs),7.5,14.1,10.8,2025-09-14,11,LinkedIn
JOB-101860,Operations Analyst,Data Analyst,KPMG,Consulting,Bengaluru,Karnataka,Tier 1,Hybrid,5,9,Senior (6-9 yrs),6.4,12.0,9.2,2026-02-17,9,Indeed
JOB-101861,Senior Data Engineer,Data Engineer,Flipkart,E-Commerce,Hyderabad,Telangana,Tier 1,Hybrid,1,3,Mid-Level (3-5 yrs),5.9,11.3,8.6,2025-09-14,11,LinkedIn
JOB-101862,Senior Data Engineer,Data Engineer,Paytm,Fintech,Pune,Maharashtra,Tier 1,On-Site,5,9,Senior (6-9 yrs),15.2,26.3,20.75,2025-10-20,10,Naukri.com
JOB-101863,Junior Data Analyst,Data Analyst,ICICI Bank,Banking,Hyderabad,Telangana,Tier 1,On-Site,5,8,Senior (6-9 yrs),9.8,16.9,13.35,2025-10-17,7,LinkedIn
JOB-101864,Data Engineer,Data Engineer,Swiggy,Tech / Consumer,Gurgaon,Haryana,Tier 1,Hybrid,3,7,Senior (6-9 yrs),9.4,17.7,13.55,2026-01-18,10,Naukri.com
JOB-101865,Marketing Data Analyst,Data Analyst,Google,Product / Tech,Noida,Uttar Pradesh,Tier 1,Hybrid,2,5,Mid-Level (3-5 yrs),4.9,9.3,7.1,2026-01-26,9,Indeed
JOB-101866,Operations Analyst,Data Analyst,Zomato,Tech / Consumer,Pune,Maharashtra,Tier 1,Hybrid,2,4,Mid-Level (3-5 yrs),4.0,7.6,5.8,2025-12-13,11,LinkedIn
JOB-101867,BI Developer,BI Analyst,Deloitte,Consulting,Bengaluru,Karnataka,Tier 1,Hybrid,5,8,Senior (6-9 yrs),7.2,13.5,10.35,2025-10-19,10,LinkedIn
JOB-101868,PL/SQL Developer,SQL Developer,CRED,Fintech,Bengaluru,Karnataka,Tier 1,On-Site,4,8,Senior (6-9 yrs),7.3,13.8,10.55,2025-09-15,11,LinkedIn
JOB-101869,Lead Data Analyst,Data Analyst,Barclays,Banking,Bengaluru,Karnataka,Tier 1,On-Site,0,1,Entry / Junior (0-2 yrs),2.6,5.2,3.9,2026-02-22,10,Naukri.com
JOB-101870,Analytics Engineer,Data Engineer,KPMG,Consulting,Hyderabad,Telangana,Tier 1,Remote,1,4,Mid-Level (3-5 yrs),,,,2025-12-14,11,Indeed
JOB-101871,Data Analyst,Data Analyst,Meesho,E-Commerce,Hyderabad,Telangana,Tier 1,Hybrid,4,6,Senior (6-9 yrs),6.8,12.8,9.8,2025-12-15,8,LinkedIn
JOB-101872,Database Developer (SQL),SQL Developer,Wipro,IT Services,Hyderabad,Telangana,Tier 1,Hybrid,9,13,Lead / Principal (10+ yrs),12.9,22.6,17.75,2025-09-27,13,LinkedIn
JOB-101873,Junior Data Analyst,Data Analyst,Meesho,E-Commerce,Bengaluru,Karnataka,Tier 1,Remote,5,8,Senior (6-9 yrs),12.0,20.8,16.4,2025-10-22,8,LinkedIn
JOB-101874,Big Data Engineer,Data Engineer,Uber,Tech,Pune,Maharashtra,Tier 1,On-Site,1,4,Mid-Level (3-5 yrs),6.1,11.5,8.8,2025-12-29,10,Indeed
JOB-101875,Cloud Data Engineer,Data Engineer,PhonePe,Fintech,Pune,Maharashtra,Tier 1,Hybrid,2,5,Mid-Level (3-5 yrs),,,,2025-09-07,10,Naukri.com
JOB-101876,ETL Developer,Data Engineer,Meesho,E-Commerce,Noida,Uttar Pradesh,Tier 1,Hybrid,1,3,Mid-Level (3-5 yrs),5.4,10.3,7.85,2025-11-02,14,LinkedIn
JOB-101877,Marketing Data Analyst,Data Analyst,Amazon,Product / Tech,Pune,Maharashtra,Tier 1,On-Site,4,7,Senior (6-9 yrs),8.1,15.2,11.65,2026-02-28,5,Naukri.com
JOB-101878,Senior T-SQL Developer,SQL Developer,Microsoft,Product / Tech,Gurgaon,Haryana,Tier 1,On-Site,4,6,Senior (6-9 yrs),8.0,15.1,11.55,2025-09-27,10,Company Careers Portal
JOB-101879,Python Developer,Python Developer,McKinsey & Company,Strategy Consulting,Chennai,Tamil Nadu,Tier 1,Hybrid,6,10,Lead / Principal (10+ yrs),16.4,28.4,22.4,2026-01-25,11,Company Careers Portal
JOB-101880,Business Intelligence Analyst,BI Analyst,Microsoft,Product / Tech,Gurgaon,Haryana,Tier 1,Hybrid,8,12,Lead / Principal (10+ yrs),24.9,43.5,34.2,2025-12-03,11,Indeed
JOB-101881,Senior T-SQL Developer,SQL Developer,Capgemini,IT Services,Hyderabad,Telangana,Tier 1,Hybrid,3,5,Mid-Level (3-5 yrs),5.2,9.7,7.45,2025-11-18,8,LinkedIn
JOB-101882,Junior Data Analyst,Data Analyst,PhonePe,Fintech,Chennai,Tamil Nadu,Tier 1,On-Site,5,7,Senior (6-9 yrs),7.3,13.8,10.55,2026-01-15,6,Company Careers Portal
JOB-101883,Big Data Engineer,Data Engineer,McKinsey & Company,Strategy Consulting,Chennai,Tamil Nadu,Tier 1,Hybrid,5,8,Senior (6-9 yrs),,,,2026-01-08,7,Naukri.com
JOB-101884,Cloud Data Engineer,Data Engineer,Meesho,E-Commerce,Hyderabad,Telangana,Tier 1,Remote,2,5,Mid-Level (3-5 yrs),,,,2025-10-06,12,Naukri.com
JOB-101885,Analytics Engineer,Data Engineer,EY,Consulting,Mumbai,Maharashtra,Tier 1,On-Site,5,9,Senior (6-9 yrs),15.2,26.3,20.75,2025-09-27,9,Company Careers Portal
JOB-101886,Python Backend & Analytics Engineer,Python Developer,Zomato,Tech / Consumer,Pune,Maharashtra,Tier 1,On-Site,5,9,Senior (6-9 yrs),13.8,23.9,18.85,2026-02-27,9,LinkedIn
JOB-101887,SQL Developer,SQL Developer,Swiggy,Tech / Consumer,Hyderabad,Telangana,Tier 1,Remote,2,4,Mid-Level (3-5 yrs),4.0,7.6,5.8,2026-02-27,9,LinkedIn
JOB-101888,Marketing Data Analyst,Data Analyst,HDFC Bank,Banking,Pune,Maharashtra,Tier 1,Hybrid,5,9,Senior (6-9 yrs),5.8,10.9,8.35,2026-01-27,9,Naukri.com
JOB-101889,SQL Developer,SQL Developer,Standard Chartered,Banking,Pune,Maharashtra,Tier 1,Remote,5,9,Senior (6-9 yrs),,,,2025-11-17,8,LinkedIn
JOB-101890,Data Engineer,Data Engineer,Morgan Stanley,Banking / Finance,Bengaluru,Karnataka,Tier 1,On-Site,4,6,Senior (6-9 yrs),10.3,19.4,14.85,2025-12-25,10,Naukri.com
JOB-101891,Business Intelligence Analyst,BI Analyst,McKinsey & Company,Strategy Consulting,Hyderabad,Telangana,Tier 1,On-Site,6,10,Lead / Principal (10+ yrs),15.4,26.7,21.05,2025-10-12,10,Naukri.com
JOB-101892,PL/SQL Developer,SQL Developer,Tata Consultancy Services,IT Services,Pune,Maharashtra,Tier 1,Hybrid,5,8,Senior (6-9 yrs),8.1,14.0,11.05,2025-11-15,10,LinkedIn
JOB-101893,Python Data Programmer,Python Developer,Razorpay,Fintech,Hyderabad,Telangana,Tier 1,Hybrid,5,9,Senior (6-9 yrs),8.3,15.6,11.95,2026-01-08,13,Naukri.com
JOB-101894,Financial Data Analyst,Data Analyst,Paytm,Fintech,Mumbai,Maharashtra,Tier 1,On-Site,10,15,Lead / Principal (10+ yrs),18.0,31.5,24.75,2025-11-22,10,Naukri.com
JOB-101895,Cloud Data Engineer,Data Engineer,Microsoft,Product / Tech,Mumbai,Maharashtra,Tier 1,On-Site,9,14,Lead / Principal (10+ yrs),31.1,54.4,42.75,2025-11-03,12,Naukri.com
JOB-101896,Power BI Developer,BI Analyst,Zomato,Tech / Consumer,Bengaluru,Karnataka,Tier 1,Hybrid,3,6,Senior (6-9 yrs),7.3,13.8,10.55,2025-10-03,14,Naukri.com
JOB-101897,Big Data Engineer,Data Engineer,Tiger Analytics,Pureplay Analytics,Bengaluru,Karnataka,Tier 1,On-Site,5,8,Senior (6-9 yrs),9.2,17.3,13.25,2026-02-28,10,LinkedIn
JOB-101898,Senior BI Consultant,BI Analyst,Fractal Analytics,Pureplay Analytics,Pune,Maharashtra,Tier 1,On-Site,2,5,Mid-Level (3-5 yrs),4.4,8.4,6.4,2025-12-30,12,Naukri.com
JOB-101899,Tableau Developer,BI Analyst,Mu Sigma,Pureplay Analytics,Hyderabad,Telangana,Tier 1,Hybrid,5,8,Senior (6-9 yrs),6.0,11.2,8.6,2025-10-25,10,Indeed
JOB-101900,Senior T-SQL Developer,SQL Developer,Goldman Sachs,Banking / Finance,Bengaluru,Karnataka,Tier 1,Hybrid,2,4,Mid-Level (3-5 yrs),,,,2025-10-16,11,LinkedIn
JOB-101901,ETL Developer,Data Engineer,Paytm,Fintech,Bengaluru,Karnataka,Tier 1,On-Site,5,7,Senior (6-9 yrs),8.6,16.2,12.4,2025-09-28,10,LinkedIn
JOB-101902,Database Administrator & SQL Dev,SQL Developer,KPMG,Consulting,Gurgaon,Haryana,Tier 1,On-Site,6,9,Senior (6-9 yrs),11.0,19.1,15.05,2026-02-13,9,LinkedIn
JOB-101903,Power BI Developer,BI Analyst,KPMG,Consulting,Gurgaon,Haryana,Tier 1,On-Site,4,8,Senior (6-9 yrs),6.9,13.0,9.95,2025-12-23,12,Naukri.com
JOB-101904,SQL Developer,SQL Developer,McKinsey & Company,Strategy Consulting,Gurgaon,Haryana,Tier 1,On-Site,4,7,Senior (6-9 yrs),,,,2025-11-04,12,Naukri.com
JOB-101905,SQL Developer,SQL Developer,Flipkart,E-Commerce,Pune,Maharashtra,Tier 1,Hybrid,3,5,Mid-Level (3-5 yrs),7.3,13.8,10.55,2025-11-07,9,LinkedIn
JOB-101906,ETL Developer,Data Engineer,Infosys,IT Services,Remote,All India,Remote,Remote,1,4,Mid-Level (3-5 yrs),3.9,7.4,5.65,2026-01-22,11,LinkedIn
JOB-101907,Power BI Developer,BI Analyst,Google,Product / Tech,Noida,Uttar Pradesh,Tier 1,Hybrid,0,1,Entry / Junior (0-2 yrs),3.4,6.9,5.15,2025-11-21,10,Naukri.com
JOB-101908,Operations Analyst,Data Analyst,Standard Chartered,Banking,Bengaluru,Karnataka,Tier 1,On-Site,5,9,Senior (6-9 yrs),6.4,12.0,9.2,2026-01-06,9,Naukri.com
JOB-101909,Associate Analyst - Data,Data Analyst,EY,Consulting,Bengaluru,Karnataka,Tier 1,Hybrid,3,7,Senior (6-9 yrs),6.4,12.0,9.2,2025-11-01,9,Naukri.com
JOB-101910,Financial Data Analyst,Data Analyst,Zomato,Tech / Consumer,Hyderabad,Telangana,Tier 1,On-Site,3,6,Senior (6-9 yrs),6.8,12.8,9.8,2026-01-08,10,LinkedIn
JOB-101911,Healthcare Data Analyst,Data Analyst,Meesho,E-Commerce,Bengaluru,Karnataka,Tier 1,On-Site,5,8,Senior (6-9 yrs),12.0,20.8,16.4,2026-01-30,8,Naukri.com
JOB-101912,BI Developer,BI Analyst,Mu Sigma,Pureplay Analytics,Bengaluru,Karnataka,Tier 1,Hybrid,2,5,Mid-Level (3-5 yrs),3.5,6.7,5.1,2026-01-15,10,LinkedIn
JOB-101913,Senior Data Analyst,Data Analyst,Swiggy,Tech / Consumer,Remote,All India,Remote,Remote,4,8,Senior (6-9 yrs),7.0,13.1,10.05,2025-12-12,10,Indeed
JOB-101914,Operations Analyst,Data Analyst,Microsoft,Product / Tech,Remote,All India,Remote,Remote,2,5,Mid-Level (3-5 yrs),,,,2026-02-28,9,LinkedIn
JOB-101915,Power BI Developer,BI Analyst,HCL Technologies,IT Services,Hyderabad,Telangana,Tier 1,Hybrid,3,7,Senior (6-9 yrs),,,,2025-11-26,12,Indeed
JOB-101916,Database Developer (SQL),SQL Developer,EY,Consulting,Hyderabad,Telangana,Tier 1,On-Site,2,5,Mid-Level (3-5 yrs),,,,2025-10-06,11,Company Careers Portal
JOB-101917,Associate Analyst - Data,Data Analyst,Cognizant,IT Services,Hyderabad,Telangana,Tier 1,On-Site,2,5,Mid-Level (3-5 yrs),3.0,5.7,4.35,2025-12-20,13,Indeed
JOB-101918,Tableau Developer,BI Analyst,EY,Consulting,Pune,Maharashtra,Tier 1,Hybrid,3,7,Senior (6-9 yrs),6.9,13.0,9.95,2025-10-28,11,Naukri.com
JOB-101919,Tableau Developer,BI Analyst,HSBC,Banking,Noida,Uttar Pradesh,Tier 1,Hybrid,1,4,Mid-Level (3-5 yrs),4.2,8.0,6.1,2025-10-26,14,LinkedIn
JOB-101920,Operations Analyst,Data Analyst,Razorpay,Fintech,Bengaluru,Karnataka,Tier 1,On-Site,3,7,Senior (6-9 yrs),7.2,13.6,10.4,2026-01-05,6,Indeed
JOB-101921,Junior Data Engineer,Data Engineer,HCL Technologies,IT Services,Bengaluru,Karnataka,Tier 1,On-Site,2,4,Mid-Level (3-5 yrs),3.9,7.4,5.65,2025-11-07,9,LinkedIn
JOB-101922,Senior Data Engineer,Data Engineer,Accenture,Consulting / IT,Pune,Maharashtra,Tier 1,On-Site,7,10,Lead / Principal (10+ yrs),14.6,25.3,19.95,2025-12-07,11,Naukri.com
JOB-101923,Power BI Developer,BI Analyst,Capgemini,IT Services,Bengaluru,Karnataka,Tier 1,Hybrid,0,1,Entry / Junior (0-2 yrs),,,,2026-01-19,11,LinkedIn
JOB-101924,Analytics Engineer,Data Engineer,Swiggy,Tech / Consumer,Hyderabad,Telangana,Tier 1,Hybrid,1,3,Mid-Level (3-5 yrs),5.5,10.5,8.0,2026-01-05,13,Naukri.com
JOB-101925,Python Data Programmer,Python Developer,Flipkart,E-Commerce,Chennai,Tamil Nadu,Tier 1,Remote,7,11,Lead / Principal (10+ yrs),15.2,26.3,20.75,2025-11-03,12,LinkedIn
JOB-101926,Junior Data Analyst,Data Analyst,HSBC,Banking,Pune,Maharashtra,Tier 1,Hybrid,2,5,Mid-Level (3-5 yrs),3.9,7.4,5.65,2026-02-26,11,Indeed
JOB-101927,Senior Data Analyst,Data Analyst,Uber,Tech,Mumbai,Maharashtra,Tier 1,Hybrid,5,8,Senior (6-9 yrs),13.5,23.4,18.45,2025-09-01,10,Indeed
JOB-101928,Python Developer,Python Developer,Zomato,Tech / Consumer,Pune,Maharashtra,Tier 1,Remote,0,2,Entry / Junior (0-2 yrs),,,,2026-01-03,8,LinkedIn
JOB-101929,Associate Analyst - Data,Data Analyst,Amazon,Product / Tech,Bengaluru,Karnataka,Tier 1,Hybrid,2,5,Mid-Level (3-5 yrs),,,,2025-11-07,9,Indeed
JOB-101930,Python Backend & Analytics Engineer,Python Developer,Fractal Analytics,Pureplay Analytics,Bengaluru,Karnataka,Tier 1,On-Site,5,8,Senior (6-9 yrs),8.0,15.1,11.55,2025-12-01,10,Naukri.com
JOB-101931,Python Developer,Python Developer,HDFC Bank,Banking,Chennai,Tamil Nadu,Tier 1,On-Site,2,4,Mid-Level (3-5 yrs),3.9,7.4,5.65,2025-12-03,10,LinkedIn
JOB-101932,Python Backend & Analytics Engineer,Python Developer,Barclays,Banking,Gurgaon,Haryana,Tier 1,On-Site,1,3,Mid-Level (3-5 yrs),4.6,8.7,6.65,2025-09-03,10,Naukri.com
JOB-101933,Python Backend & Analytics Engineer,Python Developer,Uber,Tech,Hyderabad,Telangana,Tier 1,Hybrid,2,4,Mid-Level (3-5 yrs),5.2,9.8,7.5,2025-11-15,11,Naukri.com
JOB-101934,Big Data Engineer,Data Engineer,PwC,Consulting,Hyderabad,Telangana,Tier 1,On-Site,2,5,Mid-Level (3-5 yrs),5.1,9.7,7.4,2025-11-17,7,LinkedIn
JOB-101935,Healthcare Data Analyst,Data Analyst,Deloitte,Consulting,Hyderabad,Telangana,Tier 1,On-Site,0,1,Entry / Junior (0-2 yrs),2.5,5.1,3.8,2026-01-21,11,Naukri.com
JOB-101936,Data Analyst,Data Analyst,HCL Technologies,IT Services,Bengaluru,Karnataka,Tier 1,On-Site,4,8,Senior (6-9 yrs),4.9,9.3,7.1,2025-11-23,11,Company Careers Portal
JOB-101937,Analytics Engineer,Data Engineer,Standard Chartered,Banking,Bengaluru,Karnataka,Tier 1,Hybrid,5,9,Senior (6-9 yrs),,,,2025-09-18,13,Indeed
JOB-101938,Lead Data Analyst,Data Analyst,ICICI Bank,Banking,Bengaluru,Karnataka,Tier 1,Hybrid,2,5,Mid-Level (3-5 yrs),3.2,6.2,4.7,2026-02-09,7,Naukri.com
JOB-101939,Business Intelligence Analyst,BI Analyst,Tiger Analytics,Pureplay Analytics,Bengaluru,Karnataka,Tier 1,Hybrid,9,14,Lead / Principal (10+ yrs),,,,2025-12-02,12,LinkedIn
JOB-101940,Tableau Developer,BI Analyst,Goldman Sachs,Banking / Finance,Hyderabad,Telangana,Tier 1,Hybrid,4,6,Senior (6-9 yrs),,,,2025-09-03,13,LinkedIn
JOB-101941,Database Administrator & SQL Dev,SQL Developer,Morgan Stanley,Banking / Finance,Pune,Maharashtra,Tier 1,On-Site,4,8,Senior (6-9 yrs),7.5,14.1,10.8,2026-01-03,12,LinkedIn
JOB-101942,Python Data Programmer,Python Developer,CRED,Fintech,Bengaluru,Karnataka,Tier 1,On-Site,0,1,Entry / Junior (0-2 yrs),3.2,6.6,4.9,2025-10-24,13,LinkedIn
JOB-101943,Reporting Analyst,BI Analyst,JPMorgan Chase,Banking / Finance,Bengaluru,Karnataka,Tier 1,Hybrid,1,4,Mid-Level (3-5 yrs),,,,2026-01-22,12,Naukri.com
JOB-101944,Cloud Data Engineer,Data Engineer,Meesho,E-Commerce,Gurgaon,Haryana,Tier 1,On-Site,2,5,Mid-Level (3-5 yrs),5.4,10.3,7.85,2026-01-15,7,Company Careers Portal
JOB-101945,Junior Data Engineer,Data Engineer,Capgemini,IT Services,Mumbai,Maharashtra,Tier 1,Hybrid,1,3,Mid-Level (3-5 yrs),4.2,8.0,6.1,2025-09-15,13,LinkedIn
JOB-101946,BI & Analytics Specialist,BI Analyst,Microsoft,Product / Tech,Bengaluru,Karnataka,Tier 1,On-Site,6,9,Senior (6-9 yrs),15.6,27.0,21.3,2025-11-12,10,LinkedIn
JOB-101947,BI Developer,BI Analyst,JPMorgan Chase,Banking / Finance,Bengaluru,Karnataka,Tier 1,Hybrid,4,6,Senior (6-9 yrs),,,,2026-02-19,9,LinkedIn
JOB-101948,Big Data Engineer,Data Engineer,Mu Sigma,Pureplay Analytics,Bengaluru,Karnataka,Tier 1,Hybrid,2,5,Mid-Level (3-5 yrs),4.4,8.3,6.35,2025-09-30,12,LinkedIn
JOB-101949,Power BI Developer,BI Analyst,McKinsey & Company,Strategy Consulting,Hyderabad,Telangana,Tier 1,Remote,5,8,Senior (6-9 yrs),15.4,26.7,21.05,2025-10-13,10,Company Careers Portal
JOB-101950,Lead Data Analyst,Data Analyst,Morgan Stanley,Banking / Finance,Chennai,Tamil Nadu,Tier 1,On-Site,0,2,Entry / Junior (0-2 yrs),2.9,5.9,4.4,2025-10-05,8,LinkedIn
JOB-101951,Big Data Engineer,Data Engineer,Zomato,Tech / Consumer,Bengaluru,Karnataka,Tier 1,On-Site,6,9,Senior (6-9 yrs),16.2,28.1,22.15,2025-09-20,11,Naukri.com
JOB-101952,ETL Developer,Data Engineer,Microsoft,Product / Tech,Bengaluru,Karnataka,Tier 1,On-Site,6,10,Lead / Principal (10+ yrs),19.4,33.7,26.55,2026-01-20,11,Naukri.com
JOB-101953,Associate Analyst - Data,Data Analyst,Cognizant,IT Services,Hyderabad,Telangana,Tier 1,Hybrid,3,7,Senior (6-9 yrs),5.1,9.6,7.35,2026-02-08,10,LinkedIn
JOB-101954,Senior Data Engineer,Data Engineer,Cognizant,IT Services,Bengaluru,Karnataka,Tier 1,On-Site,0,2,Entry / Junior (0-2 yrs),2.6,5.3,3.95,2025-11-22,7,LinkedIn
JOB-101955,Database Administrator & SQL Dev,SQL Developer,Goldman Sachs,Banking / Finance,Noida,Uttar Pradesh,Tier 1,Hybrid,7,11,Lead / Principal (10+ yrs),13.5,23.4,18.45,2026-01-03,12,LinkedIn
JOB-101956,Data Analyst,Data Analyst,EY,Consulting,Gurgaon,Haryana,Tier 1,Hybrid,3,5,Mid-Level (3-5 yrs),6.4,12.0,9.2,2026-01-26,10,Naukri.com
JOB-101957,Associate Analyst - Data,Data Analyst,Mu Sigma,Pureplay Analytics,Hyderabad,Telangana,Tier 1,On-Site,5,7,Senior (6-9 yrs),5.5,10.4,7.95,2025-12-14,10,LinkedIn
JOB-101958,Senior BI Consultant,BI Analyst,Tata Consultancy Services,IT Services,Bengaluru,Karnataka,Tier 1,On-Site,6,10,Lead / Principal (10+ yrs),8.9,15.4,12.15,2026-02-28,8,LinkedIn
JOB-101959,Python Data Programmer,Python Developer,JPMorgan Chase,Banking / Finance,Bengaluru,Karnataka,Tier 1,Hybrid,2,5,Mid-Level (3-5 yrs),5.1,9.6,7.35,2025-09-22,12,Naukri.com
JOB-101960,Senior Data Analyst,Data Analyst,Tiger Analytics,Pureplay Analytics,Mumbai,Maharashtra,Tier 1,On-Site,1,3,Mid-Level (3-5 yrs),4.0,7.6,5.8,2025-10-09,7,LinkedIn
JOB-101961,Marketing Data Analyst,Data Analyst,Morgan Stanley,Banking / Finance,Pune,Maharashtra,Tier 1,On-Site,1,4,Mid-Level (3-5 yrs),,,,2026-01-06,11,LinkedIn
JOB-101962,Healthcare Data Analyst,Data Analyst,Barclays,Banking,Gurgaon,Haryana,Tier 1,Hybrid,1,4,Mid-Level (3-5 yrs),4.0,7.6,5.8,2026-01-22,9,LinkedIn
JOB-101963,Senior Data Analyst,Data Analyst,Mu Sigma,Pureplay Analytics,Pune,Maharashtra,Tier 1,Hybrid,6,10,Lead / Principal (10+ yrs),9.8,16.9,13.35,2025-10-03,12,Naukri.com
JOB-101964,BI Developer,BI Analyst,PwC,Consulting,Pune,Maharashtra,Tier 1,Hybrid,1,4,Mid-Level (3-5 yrs),4.1,7.8,5.95,2025-12-17,10,LinkedIn
JOB-101965,Big Data Engineer,Data Engineer,PhonePe,Fintech,Chennai,Tamil Nadu,Tier 1,Remote,0,2,Entry / Junior (0-2 yrs),3.7,7.5,5.6,2026-02-15,8,LinkedIn
JOB-101966,Data Engineer,Data Engineer,EY,Consulting,Bengaluru,Karnataka,Tier 1,On-Site,0,2,Entry / Junior (0-2 yrs),3.2,6.6,4.9,2025-09-11,13,LinkedIn
JOB-101967,PL/SQL Developer,SQL Developer,Paytm,Fintech,Hyderabad,Telangana,Tier 1,Remote,4,8,Senior (6-9 yrs),6.2,11.8,9.0,2026-01-03,10,LinkedIn
JOB-101968,Operations Analyst,Data Analyst,Accenture,Consulting / IT,Bengaluru,Karnataka,Tier 1,Hybrid,2,4,Mid-Level (3-5 yrs),,,,2025-12-25,12,Naukri.com
JOB-101969,SQL Developer,SQL Developer,Razorpay,Fintech,Pune,Maharashtra,Tier 1,Remote,2,4,Mid-Level (3-5 yrs),4.2,7.9,6.05,2026-01-03,7,LinkedIn
JOB-101970,Data Analyst,Data Analyst,ICICI Bank,Banking,Bengaluru,Karnataka,Tier 1,On-Site,2,5,Mid-Level (3-5 yrs),3.2,6.2,4.7,2025-09-23,8,Indeed
JOB-101971,Big Data Engineer,Data Engineer,LTIMindtree,IT Services,Hyderabad,Telangana,Tier 1,Hybrid,2,5,Mid-Level (3-5 yrs),4.2,8.0,6.1,2025-09-22,11,LinkedIn
JOB-101972,BI Developer,BI Analyst,PwC,Consulting,Pune,Maharashtra,Tier 1,Hybrid,5,8,Senior (6-9 yrs),12.3,21.3,16.8,2026-01-19,9,Naukri.com
JOB-101973,Tableau Developer,BI Analyst,PwC,Consulting,Mumbai,Maharashtra,Tier 1,Hybrid,1,3,Mid-Level (3-5 yrs),4.1,7.8,5.95,2026-02-11,12,LinkedIn
JOB-101974,Associate Analyst - Data,Data Analyst,JPMorgan Chase,Banking / Finance,Remote,All India,Remote,Remote,6,9,Senior (6-9 yrs),13.2,22.9,18.05,2025-12-26,12,Naukri.com
JOB-101975,Senior Data Engineer,Data Engineer,Uber,Tech,Hyderabad,Telangana,Tier 1,Hybrid,2,4,Mid-Level (3-5 yrs),6.1,11.5,8.8,2025-11-26,11,Naukri.com
JOB-101976,Junior Data Analyst,Data Analyst,EY,Consulting,Bengaluru,Karnataka,Tier 1,On-Site,1,4,Mid-Level (3-5 yrs),3.8,7.1,5.45,2025-12-31,8,Naukri.com
JOB-101977,Junior Data Engineer,Data Engineer,McKinsey & Company,Strategy Consulting,Mumbai,Maharashtra,Tier 1,Hybrid,1,3,Mid-Level (3-5 yrs),6.4,12.2,9.3,2025-09-01,7,Naukri.com
JOB-101978,Senior BI Consultant,BI Analyst,Fractal Analytics,Pureplay Analytics,Noida,Uttar Pradesh,Tier 1,On-Site,3,6,Senior (6-9 yrs),7.5,14.2,10.85,2025-11-30,12,Indeed
JOB-101979,BI & Analytics Specialist,BI Analyst,Fractal Analytics,Pureplay Analytics,Bengaluru,Karnataka,Tier 1,On-Site,3,5,Mid-Level (3-5 yrs),7.5,14.2,10.85,2025-12-14,10,LinkedIn
JOB-101980,Business Intelligence Analyst,BI Analyst,HSBC,Banking,Hyderabad,Telangana,Tier 1,Remote,7,10,Lead / Principal (10+ yrs),12.6,21.9,17.25,2025-10-17,10,LinkedIn
JOB-101981,Operations Analyst,Data Analyst,Mu Sigma,Pureplay Analytics,Bengaluru,Karnataka,Tier 1,Hybrid,5,8,Senior (6-9 yrs),5.5,10.4,7.95,2025-12-27,8,Naukri.com
JOB-101982,Database Developer (SQL),SQL Developer,Morgan Stanley,Banking / Finance,Pune,Maharashtra,Tier 1,Hybrid,5,7,Senior (6-9 yrs),7.5,14.1,10.8,2026-02-25,12,Indeed
JOB-101983,Power BI Developer,BI Analyst,Razorpay,Fintech,Pune,Maharashtra,Tier 1,On-Site,6,10,Lead / Principal (10+ yrs),,,,2026-01-22,13,LinkedIn
JOB-101984,Junior Data Analyst,Data Analyst,Mu Sigma,Pureplay Analytics,Bengaluru,Karnataka,Tier 1,On-Site,3,6,Senior (6-9 yrs),,,,2025-12-02,10,Naukri.com
JOB-101985,Junior Data Engineer,Data Engineer,Microsoft,Product / Tech,Hyderabad,Telangana,Tier 1,On-Site,3,7,Senior (6-9 yrs),11.0,20.7,15.85,2026-01-15,9,LinkedIn
JOB-101986,Power BI Developer,BI Analyst,Deloitte,Consulting,Pune,Maharashtra,Tier 1,Hybrid,2,5,Mid-Level (3-5 yrs),,,,2025-09-17,10,LinkedIn
JOB-101987,Python Data Programmer,Python Developer,CRED,Fintech,Hyderabad,Telangana,Tier 1,Hybrid,2,4,Mid-Level (3-5 yrs),5.1,9.6,7.35,2025-12-19,11,Naukri.com
JOB-101988,Database Administrator & SQL Dev,SQL Developer,Meesho,E-Commerce,Bengaluru,Karnataka,Tier 1,Hybrid,2,5,Mid-Level (3-5 yrs),3.9,7.4,5.65,2025-11-24,11,LinkedIn
JOB-101989,Lead Data Analyst,Data Analyst,LTIMindtree,IT Services,Noida,Uttar Pradesh,Tier 1,Hybrid,3,7,Senior (6-9 yrs),,,,2025-12-01,9,Naukri.com
JOB-101990,BI & Analytics Specialist,BI Analyst,Amazon,Product / Tech,Bengaluru,Karnataka,Tier 1,On-Site,2,4,Mid-Level (3-5 yrs),5.1,9.7,7.4,2025-09-23,7,LinkedIn
JOB-101991,Python Developer,Python Developer,EY,Consulting,Gurgaon,Haryana,Tier 1,Hybrid,3,5,Mid-Level (3-5 yrs),7.3,13.8,10.55,2025-12-12,9,Naukri.com
JOB-101992,Senior Python Developer,Python Developer,Flipkart,E-Commerce,Remote,All India,Remote,Remote,5,8,Senior (6-9 yrs),8.6,16.2,12.4,2025-11-03,11,Naukri.com
JOB-101993,Healthcare Data Analyst,Data Analyst,Razorpay,Fintech,Hyderabad,Telangana,Tier 1,Hybrid,2,5,Mid-Level (3-5 yrs),4.2,8.1,6.15,2026-02-13,9,LinkedIn
JOB-101994,Senior BI Consultant,BI Analyst,Flipkart,E-Commerce,Bengaluru,Karnataka,Tier 1,Hybrid,3,7,Senior (6-9 yrs),8.1,15.2,11.65,2025-10-30,9,Naukri.com
JOB-101995,Healthcare Data Analyst,Data Analyst,Accenture,Consulting / IT,Gurgaon,Haryana,Tier 1,Remote,5,8,Senior (6-9 yrs),,,,2025-12-03,8,Naukri.com
JOB-101996,Power BI Developer,BI Analyst,Microsoft,Product / Tech,Pune,Maharashtra,Tier 1,Hybrid,0,2,Entry / Junior (0-2 yrs),3.3,6.7,5.0,2026-01-27,8,LinkedIn
JOB-101997,Junior Python Engineer,Python Developer,Barclays,Banking,Bengaluru,Karnataka,Tier 1,Hybrid,3,7,Senior (6-9 yrs),7.8,14.7,11.25,2026-01-13,9,LinkedIn
JOB-101998,Data Analyst,Data Analyst,CRED,Fintech,Bengaluru,Karnataka,Tier 1,On-Site,10,15,Lead / Principal (10+ yrs),21.1,37.0,29.05,2025-10-30,11,Naukri.com
JOB-101999,ETL Developer,Data Engineer,PhonePe,Fintech,Pune,Maharashtra,Tier 1,Hybrid,7,10,Lead / Principal (10+ yrs),17.4,30.2,23.8,2026-02-01,12,Naukri.com
JOB-102000,BI Developer,BI Analyst,Tata Consultancy Services,IT Services,Pune,Maharashtra,Tier 1,Hybrid,6,10,Lead / Principal (10+ yrs),8.9,15.4,12.15,2025-10-04,8,Naukri.com
JOB-102001,Senior BI Consultant,BI Analyst,ICICI Bank,Banking,Mumbai,Maharashtra,Tier 1,Hybrid,1,3,Mid-Level (3-5 yrs),,,,2026-01-24,9,LinkedIn
JOB-102002,Lead Data Analyst,Data Analyst,Accenture,Consulting / IT,Bengaluru,Karnataka,Tier 1,On-Site,6,10,Lead / Principal (10+ yrs),10.8,18.7,14.75,2026-02-22,8,LinkedIn
JOB-102003,SQL Developer,SQL Developer,PhonePe,Fintech,Bengaluru,Karnataka,Tier 1,Hybrid,2,4,Mid-Level (3-5 yrs),4.2,8.0,6.1,2025-10-31,12,LinkedIn
JOB-102004,Cloud Data Engineer,Data Engineer,EY,Consulting,Bengaluru,Karnataka,Tier 1,Hybrid,1,4,Mid-Level (3-5 yrs),5.1,9.6,7.35,2025-09-10,10,Naukri.com
JOB-102005,Python Backend & Analytics Engineer,Python Developer,Accenture,Consulting / IT,Bengaluru,Karnataka,Tier 1,Hybrid,5,8,Senior (6-9 yrs),7.0,13.2,10.1,2025-11-11,13,Naukri.com
JOB-102006,Lead Data Analyst,Data Analyst,Meesho,E-Commerce,Mumbai,Maharashtra,Tier 1,On-Site,4,6,Senior (6-9 yrs),6.8,12.8,9.8,2026-02-20,11,Naukri.com
JOB-102007,Junior Data Engineer,Data Engineer,Capgemini,IT Services,Bengaluru,Karnataka,Tier 1,Hybrid,6,10,Lead / Principal (10+ yrs),12.6,21.8,17.2,2025-09-14,13,Naukri.com
JOB-102008,Lead Data Analyst,Data Analyst,LTIMindtree,IT Services,Mumbai,Maharashtra,Tier 1,On-Site,5,8,Senior (6-9 yrs),,,,2026-01-31,10,LinkedIn
JOB-102009,SQL Developer,SQL Developer,Infosys,IT Services,Gurgaon,Haryana,Tier 1,Hybrid,0,1,Entry / Junior (0-2 yrs),1.8,3.7,2.75,2025-10-15,11,Naukri.com
JOB-102010,BI Developer,BI Analyst,JPMorgan Chase,Banking / Finance,Bengaluru,Karnataka,Tier 1,Hybrid,5,8,Senior (6-9 yrs),,,,2026-01-21,10,Indeed
JOB-102011,Analytics Engineer,Data Engineer,LTIMindtree,IT Services,Remote,All India,Remote,Remote,5,8,Senior (6-9 yrs),,,,2025-11-16,10,LinkedIn
JOB-102012,Senior Data Engineer,Data Engineer,CRED,Fintech,Mumbai,Maharashtra,Tier 1,On-Site,4,6,Senior (6-9 yrs),10.1,19.0,14.55,2026-01-10,10,Naukri.com
JOB-102013,Senior Data Analyst,Data Analyst,PhonePe,Fintech,Pune,Maharashtra,Tier 1,Hybrid,2,5,Mid-Level (3-5 yrs),4.3,8.2,6.25,2025-12-01,13,Naukri.com
JOB-102014,Database Administrator & SQL Dev,SQL Developer,Google,Product / Tech,Chennai,Tamil Nadu,Tier 1,Hybrid,4,7,Senior (6-9 yrs),8.2,15.4,11.8,2025-12-30,11,Indeed
JOB-102015,Senior Data Engineer,Data Engineer,Meesho,E-Commerce,Mumbai,Maharashtra,Tier 1,Hybrid,3,5,Mid-Level (3-5 yrs),9.2,17.3,13.25,2025-11-30,8,LinkedIn
JOB-102016,Marketing Data Analyst,Data Analyst,Infosys,IT Services,Mumbai,Maharashtra,Tier 1,Hybrid,3,7,Senior (6-9 yrs),4.9,9.3,7.1,2026-02-22,8,Company Careers Portal
JOB-102017,Python Data Programmer,Python Developer,Standard Chartered,Banking,Bengaluru,Karnataka,Tier 1,On-Site,0,2,Entry / Junior (0-2 yrs),2.8,5.6,4.2,2025-09-13,10,Naukri.com
JOB-102018,Senior Data Engineer,Data Engineer,Paytm,Fintech,Hyderabad,Telangana,Tier 1,Hybrid,4,8,Senior (6-9 yrs),8.6,16.2,12.4,2025-12-09,11,LinkedIn
JOB-102019,Tableau Developer,BI Analyst,Amazon,Product / Tech,Bengaluru,Karnataka,Tier 1,Hybrid,1,4,Mid-Level (3-5 yrs),5.1,9.7,7.4,2025-10-26,10,Indeed
JOB-102020,Junior Python Engineer,Python Developer,Meesho,E-Commerce,Hyderabad,Telangana,Tier 1,On-Site,6,9,Senior (6-9 yrs),13.8,23.9,18.85,2025-11-26,13,Naukri.com
JOB-102021,Associate Analyst - Data,Data Analyst,Google,Product / Tech,Bengaluru,Karnataka,Tier 1,On-Site,3,7,Senior (6-9 yrs),,,,2025-11-09,9,Naukri.com
JOB-102022,Junior Data Engineer,Data Engineer,Microsoft,Product / Tech,Hyderabad,Telangana,Tier 1,On-Site,2,5,Mid-Level (3-5 yrs),6.5,12.3,9.4,2026-01-17,12,LinkedIn
JOB-102023,Tableau Developer,BI Analyst,Microsoft,Product / Tech,Bengaluru,Karnataka,Tier 1,On-Site,2,5,Mid-Level (3-5 yrs),5.2,9.8,7.5,2026-01-22,11,Naukri.com
JOB-102024,Data Engineer,Data Engineer,EY,Consulting,Bengaluru,Karnataka,Tier 1,Hybrid,1,3,Mid-Level (3-5 yrs),5.1,9.6,7.35,2025-10-25,11,LinkedIn
JOB-102025,Associate Analyst - Data,Data Analyst,KPMG,Consulting,Bengaluru,Karnataka,Tier 1,On-Site,5,8,Senior (6-9 yrs),6.4,12.0,9.2,2025-12-12,12,LinkedIn
JOB-102026,Big Data Engineer,Data Engineer,PwC,Consulting,Bengaluru,Karnataka,Tier 1,Remote,0,1,Entry / Junior (0-2 yrs),3.3,6.7,5.0,2025-10-02,10,Naukri.com
JOB-102027,Cloud Data Engineer,Data Engineer,Tiger Analytics,Pureplay Analytics,Pune,Maharashtra,Tier 1,On-Site,1,4,Mid-Level (3-5 yrs),5.4,10.3,7.85,2026-02-28,11,LinkedIn
JOB-102028,Business Intelligence Analyst,BI Analyst,Paytm,Fintech,Hyderabad,Telangana,Tier 1,Hybrid,4,6,Senior (6-9 yrs),6.9,13.0,9.95,2025-12-01,9,Company Careers Portal
JOB-102029,Tableau Developer,BI Analyst,Cognizant,IT Services,Noida,Uttar Pradesh,Tier 1,On-Site,1,4,Mid-Level (3-5 yrs),3.2,6.2,4.7,2026-02-01,12,Naukri.com
JOB-102030,Database Administrator & SQL Dev,SQL Developer,HSBC,Banking,Noida,Uttar Pradesh,Tier 1,Hybrid,0,1,Entry / Junior (0-2 yrs),,,,2025-09-10,10,LinkedIn
JOB-102031,Junior Python Engineer,Python Developer,Wipro,IT Services,Pune,Maharashtra,Tier 1,On-Site,3,6,Senior (6-9 yrs),5.4,10.1,7.75,2025-09-28,8,LinkedIn
JOB-102032,Python Backend & Analytics Engineer,Python Developer,Meesho,E-Commerce,Pune,Maharashtra,Tier 1,Hybrid,1,3,Mid-Level (3-5 yrs),,,,2025-12-13,12,Naukri.com
JOB-102033,Database Administrator & SQL Dev,SQL Developer,Cognizant,IT Services,Bengaluru,Karnataka,Tier 1,On-Site,5,7,Senior (6-9 yrs),5.0,9.4,7.2,2025-11-30,10,Naukri.com
JOB-102034,BI Developer,BI Analyst,Google,Product / Tech,Bengaluru,Karnataka,Tier 1,Remote,2,4,Mid-Level (3-5 yrs),5.3,10.1,7.7,2025-10-17,9,Naukri.com
JOB-102035,Senior T-SQL Developer,SQL Developer,JPMorgan Chase,Banking / Finance,Mumbai,Maharashtra,Tier 1,Hybrid,2,4,Mid-Level (3-5 yrs),4.3,8.2,6.25,2025-11-26,10,LinkedIn
JOB-102036,Senior Data Analyst,Data Analyst,Morgan Stanley,Banking / Finance,Mumbai,Maharashtra,Tier 1,On-Site,0,2,Entry / Junior (0-2 yrs),2.9,5.9,4.4,2026-01-13,9,LinkedIn
JOB-102037,Associate Analyst - Data,Data Analyst,Wipro,IT Services,Bengaluru,Karnataka,Tier 1,Hybrid,2,5,Mid-Level (3-5 yrs),2.8,5.2,4.0,2025-10-25,6,LinkedIn
JOB-102038,Lead Data Analyst,Data Analyst,HDFC Bank,Banking,Gurgaon,Haryana,Tier 1,Hybrid,4,8,Senior (6-9 yrs),,,,2025-10-02,9,LinkedIn
JOB-102039,Data Analyst,Data Analyst,Standard Chartered,Banking,Noida,Uttar Pradesh,Tier 1,Hybrid,2,4,Mid-Level (3-5 yrs),3.8,7.1,5.45,2025-11-18,6,Naukri.com
JOB-102040,Tableau Developer,BI Analyst,LTIMindtree,IT Services,Hyderabad,Telangana,Tier 1,On-Site,2,5,Mid-Level (3-5 yrs),3.3,6.4,4.85,2026-01-27,13,Naukri.com
JOB-102041,Tableau Developer,BI Analyst,HSBC,Banking,Hyderabad,Telangana,Tier 1,On-Site,10,15,Lead / Principal (10+ yrs),20.2,35.4,27.8,2025-10-15,12,LinkedIn
JOB-102042,Operations Analyst,Data Analyst,Razorpay,Fintech,Remote,All India,Remote,Remote,5,9,Senior (6-9 yrs),12.8,22.1,17.45,2025-12-03,9,Naukri.com
JOB-102043,Cloud Data Engineer,Data Engineer,EY,Consulting,Mumbai,Maharashtra,Tier 1,On-Site,4,6,Senior (6-9 yrs),8.6,16.2,12.4,2025-11-07,10,LinkedIn
JOB-102044,Lead Data Analyst,Data Analyst,Razorpay,Fintech,Bengaluru,Karnataka,Tier 1,On-Site,0,1,Entry / Junior (0-2 yrs),,,,2025-11-11,11,Indeed
JOB-102045,Database Developer (SQL),SQL Developer,KPMG,Consulting,Bengaluru,Karnataka,Tier 1,On-Site,4,6,Senior (6-9 yrs),,,,2026-01-16,11,Company Careers Portal
JOB-102046,PL/SQL Developer,SQL Developer,Swiggy,Tech / Consumer,Bengaluru,Karnataka,Tier 1,Hybrid,7,10,Lead / Principal (10+ yrs),,,,2025-10-08,12,Indeed
JOB-102047,Senior T-SQL Developer,SQL Developer,Microsoft,Product / Tech,Bengaluru,Karnataka,Tier 1,On-Site,0,1,Entry / Junior (0-2 yrs),3.0,6.1,4.55,2026-01-02,13,Indeed
JOB-102048,Cloud Data Engineer,Data Engineer,Razorpay,Fintech,Hyderabad,Telangana,Tier 1,Hybrid,3,5,Mid-Level (3-5 yrs),9.8,18.4,14.1,2025-09-28,8,Naukri.com
JOB-102049,Cloud Data Engineer,Data Engineer,HSBC,Banking,Bengaluru,Karnataka,Tier 1,Hybrid,1,3,Mid-Level (3-5 yrs),5.3,10.0,7.65,2026-02-25,8,Naukri.com
JOB-102050,Tableau Developer,BI Analyst,PhonePe,Fintech,Bengaluru,Karnataka,Tier 1,Remote,2,4,Mid-Level (3-5 yrs),4.6,8.8,6.7,2026-01-01,6,LinkedIn
JOB-102051,Python Data Programmer,Python Developer,Uber,Tech,Chennai,Tamil Nadu,Tier 1,Hybrid,1,4,Mid-Level (3-5 yrs),5.2,9.8,7.5,2025-12-20,10,LinkedIn
JOB-102052,Reporting Analyst,BI Analyst,McKinsey & Company,Strategy Consulting,Hyderabad,Telangana,Tier 1,Hybrid,5,9,Senior (6-9 yrs),8.7,16.4,12.55,2026-02-23,11,Naukri.com
JOB-102053,Python Developer,Python Developer,HDFC Bank,Banking,Pune,Maharashtra,Tier 1,Remote,3,7,Senior (6-9 yrs),6.6,12.5,9.55,2026-01-08,10,LinkedIn
JOB-102054,Senior Data Engineer,Data Engineer,Meesho,E-Commerce,Noida,Uttar Pradesh,Tier 1,On-Site,3,5,Mid-Level (3-5 yrs),,,,2025-10-09,9,LinkedIn
JOB-102055,Senior BI Consultant,BI Analyst,Google,Product / Tech,Hyderabad,Telangana,Tier 1,On-Site,0,1,Entry / Junior (0-2 yrs),,,,2025-09-22,10,Indeed
JOB-102056,BI & Analytics Specialist,BI Analyst,Morgan Stanley,Banking / Finance,Hyderabad,Telangana,Tier 1,On-Site,2,5,Mid-Level (3-5 yrs),,,,2025-10-19,9,LinkedIn
JOB-102057,Power BI Developer,BI Analyst,Standard Chartered,Banking,Mumbai,Maharashtra,Tier 1,Hybrid,1,3,Mid-Level (3-5 yrs),4.1,7.7,5.9,2026-01-22,11,Naukri.com
JOB-102058,Healthcare Data Analyst,Data Analyst,Zomato,Tech / Consumer,Hyderabad,Telangana,Tier 1,Hybrid,0,1,Entry / Junior (0-2 yrs),2.6,5.2,3.9,2025-10-15,8,Naukri.com
JOB-102059,Reporting Analyst,BI Analyst,Meesho,E-Commerce,Hyderabad,Telangana,Tier 1,Hybrid,1,3,Mid-Level (3-5 yrs),4.3,8.2,6.25,2025-09-19,10,LinkedIn
JOB-102060,Senior Data Analyst,Data Analyst,Wipro,IT Services,Bengaluru,Karnataka,Tier 1,Hybrid,3,6,Senior (6-9 yrs),,,,2025-11-10,13,LinkedIn
JOB-102061,ETL Developer,Data Engineer,Goldman Sachs,Banking / Finance,Bengaluru,Karnataka,Tier 1,Hybrid,0,2,Entry / Junior (0-2 yrs),4.0,8.1,6.05,2025-09-06,6,Naukri.com
JOB-102062,Operations Analyst,Data Analyst,EY,Consulting,Bengaluru,Karnataka,Tier 1,On-Site,0,1,Entry / Junior (0-2 yrs),2.4,4.9,3.65,2025-12-14,11,LinkedIn
JOB-102063,Associate Analyst - Data,Data Analyst,Barclays,Banking,Hyderabad,Telangana,Tier 1,Hybrid,1,3,Mid-Level (3-5 yrs),4.0,7.6,5.8,2026-01-10,8,LinkedIn
JOB-102064,Financial Data Analyst,Data Analyst,Standard Chartered,Banking,Noida,Uttar Pradesh,Tier 1,Hybrid,1,3,Mid-Level (3-5 yrs),3.8,7.1,5.45,2025-12-15,10,Indeed
JOB-102065,Python Developer,Python Developer,Fractal Analytics,Pureplay Analytics,Gurgaon,Haryana,Tier 1,On-Site,1,4,Mid-Level (3-5 yrs),4.7,9.0,6.85,2025-10-06,10,LinkedIn
JOB-102066,Python Backend & Analytics Engineer,Python Developer,Razorpay,Fintech,Mumbai,Maharashtra,Tier 1,On-Site,4,8,Senior (6-9 yrs),8.3,15.6,11.95,2026-02-01,11,LinkedIn
JOB-102067,Operations Analyst,Data Analyst,ICICI Bank,Banking,Mumbai,Maharashtra,Tier 1,Hybrid,5,8,Senior (6-9 yrs),5.5,10.4,7.95,2025-12-26,10,Company Careers Portal
JOB-102068,Database Administrator & SQL Dev,SQL Developer,Deloitte,Consulting,Hyderabad,Telangana,Tier 1,On-Site,1,3,Mid-Level (3-5 yrs),3.8,7.3,5.55,2026-02-18,8,LinkedIn
JOB-102069,Python Developer,Python Developer,Barclays,Banking,Hyderabad,Telangana,Tier 1,On-Site,4,6,Senior (6-9 yrs),7.8,14.7,11.25,2025-11-26,11,Indeed
JOB-102070,Tableau Developer,BI Analyst,EY,Consulting,Bengaluru,Karnataka,Tier 1,On-Site,4,6,Senior (6-9 yrs),6.9,13.0,9.95,2025-10-21,11,LinkedIn
JOB-102071,Lead Data Analyst,Data Analyst,LTIMindtree,IT Services,Bengaluru,Karnataka,Tier 1,Hybrid,4,8,Senior (6-9 yrs),5.3,9.9,7.6,2026-01-16,9,Indeed
JOB-102072,Healthcare Data Analyst,Data Analyst,Accenture,Consulting / IT,Pune,Maharashtra,Tier 1,Hybrid,5,9,Senior (6-9 yrs),10.8,18.7,14.75,2025-12-11,12,LinkedIn
JOB-102073,Senior Python Developer,Python Developer,JPMorgan Chase,Banking / Finance,Bengaluru,Karnataka,Tier 1,Hybrid,5,7,Senior (6-9 yrs),,,,2025-12-17,12,Naukri.com
JOB-102074,PL/SQL Developer,SQL Developer,HSBC,Banking,Noida,Uttar Pradesh,Tier 1,Hybrid,1,3,Mid-Level (3-5 yrs),3.8,7.3,5.55,2025-12-04,10,LinkedIn
JOB-102075,Python Developer,Python Developer,Swiggy,Tech / Consumer,Hyderabad,Telangana,Tier 1,Hybrid,4,6,Senior (6-9 yrs),8.0,15.1,11.55,2026-01-13,9,Naukri.com
JOB-102076,Junior Python Engineer,Python Developer,Amazon,Product / Tech,Noida,Uttar Pradesh,Tier 1,On-Site,4,8,Senior (6-9 yrs),9.3,17.5,13.4,2025-11-24,9,Naukri.com
JOB-102077,Senior Python Developer,Python Developer,Mu Sigma,Pureplay Analytics,Hyderabad,Telangana,Tier 1,Hybrid,2,5,Mid-Level (3-5 yrs),3.7,7.1,5.4,2025-11-28,8,Indeed
JOB-102078,Operations Analyst,Data Analyst,PwC,Consulting,Hyderabad,Telangana,Tier 1,On-Site,1,3,Mid-Level (3-5 yrs),,,,2026-01-22,8,Indeed
JOB-102079,Database Developer (SQL),SQL Developer,HDFC Bank,Banking,Hyderabad,Telangana,Tier 1,On-Site,0,1,Entry / Junior (0-2 yrs),2.1,4.3,3.2,2025-09-27,12,Indeed
JOB-102080,Python Developer,Python Developer,Razorpay,Fintech,Mumbai,Maharashtra,Tier 1,Hybrid,4,7,Senior (6-9 yrs),8.3,15.6,11.95,2025-11-15,10,Naukri.com
JOB-102081,Python Backend & Analytics Engineer,Python Developer,LTIMindtree,IT Services,Hyderabad,Telangana,Tier 1,On-Site,5,7,Senior (6-9 yrs),,,,2025-11-14,11,LinkedIn
JOB-102082,Data Engineer,Data Engineer,Deloitte,Consulting,Chennai,Tamil Nadu,Tier 1,On-Site,10,15,Lead / Principal (10+ yrs),,,,2025-11-22,11,Naukri.com
JOB-102083,Lead Data Analyst,Data Analyst,Google,Product / Tech,Pune,Maharashtra,Tier 1,Hybrid,5,9,Senior (6-9 yrs),,,,2025-12-28,10,Indeed
JOB-102084,Python Data Programmer,Python Developer,Barclays,Banking,Noida,Uttar Pradesh,Tier 1,On-Site,6,9,Senior (6-9 yrs),13.8,23.9,18.85,2025-11-13,11,LinkedIn
JOB-102085,Tableau Developer,BI Analyst,PwC,Consulting,Hyderabad,Telangana,Tier 1,Remote,5,8,Senior (6-9 yrs),12.3,21.3,16.8,2026-01-14,8,LinkedIn
JOB-102086,Big Data Engineer,Data Engineer,Mu Sigma,Pureplay Analytics,Hyderabad,Telangana,Tier 1,On-Site,3,7,Senior (6-9 yrs),,,,2025-11-12,9,LinkedIn
JOB-102087,Lead Data Analyst,Data Analyst,KPMG,Consulting,Pune,Maharashtra,Tier 1,On-Site,2,4,Mid-Level (3-5 yrs),,,,2025-10-31,10,Naukri.com
JOB-102088,Analytics Engineer,Data Engineer,Paytm,Fintech,Bengaluru,Karnataka,Tier 1,Hybrid,4,6,Senior (6-9 yrs),,,,2026-01-16,9,Company Careers Portal
JOB-102089,Reporting Analyst,BI Analyst,McKinsey & Company,Strategy Consulting,Bengaluru,Karnataka,Tier 1,Hybrid,2,5,Mid-Level (3-5 yrs),5.1,9.7,7.4,2025-09-27,8,Indeed
JOB-102090,Business Intelligence Analyst,BI Analyst,PwC,Consulting,Bengaluru,Karnataka,Tier 1,Remote,3,6,Senior (6-9 yrs),7.0,13.1,10.05,2025-10-17,10,LinkedIn
JOB-102091,Tableau Developer,BI Analyst,Morgan Stanley,Banking / Finance,Hyderabad,Telangana,Tier 1,Hybrid,6,9,Senior (6-9 yrs),14.6,25.3,19.95,2025-11-09,10,Naukri.com
JOB-102092,Senior T-SQL Developer,SQL Developer,Tiger Analytics,Pureplay Analytics,Hyderabad,Telangana,Tier 1,Hybrid,0,1,Entry / Junior (0-2 yrs),2.5,5.1,3.8,2025-12-31,12,Naukri.com
JOB-102093,PL/SQL Developer,SQL Developer,Google,Product / Tech,Pune,Maharashtra,Tier 1,On-Site,6,10,Lead / Principal (10+ yrs),14.4,25.0,19.7,2026-01-31,10,LinkedIn
JOB-102094,Senior Data Analyst,Data Analyst,Swiggy,Tech / Consumer,Gurgaon,Haryana,Tier 1,On-Site,3,6,Senior (6-9 yrs),7.0,13.1,10.05,2026-02-20,10,Indeed
JOB-102095,Analytics Engineer,Data Engineer,Mu Sigma,Pureplay Analytics,Hyderabad,Telangana,Tier 1,Hybrid,3,5,Mid-Level (3-5 yrs),7.5,14.0,10.75,2025-10-29,11,LinkedIn
JOB-102096,Operations Analyst,Data Analyst,Google,Product / Tech,Hyderabad,Telangana,Tier 1,On-Site,9,14,Lead / Principal (10+ yrs),23.5,41.2,32.35,2025-12-03,8,LinkedIn
JOB-102097,Junior Data Engineer,Data Engineer,Paytm,Fintech,Pune,Maharashtra,Tier 1,Hybrid,0,2,Entry / Junior (0-2 yrs),,,,2025-11-14,9,LinkedIn
JOB-102098,Operations Analyst,Data Analyst,McKinsey & Company,Strategy Consulting,Bengaluru,Karnataka,Tier 1,On-Site,5,7,Senior (6-9 yrs),,,,2025-10-12,11,LinkedIn
JOB-102099,BI & Analytics Specialist,BI Analyst,HDFC Bank,Banking,Chennai,Tamil Nadu,Tier 1,On-Site,4,6,Senior (6-9 yrs),6.2,11.8,9.0,2025-09-27,12,LinkedIn
JOB-102100,Python Developer,Python Developer,HCL Technologies,IT Services,Hyderabad,Telangana,Tier 1,On-Site,9,14,Lead / Principal (10+ yrs),16.0,28.0,22.0,2025-11-07,10,LinkedIn
JOB-102101,Junior Data Analyst,Data Analyst,Zomato,Tech / Consumer,Pune,Maharashtra,Tier 1,Hybrid,4,7,Senior (6-9 yrs),,,,2025-09-22,8,Naukri.com
JOB-102102,Python Data Programmer,Python Developer,Microsoft,Product / Tech,Gurgaon,Haryana,Tier 1,Hybrid,4,7,Senior (6-9 yrs),9.4,17.7,13.55,2025-12-12,11,LinkedIn
JOB-102103,Associate Analyst - Data,Data Analyst,Google,Product / Tech,Mumbai,Maharashtra,Tier 1,On-Site,6,9,Senior (6-9 yrs),14.7,25.5,20.1,2025-11-09,9,LinkedIn
JOB-102104,Senior Data Analyst,Data Analyst,Accenture,Consulting / IT,Hyderabad,Telangana,Tier 1,On-Site,4,7,Senior (6-9 yrs),6.1,11.5,8.8,2025-12-03,11,Indeed
JOB-102105,Junior Data Analyst,Data Analyst,Goldman Sachs,Banking / Finance,Pune,Maharashtra,Tier 1,Remote,5,9,Senior (6-9 yrs),7.8,14.7,11.25,2025-12-13,8,LinkedIn
JOB-102106,Marketing Data Analyst,Data Analyst,Paytm,Fintech,Pune,Maharashtra,Tier 1,Hybrid,4,6,Senior (6-9 yrs),6.4,12.0,9.2,2025-11-25,9,Naukri.com
JOB-102107,Financial Data Analyst,Data Analyst,Standard Chartered,Banking,Pune,Maharashtra,Tier 1,Hybrid,0,2,Entry / Junior (0-2 yrs),2.4,4.9,3.65,2026-02-22,10,Indeed
JOB-102108,Financial Data Analyst,Data Analyst,HCL Technologies,IT Services,Bengaluru,Karnataka,Tier 1,Remote,1,4,Mid-Level (3-5 yrs),2.9,5.5,4.2,2026-02-20,7,LinkedIn
JOB-102109,Python Developer,Python Developer,Accenture,Consulting / IT,Bengaluru,Karnataka,Tier 1,On-Site,1,4,Mid-Level (3-5 yrs),4.1,7.9,6.0,2025-10-06,9,LinkedIn
JOB-102110,Senior T-SQL Developer,SQL Developer,Amazon,Product / Tech,Hyderabad,Telangana,Tier 1,On-Site,1,4,Mid-Level (3-5 yrs),,,,2025-12-02,8,LinkedIn
JOB-102111,Senior BI Consultant,BI Analyst,PhonePe,Fintech,Gurgaon,Haryana,Tier 1,Hybrid,2,4,Mid-Level (3-5 yrs),4.6,8.8,6.7,2026-01-31,12,Naukri.com
JOB-102112,Data Analyst,Data Analyst,Standard Chartered,Banking,Hyderabad,Telangana,Tier 1,Hybrid,2,5,Mid-Level (3-5 yrs),3.8,7.1,5.45,2025-10-29,7,Naukri.com
JOB-102113,PL/SQL Developer,SQL Developer,Mu Sigma,Pureplay Analytics,Bengaluru,Karnataka,Tier 1,On-Site,5,9,Senior (6-9 yrs),5.4,10.2,7.8,2026-02-08,8,Indeed
JOB-102114,Big Data Engineer,Data Engineer,Morgan Stanley,Banking / Finance,Mumbai,Maharashtra,Tier 1,On-Site,0,1,Entry / Junior (0-2 yrs),,,,2025-12-18,9,LinkedIn
JOB-102115,Python Backend & Analytics Engineer,Python Developer,McKinsey & Company,Strategy Consulting,Gurgaon,Haryana,Tier 1,On-Site,5,7,Senior (6-9 yrs),9.3,17.5,13.4,2025-10-25,11,LinkedIn
JOB-102116,Senior Data Engineer,Data Engineer,Swiggy,Tech / Consumer,Bengaluru,Karnataka,Tier 1,On-Site,2,5,Mid-Level (3-5 yrs),5.5,10.5,8.0,2025-09-10,8,LinkedIn
JOB-102117,Senior BI Consultant,BI Analyst,EY,Consulting,Mumbai,Maharashtra,Tier 1,Remote,1,4,Mid-Level (3-5 yrs),4.1,7.7,5.9,2025-12-29,11,LinkedIn
JOB-102118,Marketing Data Analyst,Data Analyst,Deloitte,Consulting,Bengaluru,Karnataka,Tier 1,Hybrid,4,7,Senior (6-9 yrs),6.6,12.5,9.55,2025-11-05,9,LinkedIn
JOB-102119,Database Developer (SQL),SQL Developer,ICICI Bank,Banking,Bengaluru,Karnataka,Tier 1,Hybrid,5,7,Senior (6-9 yrs),,,,2025-12-30,10,LinkedIn
JOB-102120,Senior Python Developer,Python Developer,CRED,Fintech,Bengaluru,Karnataka,Tier 1,Hybrid,6,9,Senior (6-9 yrs),,,,2025-11-18,13,LinkedIn
JOB-102121,Senior Python Developer,Python Developer,Meesho,E-Commerce,Hyderabad,Telangana,Tier 1,Hybrid,5,8,Senior (6-9 yrs),,,,2025-10-03,12,LinkedIn
JOB-102122,Financial Data Analyst,Data Analyst,PhonePe,Fintech,Mumbai,Maharashtra,Tier 1,Hybrid,0,1,Entry / Junior (0-2 yrs),2.8,5.6,4.2,2025-12-22,11,Naukri.com
JOB-102123,Cloud Data Engineer,Data Engineer,Paytm,Fintech,Bengaluru,Karnataka,Tier 1,Hybrid,1,4,Mid-Level (3-5 yrs),5.1,9.6,7.35,2025-09-30,10,Indeed
JOB-102124,Tableau Developer,BI Analyst,CRED,Fintech,Gurgaon,Haryana,Tier 1,On-Site,2,4,Mid-Level (3-5 yrs),4.8,9.0,6.9,2025-11-25,11,Naukri.com
JOB-102125,Senior Data Analyst,Data Analyst,EY,Consulting,Pune,Maharashtra,Tier 1,Hybrid,5,8,Senior (6-9 yrs),6.4,12.0,9.2,2026-01-11,9,Naukri.com
JOB-102126,Senior Data Engineer,Data Engineer,Goldman Sachs,Banking / Finance,Bengaluru,Karnataka,Tier 1,Hybrid,4,6,Senior (6-9 yrs),10.6,19.9,15.25,2025-12-11,11,LinkedIn
JOB-102127,Big Data Engineer,Data Engineer,Fractal Analytics,Pureplay Analytics,Mumbai,Maharashtra,Tier 1,Hybrid,3,6,Senior (6-9 yrs),,,,2026-02-25,12,Naukri.com
JOB-102128,Database Developer (SQL),SQL Developer,Tata Consultancy Services,IT Services,Bengaluru,Karnataka,Tier 1,On-Site,1,3,Mid-Level (3-5 yrs),2.7,5.1,3.9,2025-09-19,9,LinkedIn
JOB-102129,Python Developer,Python Developer,Mu Sigma,Pureplay Analytics,Mumbai,Maharashtra,Tier 1,On-Site,3,6,Senior (6-9 yrs),,,,2026-01-02,11,Naukri.com
JOB-102130,Associate Analyst - Data,Data Analyst,ICICI Bank,Banking,Remote,All India,Remote,Remote,0,2,Entry / Junior (0-2 yrs),2.1,4.2,3.15,2025-09-15,10,Naukri.com
JOB-102131,Analytics Engineer,Data Engineer,Accenture,Consulting / IT,Bengaluru,Karnataka,Tier 1,On-Site,5,9,Senior (6-9 yrs),8.3,15.6,11.95,2026-01-03,9,LinkedIn
JOB-102132,Junior Data Analyst,Data Analyst,Tata Consultancy Services,IT Services,Bengaluru,Karnataka,Tier 1,Hybrid,5,8,Senior (6-9 yrs),8.2,14.3,11.25,2025-12-15,11,LinkedIn
JOB-102133,Data Engineer,Data Engineer,Capgemini,IT Services,Bengaluru,Karnataka,Tier 1,Hybrid,0,1,Entry / Junior (0-2 yrs),,,,2025-11-06,15,Indeed
JOB-102134,Junior Data Engineer,Data Engineer,Accenture,Consulting / IT,Hyderabad,Telangana,Tier 1,Hybrid,4,6,Senior (6-9 yrs),8.3,15.6,11.95,2025-12-14,12,LinkedIn
JOB-102135,Reporting Analyst,BI Analyst,Tata Consultancy Services,IT Services,Bengaluru,Karnataka,Tier 1,Hybrid,5,9,Senior (6-9 yrs),5.0,9.5,7.25,2025-11-11,11,LinkedIn
JOB-102136,Python Developer,Python Developer,EY,Consulting,Bengaluru,Karnataka,Tier 1,Remote,6,9,Senior (6-9 yrs),,,,2026-01-21,12,LinkedIn
JOB-102137,PL/SQL Developer,SQL Developer,Morgan Stanley,Banking / Finance,Bengaluru,Karnataka,Tier 1,On-Site,1,4,Mid-Level (3-5 yrs),,,,2025-10-08,13,Naukri.com
JOB-102138,Junior Data Engineer,Data Engineer,Google,Product / Tech,Gurgaon,Haryana,Tier 1,Remote,4,8,Senior (6-9 yrs),11.2,21.2,16.2,2025-09-07,8,Naukri.com
JOB-102139,Tableau Developer,BI Analyst,Deloitte,Consulting,Hyderabad,Telangana,Tier 1,On-Site,4,6,Senior (6-9 yrs),,,,2025-09-09,9,LinkedIn
JOB-102140,Senior BI Consultant,BI Analyst,LTIMindtree,IT Services,Gurgaon,Haryana,Tier 1,Hybrid,1,4,Mid-Level (3-5 yrs),3.3,6.4,4.85,2026-01-22,9,LinkedIn
JOB-102141,Junior Python Engineer,Python Developer,Standard Chartered,Banking,Bengaluru,Karnataka,Tier 1,Hybrid,0,1,Entry / Junior (0-2 yrs),2.8,5.6,4.2,2026-01-20,8,LinkedIn
JOB-102142,Associate Analyst - Data,Data Analyst,PhonePe,Fintech,Remote,All India,Remote,Remote,4,7,Senior (6-9 yrs),7.3,13.8,10.55,2026-01-13,10,Naukri.com
JOB-102143,Marketing Data Analyst,Data Analyst,Tiger Analytics,Pureplay Analytics,Bengaluru,Karnataka,Tier 1,Hybrid,6,9,Senior (6-9 yrs),12.0,20.8,16.4,2026-01-29,7,LinkedIn
JOB-102144,Power BI Developer,BI Analyst,Uber,Tech,Gurgaon,Haryana,Tier 1,Hybrid,2,5,Mid-Level (3-5 yrs),4.9,9.2,7.05,2025-10-28,8,Naukri.com
JOB-102145,Senior T-SQL Developer,SQL Developer,Deloitte,Consulting,Hyderabad,Telangana,Tier 1,On-Site,6,9,Senior (6-9 yrs),11.5,19.9,15.7,2025-10-02,11,Indeed
JOB-102146,Data Engineer,Data Engineer,Cognizant,IT Services,Gurgaon,Haryana,Tier 1,Hybrid,1,3,Mid-Level (3-5 yrs),4.1,7.7,5.9,2025-12-24,10,LinkedIn
JOB-102147,Junior Data Engineer,Data Engineer,Razorpay,Fintech,Noida,Uttar Pradesh,Tier 1,On-Site,0,1,Entry / Junior (0-2 yrs),3.7,7.5,5.6,2025-10-22,10,Naukri.com
JOB-102148,Marketing Data Analyst,Data Analyst,Tata Consultancy Services,IT Services,Bengaluru,Karnataka,Tier 1,On-Site,4,6,Senior (6-9 yrs),4.7,8.8,6.75,2025-11-29,11,Naukri.com
JOB-102149,Junior Data Engineer,Data Engineer,HCL Technologies,IT Services,Mumbai,Maharashtra,Tier 1,On-Site,0,2,Entry / Junior (0-2 yrs),,,,2025-09-26,10,Naukri.com
JOB-102150,Junior Python Engineer,Python Developer,McKinsey & Company,Strategy Consulting,Hyderabad,Telangana,Tier 1,On-Site,8,13,Lead / Principal (10+ yrs),26.2,45.9,36.05,2025-12-16,11,LinkedIn
JOB-102151,Junior Data Analyst,Data Analyst,LTIMindtree,IT Services,Bengaluru,Karnataka,Tier 1,On-Site,4,7,Senior (6-9 yrs),5.3,9.9,7.6,2025-12-14,11,Indeed
JOB-102152,Junior Python Engineer,Python Developer,Wipro,IT Services,Bengaluru,Karnataka,Tier 1,On-Site,1,3,Mid-Level (3-5 yrs),3.2,6.0,4.6,2025-12-19,11,LinkedIn
JOB-102153,Cloud Data Engineer,Data Engineer,Flipkart,E-Commerce,Mumbai,Maharashtra,Tier 1,Hybrid,1,3,Mid-Level (3-5 yrs),,,,2025-12-09,7,LinkedIn
JOB-102154,Lead Data Analyst,Data Analyst,CRED,Fintech,Gurgaon,Haryana,Tier 1,On-Site,5,9,Senior (6-9 yrs),,,,2026-02-15,9,LinkedIn
JOB-102155,Database Administrator & SQL Dev,SQL Developer,EY,Consulting,Pune,Maharashtra,Tier 1,Hybrid,6,10,Lead / Principal (10+ yrs),11.0,19.1,15.05,2025-09-17,9,LinkedIn
JOB-102156,Senior Python Developer,Python Developer,Capgemini,IT Services,Gurgaon,Haryana,Tier 1,Hybrid,5,7,Senior (6-9 yrs),6.1,11.4,8.75,2025-10-29,10,LinkedIn
JOB-102157,Junior Python Engineer,Python Developer,Mu Sigma,Pureplay Analytics,Gurgaon,Haryana,Tier 1,Hybrid,3,7,Senior (6-9 yrs),6.4,12.0,9.2,2025-12-01,9,LinkedIn
JOB-102158,Python Developer,Python Developer,Uber,Tech,Hyderabad,Telangana,Tier 1,Hybrid,1,4,Mid-Level (3-5 yrs),5.2,9.8,7.5,2025-11-27,8,LinkedIn
JOB-102159,Tableau Developer,BI Analyst,Mu Sigma,Pureplay Analytics,Bengaluru,Karnataka,Tier 1,On-Site,4,8,Senior (6-9 yrs),6.0,11.2,8.6,2026-01-02,10,Indeed
JOB-102160,Senior T-SQL Developer,SQL Developer,Mu Sigma,Pureplay Analytics,Mumbai,Maharashtra,Tier 1,Hybrid,7,11,Lead / Principal (10+ yrs),9.6,16.6,13.1,2025-11-02,11,Naukri.com
JOB-102161,Financial Data Analyst,Data Analyst,Mu Sigma,Pureplay Analytics,Bengaluru,Karnataka,Tier 1,On-Site,2,4,Mid-Level (3-5 yrs),3.2,6.2,4.7,2025-12-07,9,Naukri.com
JOB-102162,Associate Analyst - Data,Data Analyst,Accenture,Consulting / IT,Noida,Uttar Pradesh,Tier 1,On-Site,7,10,Lead / Principal (10+ yrs),10.8,18.7,14.75,2025-11-14,8,Indeed
JOB-102163,Senior Data Analyst,Data Analyst,Capgemini,IT Services,Gurgaon,Haryana,Tier 1,Remote,6,10,Lead / Principal (10+ yrs),9.3,16.1,12.7,2025-12-13,11,LinkedIn
JOB-102164,Marketing Data Analyst,Data Analyst,HSBC,Banking,Bengaluru,Karnataka,Tier 1,Hybrid,5,9,Senior (6-9 yrs),11.7,20.3,16.0,2025-11-02,12,LinkedIn
JOB-102165,Power BI Developer,BI Analyst,Uber,Tech,Bengaluru,Karnataka,Tier 1,Hybrid,1,4,Mid-Level (3-5 yrs),4.9,9.2,7.05,2025-10-31,11,Naukri.com
JOB-102166,Junior Data Analyst,Data Analyst,Goldman Sachs,Banking / Finance,Bengaluru,Karnataka,Tier 1,Hybrid,0,1,Entry / Junior (0-2 yrs),2.9,6.0,4.45,2026-01-01,9,Naukri.com
JOB-102167,Financial Data Analyst,Data Analyst,PhonePe,Fintech,Gurgaon,Haryana,Tier 1,On-Site,5,8,Senior (6-9 yrs),12.9,22.4,17.65,2026-01-13,10,LinkedIn
JOB-102168,Associate Analyst - Data,Data Analyst,Flipkart,E-Commerce,Bengaluru,Karnataka,Tier 1,On-Site,3,6,Senior (6-9 yrs),7.5,14.1,10.8,2026-01-20,8,LinkedIn
JOB-102169,ETL Developer,Data Engineer,Wipro,IT Services,Hyderabad,Telangana,Tier 1,Hybrid,4,6,Senior (6-9 yrs),6.3,11.9,9.1,2026-01-09,11,Indeed
JOB-102170,Junior Python Engineer,Python Developer,CRED,Fintech,Bengaluru,Karnataka,Tier 1,Hybrid,3,7,Senior (6-9 yrs),8.6,16.2,12.4,2025-12-07,10,LinkedIn
JOB-102171,BI Developer,BI Analyst,CRED,Fintech,Hyderabad,Telangana,Tier 1,Remote,0,2,Entry / Junior (0-2 yrs),3.0,6.2,4.6,2025-12-15,11,Naukri.com
JOB-102172,Reporting Analyst,BI Analyst,Flipkart,E-Commerce,Bengaluru,Karnataka,Tier 1,Hybrid,4,7,Senior (6-9 yrs),,,,2025-10-25,9,Naukri.com
JOB-102173,Senior T-SQL Developer,SQL Developer,Barclays,Banking,Hyderabad,Telangana,Tier 1,Hybrid,5,8,Senior (6-9 yrs),6.7,12.5,9.6,2025-09-04,9,LinkedIn
JOB-102174,Tableau Developer,BI Analyst,Uber,Tech,Hyderabad,Telangana,Tier 1,Hybrid,1,3,Mid-Level (3-5 yrs),4.9,9.2,7.05,2026-02-12,12,LinkedIn
JOB-102175,Lead Data Analyst,Data Analyst,Paytm,Fintech,Bengaluru,Karnataka,Tier 1,Hybrid,4,8,Senior (6-9 yrs),,,,2025-11-19,9,Naukri.com
JOB-102176,Junior Python Engineer,Python Developer,HCL Technologies,IT Services,Bengaluru,Karnataka,Tier 1,On-Site,1,4,Mid-Level (3-5 yrs),3.3,6.3,4.8,2025-12-11,9,Naukri.com
JOB-102177,Data Analyst,Data Analyst,Mu Sigma,Pureplay Analytics,Hyderabad,Telangana,Tier 1,On-Site,7,11,Lead / Principal (10+ yrs),,,,2025-09-20,10,Naukri.com
JOB-102178,Data Analyst,Data Analyst,Capgemini,IT Services,Pune,Maharashtra,Tier 1,Hybrid,5,8,Senior (6-9 yrs),5.3,9.9,7.6,2025-11-29,10,Company Careers Portal
JOB-102179,Senior Data Analyst,Data Analyst,CRED,Fintech,Noida,Uttar Pradesh,Tier 1,On-Site,3,6,Senior (6-9 yrs),7.5,14.1,10.8,2025-11-02,9,LinkedIn
JOB-102180,Python Backend & Analytics Engineer,Python Developer,HSBC,Banking,Pune,Maharashtra,Tier 1,Hybrid,5,8,Senior (6-9 yrs),7.6,14.4,11.0,2025-12-28,11,Indeed
JOB-102181,Python Data Programmer,Python Developer,EY,Consulting,Bengaluru,Karnataka,Tier 1,Hybrid,5,7,Senior (6-9 yrs),7.3,13.8,10.55,2025-09-04,8,Naukri.com
JOB-102182,BI & Analytics Specialist,BI Analyst,EY,Consulting,Hyderabad,Telangana,Tier 1,Remote,2,5,Mid-Level (3-5 yrs),4.1,7.7,5.9,2025-11-10,9,LinkedIn
JOB-102183,Python Developer,Python Developer,Swiggy,Tech / Consumer,Bengaluru,Karnataka,Tier 1,On-Site,5,8,Senior (6-9 yrs),8.0,15.1,11.55,2026-01-18,11,LinkedIn
JOB-102184,Python Data Programmer,Python Developer,Capgemini,IT Services,Chennai,Tamil Nadu,Tier 1,Remote,1,4,Mid-Level (3-5 yrs),,,,2025-12-28,11,Naukri.com
JOB-102185,Senior Data Analyst,Data Analyst,ICICI Bank,Banking,Noida,Uttar Pradesh,Tier 1,Hybrid,2,4,Mid-Level (3-5 yrs),3.2,6.2,4.7,2025-12-07,10,LinkedIn
JOB-102186,BI & Analytics Specialist,BI Analyst,Razorpay,Fintech,Chennai,Tamil Nadu,Tier 1,Hybrid,0,2,Entry / Junior (0-2 yrs),2.9,6.0,4.45,2025-10-10,9,Company Careers Portal
JOB-102187,ETL Developer,Data Engineer,Google,Product / Tech,Gurgaon,Haryana,Tier 1,Hybrid,5,8,Senior (6-9 yrs),11.2,21.2,16.2,2025-11-11,8,Naukri.com
JOB-102188,Data Engineer,Data Engineer,Capgemini,IT Services,Pune,Maharashtra,Tier 1,Hybrid,2,4,Mid-Level (3-5 yrs),4.2,8.0,6.1,2025-10-14,8,LinkedIn
JOB-102189,Reporting Analyst,BI Analyst,LTIMindtree,IT Services,Bengaluru,Karnataka,Tier 1,On-Site,2,4,Mid-Level (3-5 yrs),,,,2025-12-12,10,LinkedIn
JOB-102190,Junior Data Engineer,Data Engineer,Razorpay,Fintech,Pune,Maharashtra,Tier 1,Hybrid,7,10,Lead / Principal (10+ yrs),17.2,29.8,23.5,2026-01-31,14,LinkedIn
JOB-102191,Healthcare Data Analyst,Data Analyst,Paytm,Fintech,Hyderabad,Telangana,Tier 1,On-Site,1,3,Mid-Level (3-5 yrs),3.8,7.1,5.45,2026-01-24,10,Naukri.com
JOB-102192,Data Engineer,Data Engineer,ICICI Bank,Banking,Hyderabad,Telangana,Tier 1,On-Site,0,1,Entry / Junior (0-2 yrs),2.8,5.7,4.25,2025-10-23,11,Indeed
JOB-102193,Junior Data Analyst,Data Analyst,Cognizant,IT Services,Chennai,Tamil Nadu,Tier 1,Hybrid,4,8,Senior (6-9 yrs),5.1,9.6,7.35,2025-12-11,9,LinkedIn
JOB-102194,Senior Python Developer,Python Developer,Meesho,E-Commerce,Bengaluru,Karnataka,Tier 1,On-Site,5,8,Senior (6-9 yrs),,,,2025-10-13,8,LinkedIn
JOB-102195,Marketing Data Analyst,Data Analyst,Uber,Tech,Noida,Uttar Pradesh,Tier 1,Remote,3,5,Mid-Level (3-5 yrs),7.7,14.4,11.05,2025-09-17,8,LinkedIn
JOB-102196,Python Data Programmer,Python Developer,Fractal Analytics,Pureplay Analytics,Hyderabad,Telangana,Tier 1,Hybrid,3,7,Senior (6-9 yrs),8.0,15.1,11.55,2025-09-05,10,Naukri.com
JOB-102197,Junior Data Engineer,Data Engineer,CRED,Fintech,Mumbai,Maharashtra,Tier 1,Hybrid,3,7,Senior (6-9 yrs),,,,2025-12-12,8,Naukri.com
JOB-102198,Python Backend & Analytics Engineer,Python Developer,Google,Product / Tech,Hyderabad,Telangana,Tier 1,On-Site,5,7,Senior (6-9 yrs),9.6,18.0,13.8,2025-11-08,10,LinkedIn
JOB-102199,SQL Developer,SQL Developer,Wipro,IT Services,Mumbai,Maharashtra,Tier 1,Hybrid,1,3,Mid-Level (3-5 yrs),2.7,5.1,3.9,2026-01-14,7,Naukri.com
JOB-102200,Healthcare Data Analyst,Data Analyst,LTIMindtree,IT Services,Bengaluru,Karnataka,Tier 1,On-Site,1,3,Mid-Level (3-5 yrs),3.1,5.9,4.5,2025-09-16,9,LinkedIn
JOB-102201,Data Engineer,Data Engineer,Accenture,Consulting / IT,Gurgaon,Haryana,Tier 1,Hybrid,1,4,Mid-Level (3-5 yrs),4.9,9.2,7.05,2026-02-22,11,LinkedIn
JOB-102202,Reporting Analyst,BI Analyst,EY,Consulting,Bengaluru,Karnataka,Tier 1,Remote,5,9,Senior (6-9 yrs),6.9,13.0,9.95,2025-09-05,9,Indeed
JOB-102203,Operations Analyst,Data Analyst,JPMorgan Chase,Banking / Finance,Hyderabad,Telangana,Tier 1,Hybrid,5,7,Senior (6-9 yrs),7.5,14.1,10.8,2026-01-05,9,Indeed
JOB-102204,ETL Developer,Data Engineer,KPMG,Consulting,Hyderabad,Telangana,Tier 1,Hybrid,4,8,Senior (6-9 yrs),8.6,16.2,12.4,2026-02-15,9,LinkedIn
JOB-102205,Power BI Developer,BI Analyst,Goldman Sachs,Banking / Finance,Hyderabad,Telangana,Tier 1,On-Site,3,6,Senior (6-9 yrs),8.4,15.9,12.15,2025-10-28,10,Naukri.com
JOB-102206,Reporting Analyst,BI Analyst,ICICI Bank,Banking,Pune,Maharashtra,Tier 1,On-Site,6,10,Lead / Principal (10+ yrs),10.5,18.3,14.4,2026-01-17,8,Naukri.com
JOB-102207,Senior T-SQL Developer,SQL Developer,Google,Product / Tech,Pune,Maharashtra,Tier 1,On-Site,0,2,Entry / Junior (0-2 yrs),3.1,6.2,4.65,2026-01-26,14,Naukri.com
JOB-102208,Python Developer,Python Developer,McKinsey & Company,Strategy Consulting,Bengaluru,Karnataka,Tier 1,On-Site,2,5,Mid-Level (3-5 yrs),5.5,10.4,7.95,2025-10-16,7,LinkedIn
JOB-102209,Data Analyst,Data Analyst,Meesho,E-Commerce,Bengaluru,Karnataka,Tier 1,Hybrid,2,5,Mid-Level (3-5 yrs),4.0,7.6,5.8,2025-10-17,8,LinkedIn
JOB-102210,Senior T-SQL Developer,SQL Developer,Amazon,Product / Tech,Bengaluru,Karnataka,Tier 1,On-Site,0,1,Entry / Junior (0-2 yrs),3.0,6.1,4.55,2026-02-05,11,LinkedIn
JOB-102211,Database Administrator & SQL Dev,SQL Developer,HSBC,Banking,Gurgaon,Haryana,Tier 1,On-Site,1,3,Mid-Level (3-5 yrs),3.8,7.3,5.55,2026-02-25,13,LinkedIn
JOB-102212,Data Analyst,Data Analyst,HSBC,Banking,Bengaluru,Karnataka,Tier 1,Remote,2,4,Mid-Level (3-5 yrs),3.9,7.4,5.65,2025-10-12,9,Indeed
JOB-102213,Healthcare Data Analyst,Data Analyst,Uber,Tech,Hyderabad,Telangana,Tier 1,Hybrid,1,3,Mid-Level (3-5 yrs),4.5,8.6,6.55,2026-01-31,11,Indeed
JOB-102214,Financial Data Analyst,Data Analyst,Meesho,E-Commerce,Chennai,Tamil Nadu,Tier 1,Hybrid,5,7,Senior (6-9 yrs),,,,2026-01-13,10,LinkedIn
JOB-102215,Python Data Programmer,Python Developer,Standard Chartered,Banking,Mumbai,Maharashtra,Tier 1,On-Site,6,10,Lead / Principal (10+ yrs),12.9,22.4,17.65,2025-11-29,8,Naukri.com
JOB-102216,Senior Python Developer,Python Developer,Uber,Tech,Hyderabad,Telangana,Tier 1,On-Site,7,11,Lead / Principal (10+ yrs),15.5,26.9,21.2,2025-10-14,8,LinkedIn
JOB-102217,Marketing Data Analyst,Data Analyst,Infosys,IT Services,Bengaluru,Karnataka,Tier 1,Hybrid,4,7,Senior (6-9 yrs),4.9,9.3,7.1,2026-02-13,9,LinkedIn
JOB-102218,Business Intelligence Analyst,BI Analyst,Barclays,Banking,Bengaluru,Karnataka,Tier 1,Hybrid,3,6,Senior (6-9 yrs),7.3,13.8,10.55,2025-09-07,8,Naukri.com
JOB-102219,Healthcare Data Analyst,Data Analyst,Goldman Sachs,Banking / Finance,Gurgaon,Haryana,Tier 1,Hybrid,4,8,Senior (6-9 yrs),7.8,14.7,11.25,2025-12-28,10,LinkedIn
JOB-102220,Senior Data Engineer,Data Engineer,Infosys,IT Services,Pune,Maharashtra,Tier 1,Hybrid,7,11,Lead / Principal (10+ yrs),11.7,20.4,16.05,2025-12-15,13,Indeed
JOB-102221,BI Developer,BI Analyst,Infosys,IT Services,Pune,Maharashtra,Tier 1,On-Site,5,8,Senior (6-9 yrs),5.3,10.0,7.65,2025-09-20,12,LinkedIn
JOB-102222,Senior Data Engineer,Data Engineer,McKinsey & Company,Strategy Consulting,Gurgaon,Haryana,Tier 1,Hybrid,5,9,Senior (6-9 yrs),10.9,20.5,15.7,2025-12-20,8,LinkedIn
JOB-102223,Data Analyst,Data Analyst,CRED,Fintech,Bengaluru,Karnataka,Tier 1,On-Site,1,4,Mid-Level (3-5 yrs),4.4,8.4,6.4,2025-09-02,10,LinkedIn
JOB-102224,Python Data Programmer,Python Developer,Standard Chartered,Banking,Noida,Uttar Pradesh,Tier 1,On-Site,1,4,Mid-Level (3-5 yrs),,,,2025-10-23,8,Naukri.com
JOB-102225,Junior Data Engineer,Data Engineer,Amazon,Product / Tech,Bengaluru,Karnataka,Tier 1,Hybrid,2,5,Mid-Level (3-5 yrs),6.4,12.2,9.3,2026-02-27,10,LinkedIn
JOB-102226,Senior Data Engineer,Data Engineer,LTIMindtree,IT Services,Pune,Maharashtra,Tier 1,On-Site,2,5,Mid-Level (3-5 yrs),4.2,8.0,6.1,2025-12-08,10,LinkedIn
JOB-102227,Junior Data Analyst,Data Analyst,Deloitte,Consulting,Pune,Maharashtra,Tier 1,On-Site,3,5,Mid-Level (3-5 yrs),6.6,12.5,9.55,2025-12-25,7,Naukri.com
JOB-102228,SQL Developer,SQL Developer,KPMG,Consulting,Gurgaon,Haryana,Tier 1,Hybrid,0,1,Entry / Junior (0-2 yrs),2.4,4.8,3.6,2025-12-04,9,Indeed
JOB-102229,Power BI Developer,BI Analyst,Tiger Analytics,Pureplay Analytics,Noida,Uttar Pradesh,Tier 1,On-Site,5,9,Senior (6-9 yrs),13.0,22.5,17.75,2026-02-22,9,LinkedIn
JOB-102230,SQL Developer,SQL Developer,ICICI Bank,Banking,Hyderabad,Telangana,Tier 1,Hybrid,2,4,Mid-Level (3-5 yrs),3.2,6.1,4.65,2025-11-09,9,Naukri.com
JOB-102231,Python Developer,Python Developer,Tiger Analytics,Pureplay Analytics,Bengaluru,Karnataka,Tier 1,On-Site,4,8,Senior (6-9 yrs),7.8,14.7,11.25,2026-01-09,8,Naukri.com
JOB-102232,Python Backend & Analytics Engineer,Python Developer,Accenture,Consulting / IT,Pune,Maharashtra,Tier 1,On-Site,7,11,Lead / Principal (10+ yrs),12.4,21.5,16.95,2026-02-22,12,LinkedIn
JOB-102233,Python Developer,Python Developer,ICICI Bank,Banking,Pune,Maharashtra,Tier 1,Hybrid,4,7,Senior (6-9 yrs),6.4,12.0,9.2,2026-02-09,9,Company Careers Portal
JOB-102234,Marketing Data Analyst,Data Analyst,Barclays,Banking,Pune,Maharashtra,Tier 1,On-Site,5,9,Senior (6-9 yrs),6.8,12.8,9.8,2026-01-07,11,LinkedIn
JOB-102235,Junior Data Engineer,Data Engineer,LTIMindtree,IT Services,Hyderabad,Telangana,Tier 1,Hybrid,10,15,Lead / Principal (10+ yrs),20.1,35.2,27.65,2025-12-04,9,LinkedIn
JOB-102236,Senior Data Engineer,Data Engineer,HSBC,Banking,Hyderabad,Telangana,Tier 1,Hybrid,0,1,Entry / Junior (0-2 yrs),3.4,6.8,5.1,2025-09-22,12,LinkedIn
JOB-102237,Senior Python Developer,Python Developer,HCL Technologies,IT Services,Bengaluru,Karnataka,Tier 1,Hybrid,2,5,Mid-Level (3-5 yrs),,,,2026-01-20,10,Indeed
JOB-102238,Data Analyst,Data Analyst,Razorpay,Fintech,Bengaluru,Karnataka,Tier 1,On-Site,1,3,Mid-Level (3-5 yrs),,,,2025-09-19,11,Naukri.com
JOB-102239,Senior Data Engineer,Data Engineer,HCL Technologies,IT Services,Pune,Maharashtra,Tier 1,On-Site,2,4,Mid-Level (3-5 yrs),3.9,7.4,5.65,2025-12-11,12,Naukri.com
JOB-102240,BI Developer,BI Analyst,HSBC,Banking,Bengaluru,Karnataka,Tier 1,Hybrid,3,7,Senior (6-9 yrs),,,,2025-12-21,9,Naukri.com
JOB-102241,Business Intelligence Analyst,BI Analyst,Uber,Tech,Bengaluru,Karnataka,Tier 1,Hybrid,2,5,Mid-Level (3-5 yrs),4.9,9.2,7.05,2026-01-17,8,Indeed
JOB-102242,Analytics Engineer,Data Engineer,Amazon,Product / Tech,Bengaluru,Karnataka,Tier 1,Hybrid,1,4,Mid-Level (3-5 yrs),6.4,12.2,9.3,2026-01-02,9,Naukri.com
JOB-102243,BI & Analytics Specialist,BI Analyst,Uber,Tech,Noida,Uttar Pradesh,Tier 1,Hybrid,5,8,Senior (6-9 yrs),8.3,15.6,11.95,2026-01-17,9,LinkedIn
JOB-102244,Python Developer,Python Developer,HCL Technologies,IT Services,Hyderabad,Telangana,Tier 1,Hybrid,4,7,Senior (6-9 yrs),5.7,10.7,8.2,2025-09-26,8,LinkedIn
JOB-102245,Marketing Data Analyst,Data Analyst,Meesho,E-Commerce,Bengaluru,Karnataka,Tier 1,Hybrid,0,1,Entry / Junior (0-2 yrs),,,,2026-01-27,12,LinkedIn
JOB-102246,Senior Python Developer,Python Developer,Cognizant,IT Services,Bengaluru,Karnataka,Tier 1,On-Site,1,4,Mid-Level (3-5 yrs),,,,2026-02-24,11,LinkedIn
JOB-102247,ETL Developer,Data Engineer,CRED,Fintech,Pune,Maharashtra,Tier 1,Hybrid,3,7,Senior (6-9 yrs),10.1,19.0,14.55,2025-09-28,12,Indeed
JOB-102248,Cloud Data Engineer,Data Engineer,ICICI Bank,Banking,Hyderabad,Telangana,Tier 1,On-Site,1,3,Mid-Level (3-5 yrs),4.4,8.3,6.35,2025-12-10,9,Naukri.com
JOB-102249,Data Engineer,Data Engineer,Uber,Tech,Noida,Uttar Pradesh,Tier 1,Remote,1,4,Mid-Level (3-5 yrs),6.1,11.5,8.8,2025-11-21,10,Naukri.com
JOB-102250,Junior Data Engineer,Data Engineer,KPMG,Consulting,Hyderabad,Telangana,Tier 1,Hybrid,8,12,Lead / Principal (10+ yrs),24.3,42.5,33.4,2025-12-02,9,Naukri.com
JOB-102251,Lead Data Analyst,Data Analyst,Amazon,Product / Tech,Hyderabad,Telangana,Tier 1,Remote,0,2,Entry / Junior (0-2 yrs),,,,2025-12-02,11,Naukri.com
JOB-102252,Python Data Programmer,Python Developer,HSBC,Banking,Mumbai,Maharashtra,Tier 1,On-Site,0,2,Entry / Junior (0-2 yrs),2.9,5.8,4.35,2026-01-03,12,LinkedIn
JOB-102253,Associate Analyst - Data,Data Analyst,Tiger Analytics,Pureplay Analytics,Bengaluru,Karnataka,Tier 1,Hybrid,3,6,Senior (6-9 yrs),6.8,12.8,9.8,2025-11-04,11,LinkedIn
JOB-102254,Big Data Engineer,Data Engineer,CRED,Fintech,Bengaluru,Karnataka,Tier 1,On-Site,5,8,Senior (6-9 yrs),10.1,19.0,14.55,2025-12-31,12,Indeed
JOB-102255,Junior Data Engineer,Data Engineer,Microsoft,Product / Tech,Hyderabad,Telangana,Tier 1,Remote,5,8,Senior (6-9 yrs),,,,2026-01-05,8,Naukri.com
JOB-102256,Junior Python Engineer,Python Developer,McKinsey & Company,Strategy Consulting,Bengaluru,Karnataka,Tier 1,Hybrid,1,4,Mid-Level (3-5 yrs),5.5,10.4,7.95,2025-09-15,9,Naukri.com
JOB-102257,Junior Data Engineer,Data Engineer,Microsoft,Product / Tech,Bengaluru,Karnataka,Tier 1,Hybrid,3,6,Senior (6-9 yrs),11.0,20.7,15.85,2025-11-13,9,Naukri.com
JOB-102258,Reporting Analyst,BI Analyst,Goldman Sachs,Banking / Finance,Pune,Maharashtra,Tier 1,Hybrid,1,4,Mid-Level (3-5 yrs),5.0,9.4,7.2,2025-10-15,12,Naukri.com
JOB-102259,Database Developer (SQL),SQL Developer,Microsoft,Product / Tech,Pune,Maharashtra,Tier 1,On-Site,0,1,Entry / Junior (0-2 yrs),3.0,6.1,4.55,2025-10-18,11,Naukri.com
JOB-102260,Reporting Analyst,BI Analyst,Uber,Tech,Chennai,Tamil Nadu,Tier 1,On-Site,4,7,Senior (6-9 yrs),8.3,15.6,11.95,2025-09-27,8,LinkedIn
JOB-102261,Financial Data Analyst,Data Analyst,Google,Product / Tech,Pune,Maharashtra,Tier 1,On-Site,5,7,Senior (6-9 yrs),8.3,15.7,12.0,2025-12-21,12,LinkedIn
JOB-102262,Junior Python Engineer,Python Developer,JPMorgan Chase,Banking / Finance,Hyderabad,Telangana,Tier 1,On-Site,1,4,Mid-Level (3-5 yrs),5.1,9.6,7.35,2025-11-14,11,Indeed
JOB-102263,Healthcare Data Analyst,Data Analyst,PwC,Consulting,Hyderabad,Telangana,Tier 1,On-Site,4,6,Senior (6-9 yrs),6.5,12.2,9.35,2026-01-11,10,Naukri.com
JOB-102264,Junior Data Engineer,Data Engineer,Wipro,IT Services,Pune,Maharashtra,Tier 1,Hybrid,1,4,Mid-Level (3-5 yrs),,,,2025-12-05,12,LinkedIn
JOB-102265,Reporting Analyst,BI Analyst,Cognizant,IT Services,Bengaluru,Karnataka,Tier 1,Hybrid,4,8,Senior (6-9 yrs),5.5,10.4,7.95,2026-02-06,10,Indeed
JOB-102266,Senior T-SQL Developer,SQL Developer,Standard Chartered,Banking,Mumbai,Maharashtra,Tier 1,Hybrid,2,4,Mid-Level (3-5 yrs),3.7,7.0,5.35,2025-12-24,9,Naukri.com
JOB-102267,Python Backend & Analytics Engineer,Python Developer,HSBC,Banking,Bengaluru,Karnataka,Tier 1,Hybrid,4,8,Senior (6-9 yrs),7.6,14.4,11.0,2026-02-19,11,Indeed
JOB-102268,SQL Developer,SQL Developer,Google,Product / Tech,Bengaluru,Karnataka,Tier 1,Hybrid,8,13,Lead / Principal (10+ yrs),,,,2025-09-23,9,LinkedIn
JOB-102269,PL/SQL Developer,SQL Developer,Cognizant,IT Services,Bengaluru,Karnataka,Tier 1,On-Site,6,10,Lead / Principal (10+ yrs),8.8,15.3,12.05,2025-09-14,12,LinkedIn
JOB-102270,Lead Data Analyst,Data Analyst,Uber,Tech,Bengaluru,Karnataka,Tier 1,On-Site,9,13,Lead / Principal (10+ yrs),21.6,37.8,29.7,2025-11-24,10,Naukri.com
JOB-102271,Senior T-SQL Developer,SQL Developer,LTIMindtree,IT Services,Bengaluru,Karnataka,Tier 1,Hybrid,5,7,Senior (6-9 yrs),5.2,9.7,7.45,2026-02-26,9,Naukri.com
JOB-102272,Junior Python Engineer,Python Developer,JPMorgan Chase,Banking / Finance,Pune,Maharashtra,Tier 1,Hybrid,5,7,Senior (6-9 yrs),8.6,16.2,12.4,2025-11-21,9,Naukri.com
JOB-102273,Business Intelligence Analyst,BI Analyst,LTIMindtree,IT Services,Bengaluru,Karnataka,Tier 1,Hybrid,2,5,Mid-Level (3-5 yrs),3.3,6.4,4.85,2025-12-21,10,LinkedIn
JOB-102274,Data Engineer,Data Engineer,Google,Product / Tech,Bengaluru,Karnataka,Tier 1,On-Site,1,3,Mid-Level (3-5 yrs),6.6,12.6,9.6,2025-11-28,8,Indeed
JOB-102275,Reporting Analyst,BI Analyst,LTIMindtree,IT Services,Gurgaon,Haryana,Tier 1,Remote,1,4,Mid-Level (3-5 yrs),3.3,6.4,4.85,2025-11-29,12,Naukri.com
JOB-102276,Python Data Programmer,Python Developer,Flipkart,E-Commerce,Bengaluru,Karnataka,Tier 1,Hybrid,5,8,Senior (6-9 yrs),15.2,26.3,20.75,2025-10-18,11,LinkedIn
JOB-102277,Lead Data Analyst,Data Analyst,Meesho,E-Commerce,Bengaluru,Karnataka,Tier 1,On-Site,2,5,Mid-Level (3-5 yrs),4.0,7.6,5.8,2026-01-26,7,LinkedIn
JOB-102278,Senior Data Analyst,Data Analyst,PwC,Consulting,Bengaluru,Karnataka,Tier 1,Hybrid,5,7,Senior (6-9 yrs),6.5,12.2,9.35,2026-02-27,10,LinkedIn
JOB-102279,Power BI Developer,BI Analyst,McKinsey & Company,Strategy Consulting,Hyderabad,Telangana,Tier 1,Remote,4,7,Senior (6-9 yrs),8.7,16.4,12.55,2025-12-03,13,LinkedIn
JOB-102280,Analytics Engineer,Data Engineer,Meesho,E-Commerce,Bengaluru,Karnataka,Tier 1,Hybrid,7,11,Lead / Principal (10+ yrs),16.2,28.1,22.15,2026-02-09,10,LinkedIn
JOB-102281,Business Intelligence Analyst,BI Analyst,Amazon,Product / Tech,Hyderabad,Telangana,Tier 1,On-Site,0,2,Entry / Junior (0-2 yrs),3.3,6.7,5.0,2026-02-05,10,LinkedIn
JOB-102282,Reporting Analyst,BI Analyst,McKinsey & Company,Strategy Consulting,Gurgaon,Haryana,Tier 1,On-Site,5,7,Senior (6-9 yrs),8.7,16.4,12.55,2025-10-16,9,LinkedIn
JOB-102283,Senior Data Analyst,Data Analyst,Amazon,Product / Tech,Bengaluru,Karnataka,Tier 1,On-Site,5,8,Senior (6-9 yrs),14.2,24.7,19.45,2025-12-25,10,Indeed
JOB-102284,ETL Developer,Data Engineer,Swiggy,Tech / Consumer,Hyderabad,Telangana,Tier 1,Hybrid,4,6,Senior (6-9 yrs),9.4,17.7,13.55,2025-12-04,10,LinkedIn
JOB-102285,Financial Data Analyst,Data Analyst,Accenture,Consulting / IT,Bengaluru,Karnataka,Tier 1,Hybrid,3,5,Mid-Level (3-5 yrs),6.1,11.5,8.8,2025-09-29,12,LinkedIn
JOB-102286,Senior Python Developer,Python Developer,Cognizant,IT Services,Mumbai,Maharashtra,Tier 1,Hybrid,0,1,Entry / Junior (0-2 yrs),,,,2025-11-14,9,Naukri.com
JOB-102287,Data Analyst,Data Analyst,KPMG,Consulting,Bengaluru,Karnataka,Tier 1,Remote,3,5,Mid-Level (3-5 yrs),,,,2026-02-15,8,LinkedIn
JOB-102288,BI & Analytics Specialist,BI Analyst,Tata Consultancy Services,IT Services,Gurgaon,Haryana,Tier 1,Hybrid,7,11,Lead / Principal (10+ yrs),8.9,15.4,12.15,2025-12-26,8,LinkedIn
JOB-102289,Operations Analyst,Data Analyst,Standard Chartered,Banking,Chennai,Tamil Nadu,Tier 1,Remote,1,3,Mid-Level (3-5 yrs),3.8,7.1,5.45,2025-09-22,9,Naukri.com
JOB-102290,Power BI Developer,BI Analyst,Tata Consultancy Services,IT Services,Mumbai,Maharashtra,Tier 1,On-Site,0,2,Entry / Junior (0-2 yrs),1.9,3.9,2.9,2025-09-20,7,Naukri.com
JOB-102291,Reporting Analyst,BI Analyst,Goldman Sachs,Banking / Finance,Hyderabad,Telangana,Tier 1,Hybrid,3,6,Senior (6-9 yrs),8.4,15.9,12.15,2025-12-20,8,LinkedIn
JOB-102292,Healthcare Data Analyst,Data Analyst,Deloitte,Consulting,Bengaluru,Karnataka,Tier 1,On-Site,6,10,Lead / Principal (10+ yrs),11.7,20.3,16.0,2025-12-25,9,Company Careers Portal
JOB-102293,Operations Analyst,Data Analyst,Paytm,Fintech,Bengaluru,Karnataka,Tier 1,On-Site,7,11,Lead / Principal (10+ yrs),11.2,19.5,15.35,2025-10-19,9,Naukri.com
JOB-102294,SQL Developer,SQL Developer,Goldman Sachs,Banking / Finance,Bengaluru,Karnataka,Tier 1,On-Site,0,2,Entry / Junior (0-2 yrs),2.9,5.9,4.4,2025-12-23,11,LinkedIn
JOB-102295,Database Administrator & SQL Dev,SQL Developer,Infosys,IT Services,Pune,Maharashtra,Tier 1,Hybrid,2,4,Mid-Level (3-5 yrs),2.8,5.4,4.1,2026-02-05,13,LinkedIn
JOB-102296,Database Administrator & SQL Dev,SQL Developer,Meesho,E-Commerce,Pune,Maharashtra,Tier 1,Hybrid,3,6,Senior (6-9 yrs),,,,2026-01-26,11,Naukri.com
JOB-102297,BI Developer,BI Analyst,HSBC,Banking,Bengaluru,Karnataka,Tier 1,Hybrid,2,4,Mid-Level (3-5 yrs),,,,2025-10-01,12,Company Careers Portal
JOB-102298,Analytics Engineer,Data Engineer,Swiggy,Tech / Consumer,Bengaluru,Karnataka,Tier 1,Hybrid,4,8,Senior (6-9 yrs),,,,2025-12-21,8,Company Careers Portal
JOB-102299,Junior Python Engineer,Python Developer,Accenture,Consulting / IT,Hyderabad,Telangana,Tier 1,Hybrid,5,7,Senior (6-9 yrs),,,,2025-09-08,9,LinkedIn
JOB-102300,Data Analyst,Data Analyst,Google,Product / Tech,Pune,Maharashtra,Tier 1,Remote,5,7,Senior (6-9 yrs),8.3,15.7,12.0,2025-09-07,12,LinkedIn
JOB-102301,Operations Analyst,Data Analyst,Microsoft,Product / Tech,Bengaluru,Karnataka,Tier 1,Hybrid,3,6,Senior (6-9 yrs),,,,2025-11-01,12,Naukri.com
JOB-102302,SQL Developer,SQL Developer,Accenture,Consulting / IT,Hyderabad,Telangana,Tier 1,On-Site,5,8,Senior (6-9 yrs),,,,2025-10-14,12,LinkedIn
JOB-102303,Python Backend & Analytics Engineer,Python Developer,HDFC Bank,Banking,Hyderabad,Telangana,Tier 1,Hybrid,0,1,Entry / Junior (0-2 yrs),2.5,5.1,3.8,2025-11-29,11,LinkedIn
JOB-102304,Senior Data Analyst,Data Analyst,JPMorgan Chase,Banking / Finance,Bengaluru,Karnataka,Tier 1,Hybrid,0,1,Entry / Junior (0-2 yrs),2.8,5.7,4.25,2025-09-13,11,Naukri.com
JOB-102305,Database Developer (SQL),SQL Developer,Cognizant,IT Services,Bengaluru,Karnataka,Tier 1,Remote,3,5,Mid-Level (3-5 yrs),5.0,9.4,7.2,2025-11-13,12,Indeed
JOB-102306,Python Data Programmer,Python Developer,HSBC,Banking,Bengaluru,Karnataka,Tier 1,On-Site,10,15,Lead / Principal (10+ yrs),21.5,37.7,29.6,2025-09-04,9,Indeed
JOB-102307,Associate Analyst - Data,Data Analyst,Uber,Tech,Pune,Maharashtra,Tier 1,Hybrid,5,7,Senior (6-9 yrs),7.7,14.4,11.05,2025-09-23,12,Naukri.com
JOB-102308,Python Developer,Python Developer,HDFC Bank,Banking,Noida,Uttar Pradesh,Tier 1,On-Site,3,5,Mid-Level (3-5 yrs),6.6,12.5,9.55,2026-02-06,11,LinkedIn
JOB-102309,Database Administrator & SQL Dev,SQL Developer,EY,Consulting,Hyderabad,Telangana,Tier 1,On-Site,5,7,Senior (6-9 yrs),6.2,11.8,9.0,2026-02-11,13,Naukri.com
JOB-102310,Data Analyst,Data Analyst,Uber,Tech,Pune,Maharashtra,Tier 1,Hybrid,5,9,Senior (6-9 yrs),7.7,14.4,11.05,2025-10-20,5,LinkedIn
JOB-102311,Junior Data Analyst,Data Analyst,HDFC Bank,Banking,Bengaluru,Karnataka,Tier 1,Remote,0,2,Entry / Junior (0-2 yrs),2.2,4.4,3.3,2026-02-21,10,Naukri.com
JOB-102312,Junior Python Engineer,Python Developer,PhonePe,Fintech,Bengaluru,Karnataka,Tier 1,Hybrid,4,8,Senior (6-9 yrs),8.4,15.8,12.1,2025-12-21,12,LinkedIn
JOB-102313,Healthcare Data Analyst,Data Analyst,EY,Consulting,Hyderabad,Telangana,Tier 1,On-Site,1,3,Mid-Level (3-5 yrs),3.8,7.1,5.45,2025-11-02,9,LinkedIn
JOB-102314,Reporting Analyst,BI Analyst,Tata Consultancy Services,IT Services,Hyderabad,Telangana,Tier 1,On-Site,6,10,Lead / Principal (10+ yrs),,,,2026-02-11,7,LinkedIn
JOB-102315,Data Engineer,Data Engineer,Fractal Analytics,Pureplay Analytics,Pune,Maharashtra,Tier 1,On-Site,1,4,Mid-Level (3-5 yrs),5.5,10.5,8.0,2026-02-10,8,Naukri.com
JOB-102316,Power BI Developer,BI Analyst,HDFC Bank,Banking,Pune,Maharashtra,Tier 1,On-Site,6,9,Senior (6-9 yrs),,,,2025-10-27,9,LinkedIn
JOB-102317,Power BI Developer,BI Analyst,McKinsey & Company,Strategy Consulting,Hyderabad,Telangana,Tier 1,Hybrid,2,5,Mid-Level (3-5 yrs),5.1,9.7,7.4,2026-02-20,12,LinkedIn
JOB-102318,Reporting Analyst,BI Analyst,HDFC Bank,Banking,Hyderabad,Telangana,Tier 1,On-Site,1,3,Mid-Level (3-5 yrs),3.7,7.0,5.35,2026-01-05,12,Naukri.com
JOB-102319,Senior T-SQL Developer,SQL Developer,Razorpay,Fintech,Hyderabad,Telangana,Tier 1,Hybrid,4,7,Senior (6-9 yrs),7.1,13.3,10.2,2025-09-27,11,Naukri.com
JOB-102320,Reporting Analyst,BI Analyst,Morgan Stanley,Banking / Finance,Pune,Maharashtra,Tier 1,Hybrid,1,3,Mid-Level (3-5 yrs),4.9,9.2,7.05,2025-10-06,10,LinkedIn
JOB-102321,Associate Analyst - Data,Data Analyst,CRED,Fintech,Hyderabad,Telangana,Tier 1,On-Site,1,4,Mid-Level (3-5 yrs),,,,2025-10-07,9,Company Careers Portal
JOB-102322,Junior Data Analyst,Data Analyst,Infosys,IT Services,Noida,Uttar Pradesh,Tier 1,Remote,0,1,Entry / Junior (0-2 yrs),1.9,3.8,2.85,2025-10-28,9,Naukri.com
JOB-102323,Lead Data Analyst,Data Analyst,Google,Product / Tech,Mumbai,Maharashtra,Tier 1,On-Site,5,7,Senior (6-9 yrs),8.3,15.7,12.0,2025-12-20,12,Indeed
JOB-102324,Lead Data Analyst,Data Analyst,Cognizant,IT Services,Bengaluru,Karnataka,Tier 1,On-Site,4,8,Senior (6-9 yrs),,,,2025-12-19,9,LinkedIn
JOB-102325,Senior Python Developer,Python Developer,Tata Consultancy Services,IT Services,Pune,Maharashtra,Tier 1,Hybrid,7,11,Lead / Principal (10+ yrs),9.5,16.4,12.95,2026-02-22,7,LinkedIn
JOB-102326,Associate Analyst - Data,Data Analyst,PwC,Consulting,Hyderabad,Telangana,Tier 1,Hybrid,5,8,Senior (6-9 yrs),11.4,19.8,15.6,2026-01-03,10,LinkedIn
JOB-102327,Junior Python Engineer,Python Developer,Meesho,E-Commerce,Remote,All India,Remote,Remote,2,4,Mid-Level (3-5 yrs),4.6,8.7,6.65,2025-10-22,12,Naukri.com
JOB-102328,Business Intelligence Analyst,BI Analyst,PhonePe,Fintech,Mumbai,Maharashtra,Tier 1,Hybrid,1,3,Mid-Level (3-5 yrs),,,,2025-12-26,12,LinkedIn
JOB-102329,Database Developer (SQL),SQL Developer,PhonePe,Fintech,Hyderabad,Telangana,Tier 1,On-Site,5,8,Senior (6-9 yrs),7.2,13.5,10.35,2026-02-16,10,LinkedIn
JOB-102330,Database Administrator & SQL Dev,SQL Developer,Deloitte,Consulting,Gurgaon,Haryana,Tier 1,On-Site,5,7,Senior (6-9 yrs),,,,2025-11-05,11,LinkedIn
JOB-102331,Database Developer (SQL),SQL Developer,LTIMindtree,IT Services,Pune,Maharashtra,Tier 1,On-Site,7,10,Lead / Principal (10+ yrs),9.1,15.8,12.45,2025-09-02,11,Company Careers Portal
JOB-102332,Reporting Analyst,BI Analyst,Uber,Tech,Hyderabad,Telangana,Tier 1,Hybrid,3,6,Senior (6-9 yrs),8.3,15.6,11.95,2025-12-04,6,LinkedIn
JOB-102333,Marketing Data Analyst,Data Analyst,PwC,Consulting,Bengaluru,Karnataka,Tier 1,Hybrid,5,8,Senior (6-9 yrs),,,,2025-11-16,6,LinkedIn
JOB-102334,Senior Data Engineer,Data Engineer,Standard Chartered,Banking,Chennai,Tamil Nadu,Tier 1,Hybrid,0,1,Entry / Junior (0-2 yrs),,,,2025-10-27,11,LinkedIn
JOB-102335,Junior Data Analyst,Data Analyst,Deloitte,Consulting,Bengaluru,Karnataka,Tier 1,Hybrid,2,5,Mid-Level (3-5 yrs),3.9,7.4,5.65,2026-01-01,7,LinkedIn
JOB-102336,Operations Analyst,Data Analyst,JPMorgan Chase,Banking / Finance,Mumbai,Maharashtra,Tier 1,On-Site,4,6,Senior (6-9 yrs),7.5,14.1,10.8,2025-11-15,12,Company Careers Portal
JOB-102337,BI Developer,BI Analyst,HDFC Bank,Banking,Mumbai,Maharashtra,Tier 1,Hybrid,2,5,Mid-Level (3-5 yrs),3.7,7.0,5.35,2025-09-02,10,Naukri.com
JOB-102338,Analytics Engineer,Data Engineer,Razorpay,Fintech,Hyderabad,Telangana,Tier 1,Remote,4,7,Senior (6-9 yrs),9.8,18.4,14.1,2025-09-30,9,Naukri.com
JOB-102339,Lead Data Analyst,Data Analyst,Microsoft,Product / Tech,Noida,Uttar Pradesh,Tier 1,Hybrid,0,2,Entry / Junior (0-2 yrs),3.1,6.2,4.65,2026-01-20,9,Naukri.com
JOB-102340,Associate Analyst - Data,Data Analyst,Swiggy,Tech / Consumer,Bengaluru,Karnataka,Tier 1,On-Site,0,1,Entry / Junior (0-2 yrs),2.6,5.3,3.95,2026-02-23,10,LinkedIn
JOB-102341,Operations Analyst,Data Analyst,Barclays,Banking,Hyderabad,Telangana,Tier 1,Hybrid,1,4,Mid-Level (3-5 yrs),4.0,7.6,5.8,2025-09-10,8,Indeed
JOB-102342,Senior Data Engineer,Data Engineer,KPMG,Consulting,Pune,Maharashtra,Tier 1,On-Site,1,3,Mid-Level (3-5 yrs),5.1,9.6,7.35,2026-02-06,11,Naukri.com
JOB-102343,Analytics Engineer,Data Engineer,Razorpay,Fintech,Hyderabad,Telangana,Tier 1,Hybrid,2,4,Mid-Level (3-5 yrs),5.7,10.9,8.3,2026-02-13,11,Naukri.com
JOB-102344,Python Backend & Analytics Engineer,Python Developer,Cognizant,IT Services,Hyderabad,Telangana,Tier 1,Hybrid,2,4,Mid-Level (3-5 yrs),3.4,6.6,5.0,2026-01-04,11,Naukri.com
JOB-102345,Tableau Developer,BI Analyst,Uber,Tech,Bengaluru,Karnataka,Tier 1,Hybrid,1,3,Mid-Level (3-5 yrs),4.9,9.2,7.05,2025-10-10,8,Indeed
JOB-102346,Junior Python Engineer,Python Developer,Accenture,Consulting / IT,Hyderabad,Telangana,Tier 1,Hybrid,1,4,Mid-Level (3-5 yrs),4.1,7.9,6.0,2025-12-27,9,Naukri.com
JOB-102347,BI Developer,BI Analyst,Morgan Stanley,Banking / Finance,Bengaluru,Karnataka,Tier 1,Remote,0,2,Entry / Junior (0-2 yrs),3.1,6.3,4.7,2025-09-16,8,LinkedIn
JOB-102348,Senior BI Consultant,BI Analyst,Amazon,Product / Tech,Mumbai,Maharashtra,Tier 1,Hybrid,0,2,Entry / Junior (0-2 yrs),3.3,6.7,5.0,2025-12-18,9,Naukri.com
JOB-102349,Lead Data Analyst,Data Analyst,Capgemini,IT Services,Bengaluru,Karnataka,Tier 1,Hybrid,1,4,Mid-Level (3-5 yrs),3.1,5.9,4.5,2025-10-23,10,LinkedIn
JOB-102350,ETL Developer,Data Engineer,EY,Consulting,Mumbai,Maharashtra,Tier 1,Hybrid,3,6,Senior (6-9 yrs),8.6,16.2,12.4,2025-09-06,8,LinkedIn
JOB-102351,Cloud Data Engineer,Data Engineer,Flipkart,E-Commerce,Bengaluru,Karnataka,Tier 1,On-Site,5,7,Senior (6-9 yrs),10.1,19.0,14.55,2025-09-06,7,Indeed
JOB-102352,Business Intelligence Analyst,BI Analyst,Deloitte,Consulting,Hyderabad,Telangana,Tier 1,Remote,2,5,Mid-Level (3-5 yrs),4.2,8.0,6.1,2025-12-30,10,Indeed
JOB-102353,Senior Python Developer,Python Developer,Capgemini,IT Services,Chennai,Tamil Nadu,Tier 1,On-Site,1,3,Mid-Level (3-5 yrs),3.6,6.8,5.2,2026-01-04,6,Indeed
JOB-102354,Database Developer (SQL),SQL Developer,Meesho,E-Commerce,Bengaluru,Karnataka,Tier 1,Hybrid,2,5,Mid-Level (3-5 yrs),,,,2025-10-05,12,LinkedIn
JOB-102355,Operations Analyst,Data Analyst,Capgemini,IT Services,Hyderabad,Telangana,Tier 1,On-Site,3,6,Senior (6-9 yrs),5.3,9.9,7.6,2025-09-24,11,LinkedIn
JOB-102356,Big Data Engineer,Data Engineer,Google,Product / Tech,Hyderabad,Telangana,Tier 1,On-Site,3,6,Senior (6-9 yrs),11.2,21.2,16.2,2026-02-28,9,Indeed
JOB-102357,Financial Data Analyst,Data Analyst,Wipro,IT Services,Mumbai,Maharashtra,Tier 1,On-Site,0,2,Entry / Junior (0-2 yrs),1.8,3.6,2.7,2025-12-14,10,Naukri.com
JOB-102358,Python Backend & Analytics Engineer,Python Developer,Swiggy,Tech / Consumer,Hyderabad,Telangana,Tier 1,On-Site,5,9,Senior (6-9 yrs),14.1,24.5,19.3,2026-01-23,11,Naukri.com
JOB-102359,Reporting Analyst,BI Analyst,Microsoft,Product / Tech,Chennai,Tamil Nadu,Tier 1,On-Site,1,3,Mid-Level (3-5 yrs),,,,2025-11-16,9,LinkedIn
JOB-102360,Python Backend & Analytics Engineer,Python Developer,Uber,Tech,Gurgaon,Haryana,Tier 1,Hybrid,1,4,Mid-Level (3-5 yrs),5.2,9.8,7.5,2025-10-30,6,LinkedIn
JOB-102361,Analytics Engineer,Data Engineer,Standard Chartered,Banking,Bengaluru,Karnataka,Tier 1,Hybrid,4,8,Senior (6-9 yrs),8.6,16.2,12.4,2026-01-21,13,Naukri.com
JOB-102362,Junior Data Engineer,Data Engineer,Barclays,Banking,Pune,Maharashtra,Tier 1,On-Site,0,2,Entry / Junior (0-2 yrs),3.5,7.0,5.25,2025-09-01,10,LinkedIn
JOB-102363,Python Developer,Python Developer,McKinsey & Company,Strategy Consulting,Mumbai,Maharashtra,Tier 1,Hybrid,2,5,Mid-Level (3-5 yrs),5.5,10.4,7.95,2025-10-08,10,LinkedIn
JOB-102364,Analytics Engineer,Data Engineer,Fractal Analytics,Pureplay Analytics,Pune,Maharashtra,Tier 1,Remote,4,8,Senior (6-9 yrs),9.4,17.7,13.55,2026-01-16,8,LinkedIn
JOB-102365,BI Developer,BI Analyst,KPMG,Consulting,Bengaluru,Karnataka,Tier 1,Hybrid,3,7,Senior (6-9 yrs),6.9,13.0,9.95,2025-11-11,10,Naukri.com
JOB-102366,Marketing Data Analyst,Data Analyst,Google,Product / Tech,Mumbai,Maharashtra,Tier 1,Hybrid,2,5,Mid-Level (3-5 yrs),4.9,9.3,7.1,2025-10-23,8,Naukri.com
JOB-102367,BI Developer,BI Analyst,Morgan Stanley,Banking / Finance,Hyderabad,Telangana,Tier 1,Hybrid,6,9,Senior (6-9 yrs),14.6,25.3,19.95,2025-10-16,11,Naukri.com
JOB-102368,Data Engineer,Data Engineer,Swiggy,Tech / Consumer,Mumbai,Maharashtra,Tier 1,Hybrid,7,10,Lead / Principal (10+ yrs),16.6,28.8,22.7,2025-11-08,11,LinkedIn
JOB-102369,Data Analyst,Data Analyst,HDFC Bank,Banking,Pune,Maharashtra,Tier 1,On-Site,4,7,Senior (6-9 yrs),5.8,10.9,8.35,2025-10-14,7,Naukri.com
JOB-102370,Python Data Programmer,Python Developer,Capgemini,IT Services,Bengaluru,Karnataka,Tier 1,Remote,0,2,Entry / Junior (0-2 yrs),2.3,4.6,3.45,2025-09-29,7,LinkedIn
JOB-102371,Junior Data Analyst,Data Analyst,HSBC,Banking,Mumbai,Maharashtra,Tier 1,Remote,3,6,Senior (6-9 yrs),6.6,12.5,9.55,2025-09-18,11,Indeed
JOB-102372,Senior BI Consultant,BI Analyst,ICICI Bank,Banking,Bengaluru,Karnataka,Tier 1,Hybrid,4,7,Senior (6-9 yrs),,,,2025-12-31,6,Company Careers Portal
JOB-102373,SQL Developer,SQL Developer,Amazon,Product / Tech,Bengaluru,Karnataka,Tier 1,Hybrid,6,10,Lead / Principal (10+ yrs),14.0,24.2,19.1,2026-02-02,8,Indeed
JOB-102374,Junior Data Analyst,Data Analyst,Cognizant,IT Services,Hyderabad,Telangana,Tier 1,Hybrid,2,4,Mid-Level (3-5 yrs),3.0,5.7,4.35,2025-10-21,10,LinkedIn
JOB-102375,Junior Data Analyst,Data Analyst,Tiger Analytics,Pureplay Analytics,Pune,Maharashtra,Tier 1,Hybrid,4,6,Senior (6-9 yrs),6.8,12.8,9.8,2025-12-07,7,Naukri.com
JOB-102376,Business Intelligence Analyst,BI Analyst,Fractal Analytics,Pureplay Analytics,Hyderabad,Telangana,Tier 1,Remote,10,14,Lead / Principal (10+ yrs),21.3,37.2,29.25,2026-01-31,10,LinkedIn
JOB-102377,Senior BI Consultant,BI Analyst,Flipkart,E-Commerce,Bengaluru,Karnataka,Tier 1,On-Site,5,9,Senior (6-9 yrs),8.1,15.2,11.65,2025-10-08,10,Indeed
JOB-102378,ETL Developer,Data Engineer,Flipkart,E-Commerce,Pune,Maharashtra,Tier 1,On-Site,3,5,Mid-Level (3-5 yrs),10.1,19.0,14.55,2025-12-03,12,Naukri.com
JOB-102379,Big Data Engineer,Data Engineer,Capgemini,IT Services,Bengaluru,Karnataka,Tier 1,Hybrid,5,9,Senior (6-9 yrs),7.1,13.4,10.25,2026-01-27,12,LinkedIn
JOB-102380,Power BI Developer,BI Analyst,Cognizant,IT Services,Gurgaon,Haryana,Tier 1,On-Site,5,9,Senior (6-9 yrs),5.5,10.4,7.95,2026-02-15,8,Indeed
JOB-102381,Power BI Developer,BI Analyst,Swiggy,Tech / Consumer,Hyderabad,Telangana,Tier 1,Hybrid,0,2,Entry / Junior (0-2 yrs),,,,2026-02-20,12,LinkedIn
JOB-102382,Lead Data Analyst,Data Analyst,Amazon,Product / Tech,Hyderabad,Telangana,Tier 1,On-Site,5,9,Senior (6-9 yrs),8.1,15.2,11.65,2025-11-25,11,Naukri.com
JOB-102383,Healthcare Data Analyst,Data Analyst,Goldman Sachs,Banking / Finance,Hyderabad,Telangana,Tier 1,Hybrid,3,7,Senior (6-9 yrs),7.8,14.7,11.25,2026-02-11,10,LinkedIn
JOB-102384,Junior Data Engineer,Data Engineer,McKinsey & Company,Strategy Consulting,Hyderabad,Telangana,Tier 1,Hybrid,8,13,Lead / Principal (10+ yrs),30.8,53.9,42.35,2025-10-23,13,LinkedIn
JOB-102385,Data Analyst,Data Analyst,Tiger Analytics,Pureplay Analytics,Bengaluru,Karnataka,Tier 1,Hybrid,0,2,Entry / Junior (0-2 yrs),,,,2025-12-19,8,Naukri.com
JOB-102386,Junior Python Engineer,Python Developer,KPMG,Consulting,Bengaluru,Karnataka,Tier 1,On-Site,3,7,Senior (6-9 yrs),7.3,13.8,10.55,2026-02-23,12,LinkedIn
JOB-102387,Marketing Data Analyst,Data Analyst,Meesho,E-Commerce,Bengaluru,Karnataka,Tier 1,Hybrid,0,2,Entry / Junior (0-2 yrs),2.6,5.2,3.9,2026-01-31,9,LinkedIn
JOB-102388,SQL Developer,SQL Developer,Zomato,Tech / Consumer,Hyderabad,Telangana,Tier 1,Hybrid,1,4,Mid-Level (3-5 yrs),3.9,7.4,5.65,2026-01-07,11,LinkedIn
JOB-102389,Python Data Programmer,Python Developer,LTIMindtree,IT Services,Noida,Uttar Pradesh,Tier 1,Hybrid,5,9,Senior (6-9 yrs),6.1,11.4,8.75,2026-01-11,8,LinkedIn
JOB-102390,Python Data Programmer,Python Developer,Wipro,IT Services,Pune,Maharashtra,Tier 1,On-Site,2,4,Mid-Level (3-5 yrs),3.2,6.0,4.6,2026-01-03,10,LinkedIn
JOB-102391,Associate Analyst - Data,Data Analyst,Deloitte,Consulting,Remote,All India,Remote,Remote,0,2,Entry / Junior (0-2 yrs),2.5,5.1,3.8,2026-02-20,8,Naukri.com
JOB-102392,BI Developer,BI Analyst,HSBC,Banking,Noida,Uttar Pradesh,Tier 1,Hybrid,4,7,Senior (6-9 yrs),7.2,13.5,10.35,2025-09-13,11,Naukri.com
JOB-102393,BI Developer,BI Analyst,Accenture,Consulting / IT,Chennai,Tamil Nadu,Tier 1,Hybrid,0,2,Entry / Junior (0-2 yrs),2.5,5.1,3.8,2026-02-19,12,Naukri.com
JOB-102394,Associate Analyst - Data,Data Analyst,Uber,Tech,Bengaluru,Karnataka,Tier 1,Hybrid,1,4,Mid-Level (3-5 yrs),4.5,8.6,6.55,2026-02-05,8,Naukri.com
JOB-102395,Junior Data Engineer,Data Engineer,Fractal Analytics,Pureplay Analytics,Bengaluru,Karnataka,Tier 1,On-Site,0,2,Entry / Junior (0-2 yrs),3.5,7.2,5.35,2025-12-26,7,Indeed
JOB-102396,Python Backend & Analytics Engineer,Python Developer,ICICI Bank,Banking,Bengaluru,Karnataka,Tier 1,Hybrid,2,5,Mid-Level (3-5 yrs),,,,2025-09-27,11,Indeed
JOB-102397,Data Engineer,Data Engineer,Uber,Tech,Chennai,Tamil Nadu,Tier 1,On-Site,4,6,Senior (6-9 yrs),10.3,19.4,14.85,2025-09-15,10,Naukri.com
JOB-102398,Data Analyst,Data Analyst,Wipro,IT Services,Pune,Maharashtra,Tier 1,Hybrid,6,9,Senior (6-9 yrs),8.2,14.3,11.25,2025-10-12,7,LinkedIn
JOB-102399,Business Intelligence Analyst,BI Analyst,Fractal Analytics,Pureplay Analytics,Pune,Maharashtra,Tier 1,Hybrid,7,10,Lead / Principal (10+ yrs),13.3,23.0,18.15,2025-09-29,9,LinkedIn
JOB-102400,Senior BI Consultant,BI Analyst,Barclays,Banking,Noida,Uttar Pradesh,Tier 1,On-Site,1,4,Mid-Level (3-5 yrs),,,,2025-09-25,11,Naukri.com
JOB-102401,Python Data Programmer,Python Developer,Morgan Stanley,Banking / Finance,Bengaluru,Karnataka,Tier 1,Hybrid,0,2,Entry / Junior (0-2 yrs),3.3,6.7,5.0,2025-09-29,9,Naukri.com
JOB-102402,Data Engineer,Data Engineer,PhonePe,Fintech,Hyderabad,Telangana,Tier 1,On-Site,4,7,Senior (6-9 yrs),9.9,18.6,14.25,2025-10-12,10,Naukri.com
JOB-102403,Senior Python Developer,Python Developer,Tata Consultancy Services,IT Services,Gurgaon,Haryana,Tier 1,On-Site,0,2,Entry / Junior (0-2 yrs),2.0,4.1,3.05,2026-02-01,9,Naukri.com
JOB-102404,Big Data Engineer,Data Engineer,Amazon,Product / Tech,Bengaluru,Karnataka,Tier 1,On-Site,0,1,Entry / Junior (0-2 yrs),4.1,8.3,6.2,2025-09-29,9,Naukri.com
JOB-102405,Python Developer,Python Developer,Tiger Analytics,Pureplay Analytics,Gurgaon,Haryana,Tier 1,On-Site,5,7,Senior (6-9 yrs),,,,2025-09-01,12,Indeed
JOB-102406,Senior BI Consultant,BI Analyst,Morgan Stanley,Banking / Finance,Hyderabad,Telangana,Tier 1,Remote,6,9,Senior (6-9 yrs),14.6,25.3,19.95,2025-10-08,13,Naukri.com
JOB-102407,Lead Data Analyst,Data Analyst,Wipro,IT Services,Pune,Maharashtra,Tier 1,Hybrid,3,5,Mid-Level (3-5 yrs),,,,2025-10-03,10,LinkedIn
JOB-102408,Senior BI Consultant,BI Analyst,Deloitte,Consulting,Pune,Maharashtra,Tier 1,On-Site,9,13,Lead / Principal (10+ yrs),,,,2025-09-17,9,Company Careers Portal
JOB-102409,Python Developer,Python Developer,Swiggy,Tech / Consumer,Gurgaon,Haryana,Tier 1,On-Site,5,7,Senior (6-9 yrs),8.0,15.1,11.55,2025-09-07,10,LinkedIn
JOB-102410,Database Administrator & SQL Dev,SQL Developer,Mu Sigma,Pureplay Analytics,Bengaluru,Karnataka,Tier 1,Hybrid,5,9,Senior (6-9 yrs),9.6,16.6,13.1,2025-09-13,11,Indeed
JOB-102411,BI & Analytics Specialist,BI Analyst,Microsoft,Product / Tech,Hyderabad,Telangana,Tier 1,On-Site,2,4,Mid-Level (3-5 yrs),,,,2025-10-23,9,Naukri.com
JOB-102412,Cloud Data Engineer,Data Engineer,Microsoft,Product / Tech,Bengaluru,Karnataka,Tier 1,Hybrid,3,7,Senior (6-9 yrs),11.0,20.7,15.85,2025-11-26,9,LinkedIn
JOB-102413,PL/SQL Developer,SQL Developer,Uber,Tech,Bengaluru,Karnataka,Tier 1,Hybrid,0,1,Entry / Junior (0-2 yrs),2.8,5.7,4.25,2026-02-26,12,Indeed
JOB-102414,Junior Python Engineer,Python Developer,LTIMindtree,IT Services,Hyderabad,Telangana,Tier 1,Hybrid,3,5,Mid-Level (3-5 yrs),6.1,11.4,8.75,2025-09-02,9,Naukri.com
JOB-102415,Junior Data Engineer,Data Engineer,PhonePe,Fintech,Hyderabad,Telangana,Tier 1,On-Site,4,6,Senior (6-9 yrs),,,,2025-10-27,9,Naukri.com
JOB-102416,Lead Data Analyst,Data Analyst,KPMG,Consulting,Bengaluru,Karnataka,Tier 1,Remote,4,7,Senior (6-9 yrs),6.4,12.0,9.2,2026-01-27,9,Indeed
JOB-102417,Senior BI Consultant,BI Analyst,KPMG,Consulting,Noida,Uttar Pradesh,Tier 1,Hybrid,0,2,Entry / Junior (0-2 yrs),2.6,5.3,3.95,2025-12-07,12,Naukri.com
JOB-102418,Marketing Data Analyst,Data Analyst,Tiger Analytics,Pureplay Analytics,Pune,Maharashtra,Tier 1,Hybrid,5,8,Senior (6-9 yrs),6.8,12.8,9.8,2025-11-07,9,Naukri.com
JOB-102419,SQL Developer,SQL Developer,Razorpay,Fintech,Hyderabad,Telangana,Tier 1,Hybrid,5,8,Senior (6-9 yrs),7.1,13.3,10.2,2025-11-07,13,Naukri.com
JOB-102420,Database Administrator & SQL Dev,SQL Developer,Tata Consultancy Services,IT Services,Bengaluru,Karnataka,Tier 1,On-Site,0,2,Entry / Junior (0-2 yrs),1.7,3.5,2.6,2025-11-24,10,LinkedIn
JOB-102421,Senior Data Engineer,Data Engineer,Paytm,Fintech,Hyderabad,Telangana,Tier 1,On-Site,0,1,Entry / Junior (0-2 yrs),3.2,6.6,4.9,2026-01-26,14,Indeed
JOB-102422,Python Backend & Analytics Engineer,Python Developer,HSBC,Banking,Bengaluru,Karnataka,Tier 1,Hybrid,0,1,Entry / Junior (0-2 yrs),,,,2025-09-13,12,LinkedIn
JOB-102423,Senior Data Engineer,Data Engineer,Deloitte,Consulting,Mumbai,Maharashtra,Tier 1,On-Site,2,5,Mid-Level (3-5 yrs),5.3,10.0,7.65,2025-09-03,9,Naukri.com
JOB-102424,Associate Analyst - Data,Data Analyst,Zomato,Tech / Consumer,Bengaluru,Karnataka,Tier 1,On-Site,3,6,Senior (6-9 yrs),6.8,12.8,9.8,2025-11-10,8,LinkedIn
JOB-102425,Business Intelligence Analyst,BI Analyst,Infosys,IT Services,Pune,Maharashtra,Tier 1,Hybrid,1,4,Mid-Level (3-5 yrs),3.1,6.0,4.55,2025-12-03,9,LinkedIn
JOB-102426,Healthcare Data Analyst,Data Analyst,LTIMindtree,IT Services,Pune,Maharashtra,Tier 1,Hybrid,5,8,Senior (6-9 yrs),5.3,9.9,7.6,2025-10-29,7,Naukri.com
JOB-102427,Reporting Analyst,BI Analyst,Tata Consultancy Services,IT Services,Mumbai,Maharashtra,Tier 1,Hybrid,4,8,Senior (6-9 yrs),5.0,9.5,7.25,2025-11-20,8,Indeed
JOB-102428,Healthcare Data Analyst,Data Analyst,Razorpay,Fintech,Pune,Maharashtra,Tier 1,Hybrid,0,1,Entry / Junior (0-2 yrs),,,,2025-09-10,11,Indeed
JOB-102429,Senior Data Engineer,Data Engineer,Paytm,Fintech,Pune,Maharashtra,Tier 1,Remote,9,13,Lead / Principal (10+ yrs),,,,2025-12-15,12,LinkedIn
JOB-102430,Senior Data Engineer,Data Engineer,Goldman Sachs,Banking / Finance,Remote,All India,Remote,Remote,4,6,Senior (6-9 yrs),10.6,19.9,15.25,2026-02-08,9,Naukri.com
JOB-102431,SQL Developer,SQL Developer,Meesho,E-Commerce,Bengaluru,Karnataka,Tier 1,On-Site,0,2,Entry / Junior (0-2 yrs),2.5,5.1,3.8,2025-09-29,11,Naukri.com
JOB-102432,Senior Data Analyst,Data Analyst,Flipkart,E-Commerce,Pune,Maharashtra,Tier 1,Hybrid,1,3,Mid-Level (3-5 yrs),4.4,8.4,6.4,2025-10-31,9,LinkedIn
JOB-102433,Python Backend & Analytics Engineer,Python Developer,Microsoft,Product / Tech,Noida,Uttar Pradesh,Tier 1,On-Site,0,2,Entry / Junior (0-2 yrs),3.5,7.2,5.35,2026-02-28,13,Naukri.com
JOB-102434,Data Analyst,Data Analyst,Fractal Analytics,Pureplay Analytics,Mumbai,Maharashtra,Tier 1,On-Site,2,4,Mid-Level (3-5 yrs),,,,2025-12-18,7,LinkedIn
JOB-102435,Tableau Developer,BI Analyst,ICICI Bank,Banking,Gurgaon,Haryana,Tier 1,Hybrid,0,1,Entry / Junior (0-2 yrs),2.2,4.6,3.4,2025-12-10,9,LinkedIn
JOB-102436,Tableau Developer,BI Analyst,JPMorgan Chase,Banking / Finance,Mumbai,Maharashtra,Tier 1,On-Site,1,3,Mid-Level (3-5 yrs),,,,2025-11-29,11,Indeed
JOB-102437,Business Intelligence Analyst,BI Analyst,HDFC Bank,Banking,Chennai,Tamil Nadu,Tier 1,Hybrid,5,8,Senior (6-9 yrs),6.2,11.8,9.0,2025-12-20,10,Naukri.com
JOB-102438,Lead Data Analyst,Data Analyst,HSBC,Banking,Gurgaon,Haryana,Tier 1,On-Site,6,9,Senior (6-9 yrs),11.7,20.3,16.0,2025-10-18,10,LinkedIn
JOB-102439,Financial Data Analyst,Data Analyst,Meesho,E-Commerce,Bengaluru,Karnataka,Tier 1,On-Site,9,13,Lead / Principal (10+ yrs),19.2,33.6,26.4,2025-11-18,5,Naukri.com
JOB-102440,Analytics Engineer,Data Engineer,PhonePe,Fintech,Bengaluru,Karnataka,Tier 1,On-Site,6,10,Lead / Principal (10+ yrs),17.4,30.2,23.8,2026-01-17,14,Naukri.com
JOB-102441,Senior Python Developer,Python Developer,Razorpay,Fintech,Bengaluru,Karnataka,Tier 1,On-Site,0,1,Entry / Junior (0-2 yrs),,,,2026-01-25,8,Naukri.com
JOB-102442,Power BI Developer,BI Analyst,Morgan Stanley,Banking / Finance,Bengaluru,Karnataka,Tier 1,Hybrid,2,5,Mid-Level (3-5 yrs),4.9,9.2,7.05,2025-10-19,10,Indeed
JOB-102443,SQL Developer,SQL Developer,CRED,Fintech,Gurgaon,Haryana,Tier 1,On-Site,6,10,Lead / Principal (10+ yrs),12.9,22.4,17.65,2025-12-20,11,Naukri.com
JOB-102444,Marketing Data Analyst,Data Analyst,Fractal Analytics,Pureplay Analytics,Bengaluru,Karnataka,Tier 1,On-Site,6,9,Senior (6-9 yrs),,,,2026-02-23,9,LinkedIn
JOB-102445,Database Developer (SQL),SQL Developer,Razorpay,Fintech,Bengaluru,Karnataka,Tier 1,On-Site,6,9,Senior (6-9 yrs),12.5,21.7,17.1,2025-09-27,10,LinkedIn
JOB-102446,Reporting Analyst,BI Analyst,Meesho,E-Commerce,Bengaluru,Karnataka,Tier 1,Hybrid,7,11,Lead / Principal (10+ yrs),13.0,22.5,17.75,2025-09-15,9,LinkedIn
JOB-102447,BI Developer,BI Analyst,PhonePe,Fintech,Pune,Maharashtra,Tier 1,On-Site,9,13,Lead / Principal (10+ yrs),22.3,39.0,30.65,2025-12-21,10,LinkedIn
JOB-102448,Cloud Data Engineer,Data Engineer,Tata Consultancy Services,IT Services,Chennai,Tamil Nadu,Tier 1,On-Site,5,9,Senior (6-9 yrs),6.3,11.9,9.1,2025-09-02,10,Naukri.com
JOB-102449,Tableau Developer,BI Analyst,Standard Chartered,Banking,Chennai,Tamil Nadu,Tier 1,On-Site,5,7,Senior (6-9 yrs),6.9,13.0,9.95,2026-02-22,8,LinkedIn
JOB-102450,Healthcare Data Analyst,Data Analyst,Uber,Tech,Bengaluru,Karnataka,Tier 1,Remote,1,4,Mid-Level (3-5 yrs),4.5,8.6,6.55,2025-09-21,8,LinkedIn
JOB-102451,Python Data Programmer,Python Developer,Flipkart,E-Commerce,Hyderabad,Telangana,Tier 1,On-Site,4,7,Senior (6-9 yrs),8.6,16.2,12.4,2025-09-08,10,LinkedIn
JOB-102452,Python Data Programmer,Python Developer,PhonePe,Fintech,Hyderabad,Telangana,Tier 1,On-Site,1,4,Mid-Level (3-5 yrs),4.9,9.4,7.15,2025-11-14,7,LinkedIn
JOB-102453,Cloud Data Engineer,Data Engineer,Paytm,Fintech,Pune,Maharashtra,Tier 1,On-Site,8,12,Lead / Principal (10+ yrs),24.3,42.5,33.4,2025-11-30,9,Naukri.com
JOB-102454,Junior Data Analyst,Data Analyst,Flipkart,E-Commerce,Bengaluru,Karnataka,Tier 1,On-Site,6,9,Senior (6-9 yrs),13.2,22.9,18.05,2025-10-05,11,LinkedIn
JOB-102455,BI Developer,BI Analyst,Meesho,E-Commerce,Mumbai,Maharashtra,Tier 1,Hybrid,5,8,Senior (6-9 yrs),13.0,22.5,17.75,2025-10-08,10,LinkedIn
JOB-102456,Python Backend & Analytics Engineer,Python Developer,Tata Consultancy Services,IT Services,Bengaluru,Karnataka,Tier 1,On-Site,0,1,Entry / Junior (0-2 yrs),2.0,4.1,3.05,2026-02-26,10,LinkedIn
JOB-102457,Python Data Programmer,Python Developer,Paytm,Fintech,Mumbai,Maharashtra,Tier 1,On-Site,0,1,Entry / Junior (0-2 yrs),,,,2025-11-25,10,Indeed
JOB-102458,Big Data Engineer,Data Engineer,Uber,Tech,Bengaluru,Karnataka,Tier 1,On-Site,2,4,Mid-Level (3-5 yrs),6.1,11.5,8.8,2025-10-17,12,Naukri.com
JOB-102459,Python Backend & Analytics Engineer,Python Developer,CRED,Fintech,Gurgaon,Haryana,Tier 1,On-Site,3,7,Senior (6-9 yrs),,,,2025-09-21,9,Naukri.com
JOB-102460,Big Data Engineer,Data Engineer,Tiger Analytics,Pureplay Analytics,Gurgaon,Haryana,Tier 1,Hybrid,0,2,Entry / Junior (0-2 yrs),3.5,7.0,5.25,2025-11-19,9,LinkedIn
JOB-102461,Senior Data Engineer,Data Engineer,Mu Sigma,Pureplay Analytics,Bengaluru,Karnataka,Tier 1,On-Site,1,4,Mid-Level (3-5 yrs),4.4,8.3,6.35,2025-10-28,12,Naukri.com
JOB-102462,Senior BI Consultant,BI Analyst,Swiggy,Tech / Consumer,Bengaluru,Karnataka,Tier 1,Hybrid,5,9,Senior (6-9 yrs),7.5,14.2,10.85,2025-10-15,12,LinkedIn
JOB-102463,BI Developer,BI Analyst,CRED,Fintech,Noida,Uttar Pradesh,Tier 1,Hybrid,5,9,Senior (6-9 yrs),8.1,15.2,11.65,2025-11-29,7,Naukri.com
JOB-102464,Junior Data Engineer,Data Engineer,JPMorgan Chase,Banking / Finance,Hyderabad,Telangana,Tier 1,On-Site,1,3,Mid-Level (3-5 yrs),5.9,11.3,8.6,2025-12-08,9,LinkedIn
JOB-102465,Senior BI Consultant,BI Analyst,Tata Consultancy Services,IT Services,Bengaluru,Karnataka,Tier 1,On-Site,0,2,Entry / Junior (0-2 yrs),1.9,3.9,2.9,2026-01-25,9,Naukri.com
JOB-102466,Data Analyst,Data Analyst,EY,Consulting,Pune,Maharashtra,Tier 1,On-Site,2,5,Mid-Level (3-5 yrs),3.8,7.1,5.45,2026-02-16,8,Naukri.com
JOB-102467,SQL Developer,SQL Developer,LTIMindtree,IT Services,Pune,Maharashtra,Tier 1,On-Site,2,5,Mid-Level (3-5 yrs),3.0,5.8,4.4,2025-09-12,12,LinkedIn
JOB-102468,Senior T-SQL Developer,SQL Developer,HCL Technologies,IT Services,Mumbai,Maharashtra,Tier 1,Hybrid,4,6,Senior (6-9 yrs),4.8,9.1,6.95,2025-12-21,13,LinkedIn
JOB-102469,BI & Analytics Specialist,BI Analyst,Uber,Tech,Pune,Maharashtra,Tier 1,On-Site,5,9,Senior (6-9 yrs),8.3,15.6,11.95,2026-01-17,10,Naukri.com
JOB-102470,Power BI Developer,BI Analyst,Barclays,Banking,Hyderabad,Telangana,Tier 1,On-Site,5,9,Senior (6-9 yrs),7.3,13.8,10.55,2026-01-10,8,Naukri.com
JOB-102471,Junior Python Engineer,Python Developer,Uber,Tech,Bengaluru,Karnataka,Tier 1,Hybrid,5,9,Senior (6-9 yrs),15.5,26.9,21.2,2025-10-21,11,LinkedIn
JOB-102472,Senior Data Analyst,Data Analyst,Mu Sigma,Pureplay Analytics,Bengaluru,Karnataka,Tier 1,Remote,9,13,Lead / Principal (10+ yrs),15.6,27.3,21.45,2026-01-31,9,Indeed
JOB-102473,Analytics Engineer,Data Engineer,Meesho,E-Commerce,Hyderabad,Telangana,Tier 1,On-Site,5,7,Senior (6-9 yrs),9.2,17.3,13.25,2026-01-19,9,Naukri.com
JOB-102474,Senior Data Analyst,Data Analyst,JPMorgan Chase,Banking / Finance,Hyderabad,Telangana,Tier 1,On-Site,10,14,Lead / Principal (10+ yrs),21.1,37.0,29.05,2026-01-01,8,LinkedIn
JOB-102475,Associate Analyst - Data,Data Analyst,JPMorgan Chase,Banking / Finance,Bengaluru,Karnataka,Tier 1,Hybrid,5,8,Senior (6-9 yrs),,,,2025-10-12,8,Naukri.com
JOB-102476,Financial Data Analyst,Data Analyst,LTIMindtree,IT Services,Hyderabad,Telangana,Tier 1,On-Site,1,3,Mid-Level (3-5 yrs),3.1,5.9,4.5,2025-11-17,11,Naukri.com
JOB-102477,Senior BI Consultant,BI Analyst,Zomato,Tech / Consumer,Hyderabad,Telangana,Tier 1,Hybrid,4,6,Senior (6-9 yrs),7.3,13.8,10.55,2026-01-23,11,Indeed
JOB-102478,Python Backend & Analytics Engineer,Python Developer,Tata Consultancy Services,IT Services,Hyderabad,Telangana,Tier 1,Remote,4,6,Senior (6-9 yrs),5.4,10.1,7.75,2025-12-29,11,LinkedIn
JOB-102479,Senior T-SQL Developer,SQL Developer,Cognizant,IT Services,Bengaluru,Karnataka,Tier 1,Hybrid,3,5,Mid-Level (3-5 yrs),5.0,9.4,7.2,2026-01-02,11,Naukri.com
JOB-102480,Data Engineer,Data Engineer,Swiggy,Tech / Consumer,Hyderabad,Telangana,Tier 1,On-Site,7,11,Lead / Principal (10+ yrs),16.6,28.8,22.7,2026-02-14,11,LinkedIn
JOB-102481,Senior Data Analyst,Data Analyst,Paytm,Fintech,Hyderabad,Telangana,Tier 1,On-Site,0,1,Entry / Junior (0-2 yrs),,,,2026-01-19,11,LinkedIn
JOB-102482,Cloud Data Engineer,Data Engineer,EY,Consulting,Mumbai,Maharashtra,Tier 1,On-Site,1,4,Mid-Level (3-5 yrs),5.1,9.6,7.35,2026-01-08,12,Naukri.com
JOB-102483,Analytics Engineer,Data Engineer,Flipkart,E-Commerce,Pune,Maharashtra,Tier 1,Hybrid,5,7,Senior (6-9 yrs),10.1,19.0,14.55,2025-09-30,9,LinkedIn
JOB-102484,Operations Analyst,Data Analyst,Standard Chartered,Banking,Bengaluru,Karnataka,Tier 1,On-Site,3,6,Senior (6-9 yrs),6.4,12.0,9.2,2026-02-04,8,Naukri.com
JOB-102485,ETL Developer,Data Engineer,KPMG,Consulting,Chennai,Tamil Nadu,Tier 1,Remote,0,2,Entry / Junior (0-2 yrs),3.2,6.6,4.9,2025-10-17,9,Naukri.com
JOB-102486,Financial Data Analyst,Data Analyst,LTIMindtree,IT Services,Hyderabad,Telangana,Tier 1,Hybrid,7,11,Lead / Principal (10+ yrs),9.3,16.1,12.7,2025-11-15,9,Indeed
JOB-102487,Junior Python Engineer,Python Developer,Amazon,Product / Tech,Bengaluru,Karnataka,Tier 1,On-Site,3,5,Mid-Level (3-5 yrs),,,,2025-12-31,10,Naukri.com
JOB-102488,Database Administrator & SQL Dev,SQL Developer,PwC,Consulting,Mumbai,Maharashtra,Tier 1,Hybrid,4,7,Senior (6-9 yrs),6.3,11.9,9.1,2025-11-04,13,Naukri.com
JOB-102489,Junior Python Engineer,Python Developer,Microsoft,Product / Tech,Bengaluru,Karnataka,Tier 1,On-Site,0,2,Entry / Junior (0-2 yrs),3.5,7.2,5.35,2025-10-30,12,Naukri.com
JOB-102490,Senior T-SQL Developer,SQL Developer,Meesho,E-Commerce,Hyderabad,Telangana,Tier 1,On-Site,4,8,Senior (6-9 yrs),6.7,12.5,9.6,2025-12-02,14,Indeed
JOB-102491,Junior Python Engineer,Python Developer,Accenture,Consulting / IT,Pune,Maharashtra,Tier 1,Hybrid,2,4,Mid-Level (3-5 yrs),4.1,7.9,6.0,2025-10-15,10,Naukri.com
JOB-102492,Python Data Programmer,Python Developer,Google,Product / Tech,Noida,Uttar Pradesh,Tier 1,Remote,2,5,Mid-Level (3-5 yrs),5.6,10.7,8.15,2026-01-11,10,LinkedIn
JOB-102493,Senior BI Consultant,BI Analyst,HSBC,Banking,Chennai,Tamil Nadu,Tier 1,Hybrid,1,3,Mid-Level (3-5 yrs),4.2,8.0,6.1,2025-10-29,9,LinkedIn
JOB-102494,Senior Data Engineer,Data Engineer,Wipro,IT Services,Gurgaon,Haryana,Tier 1,Hybrid,2,5,Mid-Level (3-5 yrs),3.7,7.1,5.4,2025-12-01,11,Indeed
JOB-102495,Power BI Developer,BI Analyst,Infosys,IT Services,Pune,Maharashtra,Tier 1,Hybrid,5,9,Senior (6-9 yrs),,,,2026-01-16,12,LinkedIn
JOB-102496,Power BI Developer,BI Analyst,JPMorgan Chase,Banking / Finance,Hyderabad,Telangana,Tier 1,On-Site,2,4,Mid-Level (3-5 yrs),4.8,9.0,6.9,2026-01-06,13,Naukri.com
JOB-102497,PL/SQL Developer,SQL Developer,Microsoft,Product / Tech,Bengaluru,Karnataka,Tier 1,Hybrid,5,9,Senior (6-9 yrs),8.0,15.1,11.55,2025-10-12,7,LinkedIn
JOB-102498,BI Developer,BI Analyst,Standard Chartered,Banking,Pune,Maharashtra,Tier 1,Hybrid,1,3,Mid-Level (3-5 yrs),,,,2025-10-09,11,LinkedIn
JOB-102499,Data Analyst,Data Analyst,Accenture,Consulting / IT,Bengaluru,Karnataka,Tier 1,Hybrid,5,8,Senior (6-9 yrs),10.8,18.7,14.75,2025-12-12,8,LinkedIn
JOB-102500,Data Analyst,Data Analyst,Swiggy,Tech / Consumer,Mumbai,Maharashtra,Tier 1,Hybrid,5,8,Senior (6-9 yrs),7.0,13.1,10.05,2025-12-26,9,Naukri.com
JOB-102501,Junior Python Engineer,Python Developer,Accenture,Consulting / IT,Bengaluru,Karnataka,Tier 1,On-Site,3,6,Senior (6-9 yrs),,,,2025-09-07,10,Naukri.com
JOB-102502,Junior Python Engineer,Python Developer,Zomato,Tech / Consumer,Mumbai,Maharashtra,Tier 1,On-Site,7,11,Lead / Principal (10+ yrs),13.8,23.9,18.85,2025-11-13,9,LinkedIn
JOB-102503,Reporting Analyst,BI Analyst,Cognizant,IT Services,Mumbai,Maharashtra,Tier 1,On-Site,2,4,Mid-Level (3-5 yrs),3.2,6.2,4.7,2026-02-12,11,Indeed
JOB-102504,Business Intelligence Analyst,BI Analyst,Swiggy,Tech / Consumer,Bengaluru,Karnataka,Tier 1,Hybrid,1,4,Mid-Level (3-5 yrs),4.4,8.4,6.4,2025-09-30,9,LinkedIn
JOB-102505,Big Data Engineer,Data Engineer,Morgan Stanley,Banking / Finance,Bengaluru,Karnataka,Tier 1,On-Site,5,9,Senior (6-9 yrs),10.3,19.4,14.85,2025-09-08,9,Naukri.com
JOB-102506,Senior Python Developer,Python Developer,EY,Consulting,Bengaluru,Karnataka,Tier 1,On-Site,2,5,Mid-Level (3-5 yrs),4.3,8.2,6.25,2025-11-07,10,LinkedIn
JOB-102507,Financial Data Analyst,Data Analyst,Flipkart,E-Commerce,Noida,Uttar Pradesh,Tier 1,Hybrid,2,5,Mid-Level (3-5 yrs),4.4,8.4,6.4,2026-02-14,9,Naukri.com
JOB-102508,Lead Data Analyst,Data Analyst,HDFC Bank,Banking,Pune,Maharashtra,Tier 1,On-Site,3,7,Senior (6-9 yrs),,,,2026-02-18,11,Naukri.com
JOB-102509,BI & Analytics Specialist,BI Analyst,Capgemini,IT Services,Pune,Maharashtra,Tier 1,Hybrid,1,3,Mid-Level (3-5 yrs),3.3,6.4,4.85,2025-09-12,12,LinkedIn
JOB-102510,Marketing Data Analyst,Data Analyst,Deloitte,Consulting,Remote,All India,Remote,Remote,10,15,Lead / Principal (10+ yrs),18.7,32.8,25.75,2025-09-18,11,Naukri.com
JOB-102511,Database Developer (SQL),SQL Developer,Goldman Sachs,Banking / Finance,Gurgaon,Haryana,Tier 1,Hybrid,2,5,Mid-Level (3-5 yrs),4.5,8.6,6.55,2025-10-18,9,LinkedIn
JOB-102512,Python Backend & Analytics Engineer,Python Developer,Microsoft,Product / Tech,Bengaluru,Karnataka,Tier 1,Hybrid,0,1,Entry / Junior (0-2 yrs),3.5,7.2,5.35,2025-12-18,11,Naukri.com
JOB-102513,Senior BI Consultant,BI Analyst,Microsoft,Product / Tech,Bengaluru,Karnataka,Tier 1,On-Site,3,7,Senior (6-9 yrs),8.8,16.6,12.7,2025-11-17,11,LinkedIn
JOB-102514,Junior Data Engineer,Data Engineer,Deloitte,Consulting,Bengaluru,Karnataka,Tier 1,Hybrid,5,9,Senior (6-9 yrs),15.8,27.4,21.6,2025-11-27,8,Naukri.com
JOB-102515,Junior Data Engineer,Data Engineer,HSBC,Banking,Hyderabad,Telangana,Tier 1,On-Site,5,9,Senior (6-9 yrs),15.8,27.4,21.6,2025-12-25,9,LinkedIn
JOB-102516,Big Data Engineer,Data Engineer,Meesho,E-Commerce,Bengaluru,Karnataka,Tier 1,Hybrid,1,3,Mid-Level (3-5 yrs),5.4,10.3,7.85,2025-11-09,11,LinkedIn
JOB-102517,Junior Python Engineer,Python Developer,Goldman Sachs,Banking / Finance,Hyderabad,Telangana,Tier 1,Hybrid,2,4,Mid-Level (3-5 yrs),,,,2026-02-01,10,LinkedIn
JOB-102518,Senior Data Engineer,Data Engineer,PhonePe,Fintech,Bengaluru,Karnataka,Tier 1,On-Site,5,8,Senior (6-9 yrs),17.4,30.2,23.8,2026-01-26,10,LinkedIn
JOB-102519,SQL Developer,SQL Developer,EY,Consulting,Chennai,Tamil Nadu,Tier 1,On-Site,3,6,Senior (6-9 yrs),6.2,11.8,9.0,2026-01-20,10,Naukri.com
JOB-102520,Junior Data Analyst,Data Analyst,Microsoft,Product / Tech,Bengaluru,Karnataka,Tier 1,Hybrid,4,7,Senior (6-9 yrs),8.2,15.4,11.8,2025-11-14,9,Indeed
JOB-102521,Senior Data Engineer,Data Engineer,HDFC Bank,Banking,Bengaluru,Karnataka,Tier 1,Hybrid,1,4,Mid-Level (3-5 yrs),4.6,8.7,6.65,2025-10-08,15,LinkedIn
JOB-102522,Junior Python Engineer,Python Developer,LTIMindtree,IT Services,Mumbai,Maharashtra,Tier 1,On-Site,5,7,Senior (6-9 yrs),6.1,11.4,8.75,2025-10-19,9,Indeed
JOB-102523,Senior Data Analyst,Data Analyst,Razorpay,Fintech,Chennai,Tamil Nadu,Tier 1,Hybrid,7,10,Lead / Principal (10+ yrs),,,,2025-10-06,8,LinkedIn
JOB-102524,Python Developer,Python Developer,KPMG,Consulting,Hyderabad,Telangana,Tier 1,Hybrid,2,4,Mid-Level (3-5 yrs),4.3,8.2,6.25,2025-09-19,10,LinkedIn
JOB-102525,Tableau Developer,BI Analyst,Tiger Analytics,Pureplay Analytics,Noida,Uttar Pradesh,Tier 1,Hybrid,2,4,Mid-Level (3-5 yrs),4.3,8.2,6.25,2025-09-28,11,LinkedIn
JOB-102526,SQL Developer,SQL Developer,PhonePe,Fintech,Chennai,Tamil Nadu,Tier 1,On-Site,0,1,Entry / Junior (0-2 yrs),2.7,5.5,4.1,2025-09-21,11,Naukri.com
JOB-102527,Python Developer,Python Developer,KPMG,Consulting,Noida,Uttar Pradesh,Tier 1,Hybrid,0,1,Entry / Junior (0-2 yrs),,,,2025-09-09,9,Indeed
JOB-102528,SQL Developer,SQL Developer,Microsoft,Product / Tech,Hyderabad,Telangana,Tier 1,Remote,2,4,Mid-Level (3-5 yrs),4.7,8.9,6.8,2025-12-25,9,LinkedIn
JOB-102529,Data Analyst,Data Analyst,Google,Product / Tech,Hyderabad,Telangana,Tier 1,On-Site,5,9,Senior (6-9 yrs),8.3,15.7,12.0,2025-10-02,11,LinkedIn
JOB-102530,Reporting Analyst,BI Analyst,PhonePe,Fintech,Bengaluru,Karnataka,Tier 1,Hybrid,2,5,Mid-Level (3-5 yrs),4.6,8.8,6.7,2025-10-26,9,Naukri.com
JOB-102531,Power BI Developer,BI Analyst,Razorpay,Fintech,Pune,Maharashtra,Tier 1,On-Site,0,1,Entry / Junior (0-2 yrs),2.9,6.0,4.45,2025-12-16,10,LinkedIn
JOB-102532,Business Intelligence Analyst,BI Analyst,Deloitte,Consulting,Bengaluru,Karnataka,Tier 1,On-Site,7,11,Lead / Principal (10+ yrs),12.6,21.9,17.25,2025-09-30,7,Naukri.com
JOB-102533,Big Data Engineer,Data Engineer,ICICI Bank,Banking,Bengaluru,Karnataka,Tier 1,Hybrid,3,7,Senior (6-9 yrs),7.5,14.0,10.75,2026-01-20,12,LinkedIn
JOB-102534,Python Data Programmer,Python Developer,Barclays,Banking,Mumbai,Maharashtra,Tier 1,Hybrid,2,4,Mid-Level (3-5 yrs),,,,2025-12-16,11,Naukri.com
JOB-102535,Healthcare Data Analyst,Data Analyst,Amazon,Product / Tech,Mumbai,Maharashtra,Tier 1,Hybrid,7,11,Lead / Principal (10+ yrs),14.2,24.7,19.45,2025-12-18,10,LinkedIn
JOB-102536,Senior Data Analyst,Data Analyst,Microsoft,Product / Tech,Mumbai,Maharashtra,Tier 1,On-Site,0,1,Entry / Junior (0-2 yrs),3.1,6.2,4.65,2025-11-01,8,Naukri.com
JOB-102537,Junior Data Analyst,Data Analyst,CRED,Fintech,Bengaluru,Karnataka,Tier 1,Hybrid,5,9,Senior (6-9 yrs),7.5,14.1,10.8,2025-09-22,9,LinkedIn
JOB-102538,Business Intelligence Analyst,BI Analyst,Swiggy,Tech / Consumer,Hyderabad,Telangana,Tier 1,Hybrid,2,4,Mid-Level (3-5 yrs),4.4,8.4,6.4,2025-09-19,8,LinkedIn
JOB-102539,Big Data Engineer,Data Engineer,PwC,Consulting,Bengaluru,Karnataka,Tier 1,On-Site,7,10,Lead / Principal (10+ yrs),15.4,26.7,21.05,2025-12-24,11,Naukri.com
JOB-102540,Associate Analyst - Data,Data Analyst,Cognizant,IT Services,Mumbai,Maharashtra,Tier 1,Remote,3,6,Senior (6-9 yrs),,,,2025-11-27,9,LinkedIn
JOB-102541,ETL Developer,Data Engineer,Paytm,Fintech,Bengaluru,Karnataka,Tier 1,Hybrid,1,3,Mid-Level (3-5 yrs),5.1,9.6,7.35,2025-10-23,7,LinkedIn
JOB-102542,Junior Data Analyst,Data Analyst,Swiggy,Tech / Consumer,Hyderabad,Telangana,Tier 1,On-Site,8,12,Lead / Principal (10+ yrs),19.7,34.4,27.05,2026-02-03,9,Naukri.com
JOB-102543,Data Engineer,Data Engineer,Tata Consultancy Services,IT Services,Mumbai,Maharashtra,Tier 1,On-Site,1,3,Mid-Level (3-5 yrs),3.7,7.1,5.4,2025-12-19,9,Naukri.com
JOB-102544,Analytics Engineer,Data Engineer,Razorpay,Fintech,Pune,Maharashtra,Tier 1,On-Site,4,7,Senior (6-9 yrs),9.8,18.4,14.1,2025-09-05,8,Indeed
JOB-102545,Healthcare Data Analyst,Data Analyst,Paytm,Fintech,Bengaluru,Karnataka,Tier 1,Remote,0,2,Entry / Junior (0-2 yrs),2.4,4.9,3.65,2025-11-12,8,Company Careers Portal
JOB-102546,Senior T-SQL Developer,SQL Developer,Deloitte,Consulting,Hyderabad,Telangana,Tier 1,On-Site,1,3,Mid-Level (3-5 yrs),3.8,7.3,5.55,2025-09-29,13,Naukri.com
JOB-102547,BI Developer,BI Analyst,KPMG,Consulting,Bengaluru,Karnataka,Tier 1,Hybrid,5,9,Senior (6-9 yrs),6.9,13.0,9.95,2026-01-06,11,LinkedIn
JOB-102548,Senior Data Engineer,Data Engineer,Flipkart,E-Commerce,Bengaluru,Karnataka,Tier 1,Hybrid,0,1,Entry / Junior (0-2 yrs),3.8,7.7,5.75,2025-11-09,9,Naukri.com
JOB-102549,Database Developer (SQL),SQL Developer,Razorpay,Fintech,Mumbai,Maharashtra,Tier 1,On-Site,5,9,Senior (6-9 yrs),,,,2025-09-24,8,Naukri.com
JOB-102550,Senior Data Analyst,Data Analyst,HCL Technologies,IT Services,Mumbai,Maharashtra,Tier 1,On-Site,0,1,Entry / Junior (0-2 yrs),1.9,3.8,2.85,2026-01-07,12,Naukri.com
JOB-102551,Big Data Engineer,Data Engineer,Cognizant,IT Services,Noida,Uttar Pradesh,Tier 1,Hybrid,5,7,Senior (6-9 yrs),,,,2025-09-27,9,Naukri.com
JOB-102552,Tableau Developer,BI Analyst,Capgemini,IT Services,Bengaluru,Karnataka,Tier 1,Hybrid,5,8,Senior (6-9 yrs),10.0,17.4,13.7,2025-09-30,12,Indeed
JOB-102553,PL/SQL Developer,SQL Developer,Meesho,E-Commerce,Pune,Maharashtra,Tier 1,Remote,6,9,Senior (6-9 yrs),11.8,20.4,16.1,2026-01-04,13,Naukri.com
JOB-102554,Senior T-SQL Developer,SQL Developer,EY,Consulting,Hyderabad,Telangana,Tier 1,On-Site,2,4,Mid-Level (3-5 yrs),3.7,7.0,5.35,2025-09-21,9,Naukri.com
JOB-102555,Lead Data Analyst,Data Analyst,Barclays,Banking,Bengaluru,Karnataka,Tier 1,On-Site,4,7,Senior (6-9 yrs),6.8,12.8,9.8,2025-11-18,12,Naukri.com
JOB-102556,Junior Python Engineer,Python Developer,Amazon,Product / Tech,Pune,Maharashtra,Tier 1,Hybrid,0,1,Entry / Junior (0-2 yrs),,,,2026-01-05,10,Naukri.com
JOB-102557,Senior Data Engineer,Data Engineer,Meesho,E-Commerce,Bengaluru,Karnataka,Tier 1,Hybrid,5,8,Senior (6-9 yrs),16.2,28.1,22.15,2025-10-22,11,Indeed
JOB-102558,Associate Analyst - Data,Data Analyst,ICICI Bank,Banking,Hyderabad,Telangana,Tier 1,On-Site,0,2,Entry / Junior (0-2 yrs),2.1,4.2,3.15,2026-02-11,10,LinkedIn
JOB-102559,Database Developer (SQL),SQL Developer,LTIMindtree,IT Services,Hyderabad,Telangana,Tier 1,Hybrid,6,10,Lead / Principal (10+ yrs),9.1,15.8,12.45,2026-02-21,10,LinkedIn
JOB-102560,Lead Data Analyst,Data Analyst,Standard Chartered,Banking,Pune,Maharashtra,Tier 1,Hybrid,5,8,Senior (6-9 yrs),6.4,12.0,9.2,2025-11-30,9,Indeed
JOB-102561,Healthcare Data Analyst,Data Analyst,Morgan Stanley,Banking / Finance,Bengaluru,Karnataka,Tier 1,Remote,4,7,Senior (6-9 yrs),7.7,14.4,11.05,2025-10-10,10,LinkedIn
JOB-102562,Senior Data Analyst,Data Analyst,EY,Consulting,Noida,Uttar Pradesh,Tier 1,On-Site,0,1,Entry / Junior (0-2 yrs),2.4,4.9,3.65,2025-12-01,10,LinkedIn
JOB-102563,Senior Data Analyst,Data Analyst,Tiger Analytics,Pureplay Analytics,Gurgaon,Haryana,Tier 1,Hybrid,3,7,Senior (6-9 yrs),6.8,12.8,9.8,2026-01-14,9,LinkedIn
JOB-102564,Business Intelligence Analyst,BI Analyst,Goldman Sachs,Banking / Finance,Bengaluru,Karnataka,Tier 1,Hybrid,4,6,Senior (6-9 yrs),8.4,15.9,12.15,2025-10-14,10,Naukri.com
JOB-102565,Senior Data Engineer,Data Engineer,PwC,Consulting,Chennai,Tamil Nadu,Tier 1,Remote,5,7,Senior (6-9 yrs),8.7,16.4,12.55,2026-01-11,11,LinkedIn
JOB-102566,Python Developer,Python Developer,Swiggy,Tech / Consumer,Hyderabad,Telangana,Tier 1,Hybrid,5,8,Senior (6-9 yrs),8.0,15.1,11.55,2025-11-19,10,LinkedIn
JOB-102567,Healthcare Data Analyst,Data Analyst,JPMorgan Chase,Banking / Finance,Bengaluru,Karnataka,Tier 1,On-Site,7,10,Lead / Principal (10+ yrs),13.2,22.9,18.05,2026-02-14,10,LinkedIn
JOB-102568,Operations Analyst,Data Analyst,Morgan Stanley,Banking / Finance,Bengaluru,Karnataka,Tier 1,Hybrid,0,2,Entry / Junior (0-2 yrs),2.9,5.9,4.4,2025-09-05,8,LinkedIn
JOB-102569,BI & Analytics Specialist,BI Analyst,Wipro,IT Services,Hyderabad,Telangana,Tier 1,On-Site,0,2,Entry / Junior (0-2 yrs),1.9,3.9,2.9,2025-11-12,13,LinkedIn
JOB-102570,Junior Data Analyst,Data Analyst,Mu Sigma,Pureplay Analytics,Chennai,Tamil Nadu,Tier 1,Hybrid,4,7,Senior (6-9 yrs),5.5,10.4,7.95,2025-09-30,9,Naukri.com
JOB-102571,Lead Data Analyst,Data Analyst,Capgemini,IT Services,Hyderabad,Telangana,Tier 1,On-Site,6,10,Lead / Principal (10+ yrs),,,,2025-10-28,10,Naukri.com
JOB-102572,Financial Data Analyst,Data Analyst,Razorpay,Fintech,Pune,Maharashtra,Tier 1,On-Site,3,6,Senior (6-9 yrs),7.2,13.6,10.4,2025-11-17,10,LinkedIn
JOB-102573,BI Developer,BI Analyst,Meesho,E-Commerce,Hyderabad,Telangana,Tier 1,On-Site,1,3,Mid-Level (3-5 yrs),,,,2025-10-09,11,LinkedIn
JOB-102574,SQL Developer,SQL Developer,HDFC Bank,Banking,Bengaluru,Karnataka,Tier 1,On-Site,2,5,Mid-Level (3-5 yrs),3.3,6.3,4.8,2026-01-02,11,Naukri.com
JOB-102575,Tableau Developer,BI Analyst,Amazon,Product / Tech,Mumbai,Maharashtra,Tier 1,On-Site,2,5,Mid-Level (3-5 yrs),5.1,9.7,7.4,2026-02-14,11,LinkedIn
JOB-102576,Lead Data Analyst,Data Analyst,PhonePe,Fintech,Bengaluru,Karnataka,Tier 1,On-Site,1,4,Mid-Level (3-5 yrs),4.3,8.2,6.25,2025-12-13,9,Naukri.com
JOB-102577,Tableau Developer,BI Analyst,Tata Consultancy Services,IT Services,Bengaluru,Karnataka,Tier 1,On-Site,2,4,Mid-Level (3-5 yrs),3.0,5.6,4.3,2025-12-25,11,Naukri.com
JOB-102578,Senior Data Analyst,Data Analyst,Infosys,IT Services,Gurgaon,Haryana,Tier 1,On-Site,2,5,Mid-Level (3-5 yrs),2.9,5.5,4.2,2026-01-18,8,LinkedIn
JOB-102579,Reporting Analyst,BI Analyst,Wipro,IT Services,Pune,Maharashtra,Tier 1,On-Site,5,8,Senior (6-9 yrs),8.9,15.4,12.15,2026-01-27,8,Naukri.com
JOB-102580,Senior Data Engineer,Data Engineer,Barclays,Banking,Bengaluru,Karnataka,Tier 1,On-Site,6,9,Senior (6-9 yrs),16.2,28.1,22.15,2026-01-03,11,LinkedIn
JOB-102581,Junior Data Analyst,Data Analyst,McKinsey & Company,Strategy Consulting,Bengaluru,Karnataka,Tier 1,On-Site,8,12,Lead / Principal (10+ yrs),,,,2025-12-12,10,LinkedIn
JOB-102582,Associate Analyst - Data,Data Analyst,Morgan Stanley,Banking / Finance,Hyderabad,Telangana,Tier 1,Hybrid,0,1,Entry / Junior (0-2 yrs),2.9,5.9,4.4,2026-01-11,9,LinkedIn
JOB-102583,Data Analyst,Data Analyst,Capgemini,IT Services,Pune,Maharashtra,Tier 1,On-Site,4,6,Senior (6-9 yrs),5.3,9.9,7.6,2025-09-19,9,LinkedIn
JOB-102584,Data Analyst,Data Analyst,PwC,Consulting,Hyderabad,Telangana,Tier 1,On-Site,1,4,Mid-Level (3-5 yrs),3.8,7.2,5.5,2025-09-04,11,LinkedIn
JOB-102585,Business Intelligence Analyst,BI Analyst,EY,Consulting,Bengaluru,Karnataka,Tier 1,Remote,6,10,Lead / Principal (10+ yrs),,,,2025-09-04,11,Naukri.com
JOB-102586,Analytics Engineer,Data Engineer,Razorpay,Fintech,Gurgaon,Haryana,Tier 1,Hybrid,5,9,Senior (6-9 yrs),9.8,18.4,14.1,2025-10-04,9,LinkedIn
JOB-102587,Senior BI Consultant,BI Analyst,HSBC,Banking,Pune,Maharashtra,Tier 1,Hybrid,2,5,Mid-Level (3-5 yrs),4.2,8.0,6.1,2025-09-03,7,LinkedIn
JOB-102588,Python Developer,Python Developer,Razorpay,Fintech,Bengaluru,Karnataka,Tier 1,On-Site,4,6,Senior (6-9 yrs),8.3,15.6,11.95,2025-09-11,7,Naukri.com
JOB-102589,Operations Analyst,Data Analyst,McKinsey & Company,Strategy Consulting,Hyderabad,Telangana,Tier 1,Hybrid,1,4,Mid-Level (3-5 yrs),4.8,9.0,6.9,2026-01-10,9,Naukri.com
JOB-102590,Senior Data Engineer,Data Engineer,Morgan Stanley,Banking / Finance,Bengaluru,Karnataka,Tier 1,On-Site,4,7,Senior (6-9 yrs),,,,2025-11-19,8,Naukri.com
JOB-102591,Financial Data Analyst,Data Analyst,McKinsey & Company,Strategy Consulting,Bengaluru,Karnataka,Tier 1,Hybrid,0,1,Entry / Junior (0-2 yrs),3.0,6.2,4.6,2026-01-03,9,Naukri.com
JOB-102592,Senior BI Consultant,BI Analyst,Swiggy,Tech / Consumer,Bengaluru,Karnataka,Tier 1,Hybrid,1,4,Mid-Level (3-5 yrs),4.4,8.4,6.4,2026-02-24,10,Company Careers Portal
JOB-102593,Data Analyst,Data Analyst,Goldman Sachs,Banking / Finance,Pune,Maharashtra,Tier 1,On-Site,0,2,Entry / Junior (0-2 yrs),2.9,6.0,4.45,2025-10-24,12,Indeed
JOB-102594,BI Developer,BI Analyst,ICICI Bank,Banking,Hyderabad,Telangana,Tier 1,Hybrid,5,8,Senior (6-9 yrs),6.0,11.2,8.6,2025-10-27,13,Naukri.com
JOB-102595,Financial Data Analyst,Data Analyst,Infosys,IT Services,Mumbai,Maharashtra,Tier 1,On-Site,4,7,Senior (6-9 yrs),4.9,9.3,7.1,2025-11-08,7,Indeed
JOB-102596,Tableau Developer,BI Analyst,Swiggy,Tech / Consumer,Remote,All India,Remote,Remote,0,2,Entry / Junior (0-2 yrs),2.8,5.8,4.3,2025-10-02,11,Naukri.com
JOB-102597,Senior Python Developer,Python Developer,Fractal Analytics,Pureplay Analytics,Bengaluru,Karnataka,Tier 1,Hybrid,5,7,Senior (6-9 yrs),8.0,15.1,11.55,2026-01-04,13,Naukri.com
JOB-102598,SQL Developer,SQL Developer,JPMorgan Chase,Banking / Finance,Bengaluru,Karnataka,Tier 1,Hybrid,5,8,Senior (6-9 yrs),12.9,22.4,17.65,2025-10-04,11,LinkedIn
JOB-102599,Senior Data Engineer,Data Engineer,HCL Technologies,IT Services,Bengaluru,Karnataka,Tier 1,Hybrid,1,4,Mid-Level (3-5 yrs),,,,2025-10-03,10,LinkedIn
JOB-102600,Senior Data Engineer,Data Engineer,Paytm,Fintech,Hyderabad,Telangana,Tier 1,Hybrid,5,9,Senior (6-9 yrs),15.2,26.3,20.75,2025-09-23,14,Naukri.com
JOB-102601,Junior Data Engineer,Data Engineer,LTIMindtree,IT Services,Hyderabad,Telangana,Tier 1,Hybrid,0,2,Entry / Junior (0-2 yrs),2.7,5.4,4.05,2025-09-15,11,Naukri.com
JOB-102602,Associate Analyst - Data,Data Analyst,KPMG,Consulting,Gurgaon,Haryana,Tier 1,On-Site,6,9,Senior (6-9 yrs),11.2,19.5,15.35,2025-12-12,11,Company Careers Portal
JOB-102603,Database Developer (SQL),SQL Developer,Barclays,Banking,Hyderabad,Telangana,Tier 1,On-Site,6,9,Senior (6-9 yrs),11.8,20.4,16.1,2025-10-15,10,Indeed
JOB-102604,Data Engineer,Data Engineer,Amazon,Product / Tech,Bengaluru,Karnataka,Tier 1,Hybrid,5,8,Senior (6-9 yrs),10.9,20.5,15.7,2025-11-28,8,Indeed
JOB-102605,Analytics Engineer,Data Engineer,HDFC Bank,Banking,Mumbai,Maharashtra,Tier 1,Hybrid,1,4,Mid-Level (3-5 yrs),4.6,8.7,6.65,2025-10-29,9,Company Careers Portal
JOB-102606,Python Developer,Python Developer,Paytm,Fintech,Gurgaon,Haryana,Tier 1,On-Site,1,4,Mid-Level (3-5 yrs),,,,2025-12-18,10,LinkedIn
JOB-102607,Reporting Analyst,BI Analyst,CRED,Fintech,Bengaluru,Karnataka,Tier 1,Remote,1,3,Mid-Level (3-5 yrs),4.8,9.0,6.9,2025-10-02,10,Naukri.com
JOB-102608,Python Backend & Analytics Engineer,Python Developer,Standard Chartered,Banking,Bengaluru,Karnataka,Tier 1,Remote,6,9,Senior (6-9 yrs),12.9,22.4,17.65,2025-12-30,10,LinkedIn
JOB-102609,Senior T-SQL Developer,SQL Developer,Razorpay,Fintech,Bengaluru,Karnataka,Tier 1,Remote,1,4,Mid-Level (3-5 yrs),4.2,7.9,6.05,2025-11-11,12,Naukri.com
JOB-102610,Power BI Developer,BI Analyst,LTIMindtree,IT Services,Pune,Maharashtra,Tier 1,On-Site,0,2,Entry / Junior (0-2 yrs),2.1,4.4,3.25,2026-02-28,10,Naukri.com
JOB-102611,Junior Python Engineer,Python Developer,Tata Consultancy Services,IT Services,Chennai,Tamil Nadu,Tier 1,Remote,7,10,Lead / Principal (10+ yrs),9.5,16.4,12.95,2025-09-06,9,Company Careers Portal
JOB-102612,Senior BI Consultant,BI Analyst,Morgan Stanley,Banking / Finance,Bengaluru,Karnataka,Tier 1,On-Site,2,4,Mid-Level (3-5 yrs),4.9,9.2,7.05,2025-10-21,12,LinkedIn
JOB-102613,Database Developer (SQL),SQL Developer,HDFC Bank,Banking,Hyderabad,Telangana,Tier 1,Remote,6,9,Senior (6-9 yrs),,,,2026-01-30,10,LinkedIn
JOB-102614,Cloud Data Engineer,Data Engineer,CRED,Fintech,Bengaluru,Karnataka,Tier 1,Remote,3,6,Senior (6-9 yrs),10.1,19.0,14.55,2025-09-30,6,LinkedIn
JOB-102615,Python Backend & Analytics Engineer,Python Developer,PhonePe,Fintech,Bengaluru,Karnataka,Tier 1,On-Site,5,8,Senior (6-9 yrs),,,,2025-10-24,12,Naukri.com
JOB-102616,Senior Python Developer,Python Developer,Morgan Stanley,Banking / Finance,Bengaluru,Karnataka,Tier 1,Remote,0,2,Entry / Junior (0-2 yrs),3.3,6.7,5.0,2025-12-15,10,LinkedIn
JOB-102617,Marketing Data Analyst,Data Analyst,KPMG,Consulting,Bengaluru,Karnataka,Tier 1,Hybrid,2,5,Mid-Level (3-5 yrs),3.8,7.1,5.45,2025-12-31,10,Naukri.com
JOB-102618,Database Administrator & SQL Dev,SQL Developer,Mu Sigma,Pureplay Analytics,Hyderabad,Telangana,Tier 1,On-Site,0,2,Entry / Junior (0-2 yrs),2.0,4.1,3.05,2025-12-01,14,LinkedIn
JOB-102619,Marketing Data Analyst,Data Analyst,Razorpay,Fintech,Hyderabad,Telangana,Tier 1,On-Site,5,7,Senior (6-9 yrs),7.2,13.6,10.4,2026-01-06,10,Indeed
JOB-102620,SQL Developer,SQL Developer,Morgan Stanley,Banking / Finance,Noida,Uttar Pradesh,Tier 1,On-Site,6,9,Senior (6-9 yrs),13.2,22.9,18.05,2025-09-19,11,Indeed
JOB-102621,Senior Data Analyst,Data Analyst,Wipro,IT Services,Noida,Uttar Pradesh,Tier 1,On-Site,5,9,Senior (6-9 yrs),8.2,14.3,11.25,2025-09-13,10,LinkedIn
JOB-102622,Tableau Developer,BI Analyst,Tiger Analytics,Pureplay Analytics,Pune,Maharashtra,Tier 1,Hybrid,0,1,Entry / Junior (0-2 yrs),2.8,5.6,4.2,2025-12-31,8,Company Careers Portal
JOB-102623,Big Data Engineer,Data Engineer,Google,Product / Tech,Bengaluru,Karnataka,Tier 1,Hybrid,2,4,Mid-Level (3-5 yrs),6.6,12.6,9.6,2026-02-08,8,LinkedIn
JOB-102624,SQL Developer,SQL Developer,Zomato,Tech / Consumer,Hyderabad,Telangana,Tier 1,On-Site,3,6,Senior (6-9 yrs),6.7,12.5,9.6,2026-01-02,13,LinkedIn
JOB-102625,Lead Data Analyst,Data Analyst,Paytm,Fintech,Pune,Maharashtra,Tier 1,On-Site,0,2,Entry / Junior (0-2 yrs),2.4,4.9,3.65,2025-11-24,8,LinkedIn
JOB-102626,PL/SQL Developer,SQL Developer,PwC,Consulting,Mumbai,Maharashtra,Tier 1,Hybrid,5,9,Senior (6-9 yrs),,,,2026-02-06,13,LinkedIn
JOB-102627,Database Administrator & SQL Dev,SQL Developer,Google,Product / Tech,Bengaluru,Karnataka,Tier 1,On-Site,2,5,Mid-Level (3-5 yrs),4.8,9.1,6.95,2025-12-24,10,LinkedIn
JOB-102628,Python Backend & Analytics Engineer,Python Developer,Cognizant,IT Services,Bengaluru,Karnataka,Tier 1,Remote,8,12,Lead / Principal (10+ yrs),,,,2025-11-01,10,LinkedIn
JOB-102629,Reporting Analyst,BI Analyst,Tata Consultancy Services,IT Services,Hyderabad,Telangana,Tier 1,Remote,1,3,Mid-Level (3-5 yrs),,,,2025-10-08,9,LinkedIn
JOB-102630,Lead Data Analyst,Data Analyst,PwC,Consulting,Bengaluru,Karnataka,Tier 1,On-Site,3,5,Mid-Level (3-5 yrs),,,,2026-01-31,7,LinkedIn
JOB-102631,Cloud Data Engineer,Data Engineer,Goldman Sachs,Banking / Finance,Mumbai,Maharashtra,Tier 1,Hybrid,9,13,Lead / Principal (10+ yrs),,,,2025-09-18,8,LinkedIn
JOB-102632,Operations Analyst,Data Analyst,HDFC Bank,Banking,Pune,Maharashtra,Tier 1,Hybrid,5,8,Senior (6-9 yrs),5.8,10.9,8.35,2025-11-05,9,Indeed
JOB-102633,Data Analyst,Data Analyst,Uber,Tech,Mumbai,Maharashtra,Tier 1,Hybrid,0,2,Entry / Junior (0-2 yrs),,,,2026-01-30,12,Naukri.com
JOB-102634,Senior Data Engineer,Data Engineer,Uber,Tech,Hyderabad,Telangana,Tier 1,On-Site,7,11,Lead / Principal (10+ yrs),18.2,31.6,24.9,2025-12-25,9,Naukri.com
JOB-102635,Python Developer,Python Developer,HCL Technologies,IT Services,Hyderabad,Telangana,Tier 1,On-Site,1,3,Mid-Level (3-5 yrs),3.3,6.3,4.8,2025-12-01,10,Naukri.com
JOB-102636,Junior Python Engineer,Python Developer,Razorpay,Fintech,Mumbai,Maharashtra,Tier 1,Hybrid,10,14,Lead / Principal (10+ yrs),23.5,41.1,32.3,2026-01-05,10,LinkedIn
JOB-102637,Associate Analyst - Data,Data Analyst,ICICI Bank,Banking,Bengaluru,Karnataka,Tier 1,Hybrid,1,3,Mid-Level (3-5 yrs),,,,2026-01-14,13,Naukri.com
JOB-102638,Big Data Engineer,Data Engineer,Capgemini,IT Services,Hyderabad,Telangana,Tier 1,Hybrid,5,7,Senior (6-9 yrs),7.1,13.4,10.25,2026-01-10,10,Indeed
JOB-102639,Tableau Developer,BI Analyst,CRED,Fintech,Gurgaon,Haryana,Tier 1,Hybrid,2,4,Mid-Level (3-5 yrs),4.8,9.0,6.9,2025-12-24,12,LinkedIn
JOB-102640,Power BI Developer,BI Analyst,Paytm,Fintech,Remote,All India,Remote,Remote,7,11,Lead / Principal (10+ yrs),12.2,21.1,16.65,2025-10-17,9,Naukri.com
JOB-102641,Big Data Engineer,Data Engineer,Microsoft,Product / Tech,Hyderabad,Telangana,Tier 1,Hybrid,3,7,Senior (6-9 yrs),,,,2025-12-23,12,LinkedIn
JOB-102642,Healthcare Data Analyst,Data Analyst,Amazon,Product / Tech,Hyderabad,Telangana,Tier 1,On-Site,1,3,Mid-Level (3-5 yrs),,,,2026-01-12,9,LinkedIn
JOB-102643,Junior Python Engineer,Python Developer,Accenture,Consulting / IT,Hyderabad,Telangana,Tier 1,Hybrid,2,4,Mid-Level (3-5 yrs),4.1,7.9,6.0,2025-11-11,9,Indeed
JOB-102644,Senior BI Consultant,BI Analyst,HSBC,Banking,Bengaluru,Karnataka,Tier 1,Hybrid,2,4,Mid-Level (3-5 yrs),4.2,8.0,6.1,2025-12-09,8,Naukri.com
JOB-102645,Python Backend & Analytics Engineer,Python Developer,Tata Consultancy Services,IT Services,Hyderabad,Telangana,Tier 1,On-Site,5,7,Senior (6-9 yrs),5.4,10.1,7.75,2025-12-28,9,LinkedIn
JOB-102646,Junior Data Analyst,Data Analyst,Microsoft,Product / Tech,Noida,Uttar Pradesh,Tier 1,On-Site,4,6,Senior (6-9 yrs),8.2,15.4,11.8,2026-01-16,8,Naukri.com
JOB-102647,Analytics Engineer,Data Engineer,Infosys,IT Services,Hyderabad,Telangana,Tier 1,Hybrid,2,5,Mid-Level (3-5 yrs),3.9,7.4,5.65,2026-01-18,10,LinkedIn
JOB-102648,Senior Data Engineer,Data Engineer,Meesho,E-Commerce,Hyderabad,Telangana,Tier 1,Hybrid,6,10,Lead / Principal (10+ yrs),16.2,28.1,22.15,2026-01-15,9,Naukri.com
JOB-102649,Cloud Data Engineer,Data Engineer,Amazon,Product / Tech,Hyderabad,Telangana,Tier 1,Remote,1,3,Mid-Level (3-5 yrs),6.4,12.2,9.3,2025-09-13,10,LinkedIn
JOB-102650,Senior Python Developer,Python Developer,Cognizant,IT Services,Bengaluru,Karnataka,Tier 1,Hybrid,1,4,Mid-Level (3-5 yrs),3.4,6.6,5.0,2025-12-22,10,Naukri.com
JOB-102651,Senior Python Developer,Python Developer,Cognizant,IT Services,Pune,Maharashtra,Tier 1,Hybrid,2,5,Mid-Level (3-5 yrs),3.4,6.6,5.0,2025-10-27,9,LinkedIn
JOB-102652,Associate Analyst - Data,Data Analyst,HSBC,Banking,Bengaluru,Karnataka,Tier 1,Hybrid,6,9,Senior (6-9 yrs),11.7,20.3,16.0,2025-12-15,9,Company Careers Portal
JOB-102653,Senior Data Engineer,Data Engineer,Tata Consultancy Services,IT Services,Bengaluru,Karnataka,Tier 1,Hybrid,6,9,Senior (6-9 yrs),11.1,19.3,15.2,2025-12-30,11,Naukri.com
JOB-102654,Healthcare Data Analyst,Data Analyst,Deloitte,Consulting,Mumbai,Maharashtra,Tier 1,Hybrid,0,1,Entry / Junior (0-2 yrs),2.5,5.1,3.8,2025-09-28,13,LinkedIn
JOB-102655,Python Developer,Python Developer,HCL Technologies,IT Services,Noida,Uttar Pradesh,Tier 1,Hybrid,0,2,Entry / Junior (0-2 yrs),2.1,4.3,3.2,2025-10-10,12,Naukri.com
JOB-102656,Marketing Data Analyst,Data Analyst,Zomato,Tech / Consumer,Noida,Uttar Pradesh,Tier 1,On-Site,4,6,Senior (6-9 yrs),6.8,12.8,9.8,2025-10-17,12,LinkedIn
JOB-102657,Senior BI Consultant,BI Analyst,LTIMindtree,IT Services,Hyderabad,Telangana,Tier 1,Hybrid,5,7,Senior (6-9 yrs),5.7,10.7,8.2,2025-11-15,12,Naukri.com
JOB-102658,ETL Developer,Data Engineer,Cognizant,IT Services,Bengaluru,Karnataka,Tier 1,On-Site,4,8,Senior (6-9 yrs),6.9,13.0,9.95,2026-01-04,16,Naukri.com
JOB-102659,Database Developer (SQL),SQL Developer,PhonePe,Fintech,Bengaluru,Karnataka,Tier 1,Hybrid,3,6,Senior (6-9 yrs),7.2,13.5,10.35,2025-11-28,11,LinkedIn
JOB-102660,BI Developer,BI Analyst,Meesho,E-Commerce,Mumbai,Maharashtra,Tier 1,On-Site,0,2,Entry / Junior (0-2 yrs),2.8,5.6,4.2,2026-01-29,10,LinkedIn
JOB-102661,Marketing Data Analyst,Data Analyst,LTIMindtree,IT Services,Hyderabad,Telangana,Tier 1,Hybrid,1,3,Mid-Level (3-5 yrs),3.1,5.9,4.5,2025-11-06,8,LinkedIn
JOB-102662,Tableau Developer,BI Analyst,Tiger Analytics,Pureplay Analytics,Hyderabad,Telangana,Tier 1,Hybrid,4,6,Senior (6-9 yrs),7.3,13.8,10.55,2025-12-15,9,Company Careers Portal
JOB-102663,SQL Developer,SQL Developer,PhonePe,Fintech,Mumbai,Maharashtra,Tier 1,On-Site,2,4,Mid-Level (3-5 yrs),4.2,8.0,6.1,2025-09-09,11,Naukri.com
JOB-102664,Associate Analyst - Data,Data Analyst,Deloitte,Consulting,Pune,Maharashtra,Tier 1,Hybrid,2,5,Mid-Level (3-5 yrs),3.9,7.4,5.65,2025-09-24,8,LinkedIn
JOB-102665,PL/SQL Developer,SQL Developer,Amazon,Product / Tech,Bengaluru,Karnataka,Tier 1,Hybrid,0,2,Entry / Junior (0-2 yrs),3.0,6.1,4.55,2025-11-19,10,LinkedIn
JOB-102666,Financial Data Analyst,Data Analyst,Tata Consultancy Services,IT Services,Pune,Maharashtra,Tier 1,On-Site,0,1,Entry / Junior (0-2 yrs),1.8,3.6,2.7,2025-12-15,13,Company Careers Portal
JOB-102667,Junior Data Engineer,Data Engineer,CRED,Fintech,Pune,Maharashtra,Tier 1,Hybrid,0,1,Entry / Junior (0-2 yrs),3.8,7.7,5.75,2025-10-28,9,Naukri.com
JOB-102668,Cloud Data Engineer,Data Engineer,Accenture,Consulting / IT,Hyderabad,Telangana,Tier 1,On-Site,7,10,Lead / Principal (10+ yrs),14.6,25.3,19.95,2025-10-11,14,Naukri.com
JOB-102669,Junior Python Engineer,Python Developer,KPMG,Consulting,Bengaluru,Karnataka,Tier 1,Hybrid,0,1,Entry / Junior (0-2 yrs),2.8,5.6,4.2,2025-11-20,9,Indeed
JOB-102670,Database Administrator & SQL Dev,SQL Developer,HDFC Bank,Banking,Bengaluru,Karnataka,Tier 1,On-Site,6,10,Lead / Principal (10+ yrs),10.0,17.3,13.65,2025-11-09,10,Indeed
JOB-102671,Junior Python Engineer,Python Developer,PwC,Consulting,Gurgaon,Haryana,Tier 1,On-Site,4,8,Senior (6-9 yrs),7.4,14.0,10.7,2026-01-04,11,Naukri.com
JOB-102672,Data Analyst,Data Analyst,Amazon,Product / Tech,Gurgaon,Haryana,Tier 1,Hybrid,5,7,Senior (6-9 yrs),8.1,15.2,11.65,2025-12-20,13,Indeed
JOB-102673,Reporting Analyst,BI Analyst,Morgan Stanley,Banking / Finance,Bengaluru,Karnataka,Tier 1,Hybrid,0,2,Entry / Junior (0-2 yrs),3.1,6.3,4.7,2025-12-17,9,Naukri.com
JOB-102674,ETL Developer,Data Engineer,Tata Consultancy Services,IT Services,Pune,Maharashtra,Tier 1,On-Site,5,9,Senior (6-9 yrs),,,,2025-11-04,12,LinkedIn
JOB-102675,Tableau Developer,BI Analyst,McKinsey & Company,Strategy Consulting,Hyderabad,Telangana,Tier 1,Hybrid,2,5,Mid-Level (3-5 yrs),5.1,9.7,7.4,2025-12-06,9,Naukri.com
JOB-102676,Operations Analyst,Data Analyst,Barclays,Banking,Hyderabad,Telangana,Tier 1,Hybrid,1,3,Mid-Level (3-5 yrs),4.0,7.6,5.8,2025-11-19,9,Indeed
JOB-102677,Financial Data Analyst,Data Analyst,Amazon,Product / Tech,Pune,Maharashtra,Tier 1,On-Site,4,6,Senior (6-9 yrs),8.1,15.2,11.65,2026-02-26,8,Naukri.com
JOB-102678,Marketing Data Analyst,Data Analyst,PhonePe,Fintech,Bengaluru,Karnataka,Tier 1,On-Site,4,8,Senior (6-9 yrs),7.3,13.8,10.55,2025-11-27,8,Company Careers Portal
JOB-102679,Business Intelligence Analyst,BI Analyst,PwC,Consulting,Chennai,Tamil Nadu,Tier 1,On-Site,1,3,Mid-Level (3-5 yrs),4.1,7.8,5.95,2025-10-24,8,Naukri.com
JOB-102680,BI Developer,BI Analyst,LTIMindtree,IT Services,Mumbai,Maharashtra,Tier 1,On-Site,5,8,Senior (6-9 yrs),5.7,10.7,8.2,2025-10-19,10,Company Careers Portal
JOB-102681,PL/SQL Developer,SQL Developer,Paytm,Fintech,Bengaluru,Karnataka,Tier 1,Remote,5,7,Senior (6-9 yrs),6.2,11.8,9.0,2025-12-08,9,LinkedIn
JOB-102682,Python Developer,Python Developer,EY,Consulting,Chennai,Tamil Nadu,Tier 1,On-Site,7,11,Lead / Principal (10+ yrs),12.9,22.4,17.65,2025-11-08,12,Naukri.com
JOB-102683,Tableau Developer,BI Analyst,LTIMindtree,IT Services,Gurgaon,Haryana,Tier 1,On-Site,2,5,Mid-Level (3-5 yrs),3.3,6.4,4.85,2026-02-04,11,Indeed
JOB-102684,Data Engineer,Data Engineer,Flipkart,E-Commerce,Bengaluru,Karnataka,Tier 1,On-Site,4,6,Senior (6-9 yrs),10.1,19.0,14.55,2025-10-15,11,LinkedIn
JOB-102685,Big Data Engineer,Data Engineer,Barclays,Banking,Pune,Maharashtra,Tier 1,Hybrid,0,2,Entry / Junior (0-2 yrs),,,,2025-09-26,8,LinkedIn
JOB-102686,PL/SQL Developer,SQL Developer,Uber,Tech,Noida,Uttar Pradesh,Tier 1,Hybrid,1,4,Mid-Level (3-5 yrs),,,,2025-10-04,11,LinkedIn
JOB-102687,Junior Data Analyst,Data Analyst,EY,Consulting,Gurgaon,Haryana,Tier 1,Hybrid,5,7,Senior (6-9 yrs),6.4,12.0,9.2,2025-12-05,9,Naukri.com
JOB-102688,Junior Data Analyst,Data Analyst,Paytm,Fintech,Bengaluru,Karnataka,Tier 1,Remote,2,5,Mid-Level (3-5 yrs),3.8,7.1,5.45,2025-09-06,11,LinkedIn
JOB-102689,Database Administrator & SQL Dev,SQL Developer,Meesho,E-Commerce,Bengaluru,Karnataka,Tier 1,On-Site,7,10,Lead / Principal (10+ yrs),11.8,20.4,16.1,2025-11-10,10,LinkedIn
JOB-102690,BI & Analytics Specialist,BI Analyst,ICICI Bank,Banking,Bengaluru,Karnataka,Tier 1,On-Site,1,4,Mid-Level (3-5 yrs),3.5,6.7,5.1,2025-09-23,10,Company Careers Portal
JOB-102691,Analytics Engineer,Data Engineer,Cognizant,IT Services,Bengaluru,Karnataka,Tier 1,Hybrid,0,1,Entry / Junior (0-2 yrs),2.6,5.3,3.95,2025-12-30,9,Naukri.com
JOB-102692,Junior Data Analyst,Data Analyst,Razorpay,Fintech,Remote,All India,Remote,Remote,1,3,Mid-Level (3-5 yrs),4.2,8.1,6.15,2025-12-02,12,LinkedIn
JOB-102693,Python Backend & Analytics Engineer,Python Developer,Meesho,E-Commerce,Gurgaon,Haryana,Tier 1,Hybrid,3,7,Senior (6-9 yrs),7.8,14.7,11.25,2026-01-26,13,Company Careers Portal
JOB-102694,Data Analyst,Data Analyst,ICICI Bank,Banking,Pune,Maharashtra,Tier 1,Hybrid,5,9,Senior (6-9 yrs),5.5,10.4,7.95,2025-09-27,11,Company Careers Portal
JOB-102695,BI & Analytics Specialist,BI Analyst,LTIMindtree,IT Services,Bengaluru,Karnataka,Tier 1,Hybrid,4,8,Senior (6-9 yrs),,,,2026-02-06,12,Naukri.com
JOB-102696,Python Developer,Python Developer,HCL Technologies,IT Services,Hyderabad,Telangana,Tier 1,Hybrid,2,5,Mid-Level (3-5 yrs),3.3,6.3,4.8,2026-01-14,6,LinkedIn
JOB-102697,Reporting Analyst,BI Analyst,Google,Product / Tech,Gurgaon,Haryana,Tier 1,Hybrid,5,7,Senior (6-9 yrs),9.0,16.9,12.95,2025-11-01,8,Company Careers Portal
JOB-102698,Senior Data Engineer,Data Engineer,Capgemini,IT Services,Hyderabad,Telangana,Tier 1,On-Site,4,8,Senior (6-9 yrs),7.1,13.4,10.25,2026-02-18,6,LinkedIn
JOB-102699,Power BI Developer,BI Analyst,Morgan Stanley,Banking / Finance,Hyderabad,Telangana,Tier 1,On-Site,6,10,Lead / Principal (10+ yrs),,,,2025-10-08,11,LinkedIn
JOB-102700,Junior Data Analyst,Data Analyst,Barclays,Banking,Hyderabad,Telangana,Tier 1,Hybrid,6,9,Senior (6-9 yrs),12.0,20.8,16.4,2025-10-14,8,Naukri.com
JOB-102701,Senior Data Analyst,Data Analyst,LTIMindtree,IT Services,Mumbai,Maharashtra,Tier 1,On-Site,6,9,Senior (6-9 yrs),9.3,16.1,12.7,2025-12-23,10,Company Careers Portal
JOB-102702,Business Intelligence Analyst,BI Analyst,Goldman Sachs,Banking / Finance,Pune,Maharashtra,Tier 1,On-Site,6,10,Lead / Principal (10+ yrs),14.9,25.8,20.35,2026-02-08,9,LinkedIn
JOB-102703,Senior Data Engineer,Data Engineer,Accenture,Consulting / IT,Chennai,Tamil Nadu,Tier 1,On-Site,1,3,Mid-Level (3-5 yrs),4.9,9.2,7.05,2026-01-11,11,LinkedIn
JOB-102704,Senior T-SQL Developer,SQL Developer,PhonePe,Fintech,Mumbai,Maharashtra,Tier 1,On-Site,4,6,Senior (6-9 yrs),7.2,13.5,10.35,2025-09-07,10,Naukri.com
JOB-102705,Data Analyst,Data Analyst,JPMorgan Chase,Banking / Finance,Bengaluru,Karnataka,Tier 1,On-Site,5,8,Senior (6-9 yrs),7.5,14.1,10.8,2025-12-02,11,LinkedIn
JOB-102706,Python Backend & Analytics Engineer,Python Developer,Morgan Stanley,Banking / Finance,Bengaluru,Karnataka,Tier 1,On-Site,2,5,Mid-Level (3-5 yrs),5.2,9.8,7.5,2025-12-31,12,Naukri.com
JOB-102707,Junior Data Analyst,Data Analyst,PhonePe,Fintech,Hyderabad,Telangana,Tier 1,Hybrid,4,8,Senior (6-9 yrs),7.3,13.8,10.55,2026-02-17,8,Indeed
JOB-102708,BI Developer,BI Analyst,Mu Sigma,Pureplay Analytics,Gurgaon,Haryana,Tier 1,Hybrid,5,8,Senior (6-9 yrs),6.0,11.2,8.6,2026-02-07,12,Naukri.com
JOB-102709,Data Analyst,Data Analyst,Meesho,E-Commerce,Bengaluru,Karnataka,Tier 1,Hybrid,0,2,Entry / Junior (0-2 yrs),2.6,5.2,3.9,2025-10-20,12,Naukri.com
JOB-102710,Lead Data Analyst,Data Analyst,Razorpay,Fintech,Pune,Maharashtra,Tier 1,Hybrid,7,10,Lead / Principal (10+ yrs),12.8,22.1,17.45,2026-01-24,8,LinkedIn
JOB-102711,Python Backend & Analytics Engineer,Python Developer,Cognizant,IT Services,Chennai,Tamil Nadu,Tier 1,On-Site,5,9,Senior (6-9 yrs),5.9,11.0,8.45,2025-11-21,11,Naukri.com
JOB-102712,Python Developer,Python Developer,McKinsey & Company,Strategy Consulting,Bengaluru,Karnataka,Tier 1,On-Site,2,5,Mid-Level (3-5 yrs),5.5,10.4,7.95,2025-12-01,9,Indeed
JOB-102713,Reporting Analyst,BI Analyst,HCL Technologies,IT Services,Pune,Maharashtra,Tier 1,Remote,5,9,Senior (6-9 yrs),5.3,10.0,7.65,2025-11-12,12,Naukri.com
JOB-102714,Junior Data Analyst,Data Analyst,Paytm,Fintech,Mumbai,Maharashtra,Tier 1,Remote,10,15,Lead / Principal (10+ yrs),18.0,31.5,24.75,2025-10-29,11,Naukri.com
JOB-102715,Operations Analyst,Data Analyst,Meesho,E-Commerce,Bengaluru,Karnataka,Tier 1,Hybrid,5,9,Senior (6-9 yrs),12.0,20.8,16.4,2025-11-06,7,LinkedIn
JOB-102716,Junior Data Engineer,Data Engineer,Google,Product / Tech,Pune,Maharashtra,Tier 1,Hybrid,4,7,Senior (6-9 yrs),11.2,21.2,16.2,2026-01-14,10,LinkedIn
JOB-102717,Financial Data Analyst,Data Analyst,Swiggy,Tech / Consumer,Hyderabad,Telangana,Tier 1,On-Site,5,8,Senior (6-9 yrs),7.0,13.1,10.05,2025-09-21,8,Naukri.com
JOB-102718,Senior Data Engineer,Data Engineer,Accenture,Consulting / IT,Bengaluru,Karnataka,Tier 1,Remote,2,4,Mid-Level (3-5 yrs),4.9,9.2,7.05,2025-12-30,10,Naukri.com
JOB-102719,Junior Data Engineer,Data Engineer,Cognizant,IT Services,Mumbai,Maharashtra,Tier 1,Hybrid,8,12,Lead / Principal (10+ yrs),19.4,34.0,26.7,2026-01-14,13,Naukri.com
JOB-102720,Junior Data Analyst,Data Analyst,ICICI Bank,Banking,Bengaluru,Karnataka,Tier 1,On-Site,5,8,Senior (6-9 yrs),5.5,10.4,7.95,2025-09-14,8,LinkedIn
JOB-102721,Big Data Engineer,Data Engineer,Cognizant,IT Services,Noida,Uttar Pradesh,Tier 1,Hybrid,5,8,Senior (6-9 yrs),6.9,13.0,9.95,2025-10-02,10,LinkedIn
JOB-102722,Analytics Engineer,Data Engineer,Flipkart,E-Commerce,Hyderabad,Telangana,Tier 1,Hybrid,5,9,Senior (6-9 yrs),10.1,19.0,14.55,2025-11-10,10,Naukri.com
JOB-102723,BI Developer,BI Analyst,Flipkart,E-Commerce,Chennai,Tamil Nadu,Tier 1,Hybrid,0,1,Entry / Junior (0-2 yrs),3.0,6.2,4.6,2025-10-27,9,LinkedIn
JOB-102724,Senior T-SQL Developer,SQL Developer,EY,Consulting,Hyderabad,Telangana,Tier 1,On-Site,3,7,Senior (6-9 yrs),6.2,11.8,9.0,2025-11-03,11,Naukri.com
JOB-102725,BI Developer,BI Analyst,Zomato,Tech / Consumer,Hyderabad,Telangana,Tier 1,Hybrid,1,3,Mid-Level (3-5 yrs),4.3,8.2,6.25,2025-12-11,10,LinkedIn
JOB-102726,BI Developer,BI Analyst,Tata Consultancy Services,IT Services,Bengaluru,Karnataka,Tier 1,On-Site,3,7,Senior (6-9 yrs),5.0,9.5,7.25,2026-02-23,9,Company Careers Portal
JOB-102727,Analytics Engineer,Data Engineer,Amazon,Product / Tech,Hyderabad,Telangana,Tier 1,Hybrid,7,11,Lead / Principal (10+ yrs),19.2,33.3,26.25,2025-09-28,10,LinkedIn
JOB-102728,Healthcare Data Analyst,Data Analyst,HSBC,Banking,Hyderabad,Telangana,Tier 1,Hybrid,5,9,Senior (6-9 yrs),6.6,12.5,9.55,2025-09-29,9,LinkedIn
JOB-102729,Senior T-SQL Developer,SQL Developer,CRED,Fintech,Bengaluru,Karnataka,Tier 1,On-Site,0,1,Entry / Junior (0-2 yrs),2.8,5.6,4.2,2025-11-12,13,Indeed
JOB-102730,Python Backend & Analytics Engineer,Python Developer,Razorpay,Fintech,Bengaluru,Karnataka,Tier 1,Hybrid,2,4,Mid-Level (3-5 yrs),,,,2025-09-05,9,LinkedIn
JOB-102731,Reporting Analyst,BI Analyst,Accenture,Consulting / IT,Pune,Maharashtra,Tier 1,On-Site,1,4,Mid-Level (3-5 yrs),,,,2026-01-29,9,Naukri.com
JOB-102732,Cloud Data Engineer,Data Engineer,HDFC Bank,Banking,Pune,Maharashtra,Tier 1,Hybrid,3,7,Senior (6-9 yrs),7.8,14.7,11.25,2025-09-27,9,LinkedIn
JOB-102733,Tableau Developer,BI Analyst,Tiger Analytics,Pureplay Analytics,Bengaluru,Karnataka,Tier 1,Hybrid,3,7,Senior (6-9 yrs),,,,2026-01-08,11,Indeed
JOB-102734,Financial Data Analyst,Data Analyst,PhonePe,Fintech,Mumbai,Maharashtra,Tier 1,On-Site,1,3,Mid-Level (3-5 yrs),4.3,8.2,6.25,2026-02-05,8,LinkedIn
JOB-102735,Python Developer,Python Developer,Amazon,Product / Tech,Pune,Maharashtra,Tier 1,On-Site,2,4,Mid-Level (3-5 yrs),5.5,10.4,7.95,2026-01-23,11,Indeed
JOB-102736,Operations Analyst,Data Analyst,McKinsey & Company,Strategy Consulting,Bengaluru,Karnataka,Tier 1,Hybrid,4,8,Senior (6-9 yrs),8.1,15.2,11.65,2026-01-08,10,Naukri.com
JOB-102737,Senior BI Consultant,BI Analyst,Microsoft,Product / Tech,Bengaluru,Karnataka,Tier 1,Hybrid,2,5,Mid-Level (3-5 yrs),5.2,9.8,7.5,2025-09-05,7,Naukri.com
JOB-102738,Marketing Data Analyst,Data Analyst,Razorpay,Fintech,Pune,Maharashtra,Tier 1,Remote,4,7,Senior (6-9 yrs),7.2,13.6,10.4,2025-11-10,12,Company Careers Portal
JOB-102739,Tableau Developer,BI Analyst,KPMG,Consulting,Hyderabad,Telangana,Tier 1,On-Site,7,11,Lead / Principal (10+ yrs),12.2,21.1,16.65,2026-02-18,11,Naukri.com
JOB-102740,Business Intelligence Analyst,BI Analyst,LTIMindtree,IT Services,Pune,Maharashtra,Tier 1,Hybrid,5,8,Senior (6-9 yrs),5.7,10.7,8.2,2025-11-03,10,LinkedIn
JOB-102741,Lead Data Analyst,Data Analyst,JPMorgan Chase,Banking / Finance,Bengaluru,Karnataka,Tier 1,Hybrid,3,6,Senior (6-9 yrs),7.5,14.1,10.8,2025-11-12,10,Naukri.com
JOB-102742,Healthcare Data Analyst,Data Analyst,Uber,Tech,Hyderabad,Telangana,Tier 1,On-Site,0,1,Entry / Junior (0-2 yrs),,,,2025-09-30,11,Naukri.com
JOB-102743,PL/SQL Developer,SQL Developer,HSBC,Banking,Mumbai,Maharashtra,Tier 1,On-Site,3,5,Mid-Level (3-5 yrs),6.5,12.2,9.35,2025-12-11,12,Naukri.com
JOB-102744,Junior Python Engineer,Python Developer,ICICI Bank,Banking,Pune,Maharashtra,Tier 1,Hybrid,2,4,Mid-Level (3-5 yrs),,,,2025-12-21,11,Company Careers Portal
JOB-102745,Big Data Engineer,Data Engineer,HDFC Bank,Banking,Hyderabad,Telangana,Tier 1,On-Site,4,6,Senior (6-9 yrs),7.8,14.7,11.25,2026-02-09,11,Naukri.com
JOB-102746,Big Data Engineer,Data Engineer,Accenture,Consulting / IT,Mumbai,Maharashtra,Tier 1,Hybrid,6,9,Senior (6-9 yrs),14.6,25.3,19.95,2026-01-07,10,Naukri.com
JOB-102747,BI Developer,BI Analyst,EY,Consulting,Pune,Maharashtra,Tier 1,On-Site,5,7,Senior (6-9 yrs),6.9,13.0,9.95,2026-02-14,11,LinkedIn
JOB-102748,Power BI Developer,BI Analyst,ICICI Bank,Banking,Bengaluru,Karnataka,Tier 1,Hybrid,3,6,Senior (6-9 yrs),6.0,11.2,8.6,2025-09-29,9,Indeed
JOB-102749,Tableau Developer,BI Analyst,Razorpay,Fintech,Mumbai,Maharashtra,Tier 1,On-Site,9,14,Lead / Principal (10+ yrs),22.0,38.6,30.3,2025-09-06,11,LinkedIn
JOB-102750,Junior Data Analyst,Data Analyst,Accenture,Consulting / IT,Hyderabad,Telangana,Tier 1,On-Site,7,11,Lead / Principal (10+ yrs),10.8,18.7,14.75,2025-10-14,8,LinkedIn
JOB-102751,Senior Data Engineer,Data Engineer,CRED,Fintech,Hyderabad,Telangana,Tier 1,On-Site,5,8,Senior (6-9 yrs),,,,2025-12-12,8,LinkedIn
JOB-102752,Senior T-SQL Developer,SQL Developer,Swiggy,Tech / Consumer,Bengaluru,Karnataka,Tier 1,On-Site,1,3,Mid-Level (3-5 yrs),4.0,7.6,5.8,2025-11-09,11,LinkedIn
JOB-102753,ETL Developer,Data Engineer,HSBC,Banking,Pune,Maharashtra,Tier 1,On-Site,1,3,Mid-Level (3-5 yrs),5.3,10.0,7.65,2025-10-06,11,LinkedIn
JOB-102754,Senior Data Engineer,Data Engineer,JPMorgan Chase,Banking / Finance,Pune,Maharashtra,Tier 1,Hybrid,1,3,Mid-Level (3-5 yrs),5.9,11.3,8.6,2025-11-15,9,LinkedIn
JOB-102755,Junior Python Engineer,Python Developer,Swiggy,Tech / Consumer,Pune,Maharashtra,Tier 1,Hybrid,1,4,Mid-Level (3-5 yrs),4.7,9.0,6.85,2026-02-24,9,Indeed
JOB-102756,Operations Analyst,Data Analyst,CRED,Fintech,Pune,Maharashtra,Tier 1,Remote,5,7,Senior (6-9 yrs),,,,2025-09-02,12,Company Careers Portal
JOB-102757,Marketing Data Analyst,Data Analyst,CRED,Fintech,Hyderabad,Telangana,Tier 1,Hybrid,7,10,Lead / Principal (10+ yrs),13.2,22.9,18.05,2025-12-27,11,Indeed
JOB-102758,Associate Analyst - Data,Data Analyst,CRED,Fintech,Hyderabad,Telangana,Tier 1,On-Site,0,1,Entry / Junior (0-2 yrs),2.8,5.7,4.25,2025-10-18,10,LinkedIn
JOB-102759,Tableau Developer,BI Analyst,Infosys,IT Services,Hyderabad,Telangana,Tier 1,Hybrid,1,3,Mid-Level (3-5 yrs),3.1,6.0,4.55,2025-10-15,11,Indeed
JOB-102760,Healthcare Data Analyst,Data Analyst,Goldman Sachs,Banking / Finance,Chennai,Tamil Nadu,Tier 1,On-Site,3,5,Mid-Level (3-5 yrs),7.8,14.7,11.25,2025-11-02,8,LinkedIn
JOB-102761,BI Developer,BI Analyst,Flipkart,E-Commerce,Hyderabad,Telangana,Tier 1,Remote,5,7,Senior (6-9 yrs),,,,2026-01-20,9,LinkedIn
JOB-102762,PL/SQL Developer,SQL Developer,McKinsey & Company,Strategy Consulting,Bengaluru,Karnataka,Tier 1,Hybrid,2,5,Mid-Level (3-5 yrs),4.7,8.8,6.75,2026-01-24,11,Naukri.com
JOB-102763,Operations Analyst,Data Analyst,Meesho,E-Commerce,Bengaluru,Karnataka,Tier 1,On-Site,1,3,Mid-Level (3-5 yrs),4.0,7.6,5.8,2026-02-21,10,Naukri.com
JOB-102764,Tableau Developer,BI Analyst,Microsoft,Product / Tech,Gurgaon,Haryana,Tier 1,On-Site,5,8,Senior (6-9 yrs),15.6,27.0,21.3,2026-02-08,13,Indeed
JOB-102765,Healthcare Data Analyst,Data Analyst,McKinsey & Company,Strategy Consulting,Chennai,Tamil Nadu,Tier 1,Hybrid,5,8,Senior (6-9 yrs),14.2,24.7,19.45,2025-12-04,7,LinkedIn
JOB-102766,Healthcare Data Analyst,Data Analyst,JPMorgan Chase,Banking / Finance,Bengaluru,Karnataka,Tier 1,On-Site,5,9,Senior (6-9 yrs),7.5,14.1,10.8,2026-01-20,12,Naukri.com
JOB-102767,Database Developer (SQL),SQL Developer,Capgemini,IT Services,Bengaluru,Karnataka,Tier 1,Hybrid,5,9,Senior (6-9 yrs),5.2,9.7,7.45,2026-01-04,9,LinkedIn
JOB-102768,Python Data Programmer,Python Developer,Barclays,Banking,Mumbai,Maharashtra,Tier 1,Hybrid,6,10,Lead / Principal (10+ yrs),13.8,23.9,18.85,2026-02-01,12,LinkedIn
JOB-102769,Financial Data Analyst,Data Analyst,LTIMindtree,IT Services,Mumbai,Maharashtra,Tier 1,Remote,0,1,Entry / Junior (0-2 yrs),2.0,4.0,3.0,2025-12-21,8,Naukri.com
JOB-102770,Healthcare Data Analyst,Data Analyst,Razorpay,Fintech,Hyderabad,Telangana,Tier 1,Hybrid,8,12,Lead / Principal (10+ yrs),20.4,35.7,28.05,2025-10-18,10,LinkedIn
JOB-102771,PL/SQL Developer,SQL Developer,Zomato,Tech / Consumer,Bengaluru,Karnataka,Tier 1,Hybrid,2,4,Mid-Level (3-5 yrs),3.9,7.4,5.65,2025-12-11,13,Indeed
JOB-102772,BI Developer,BI Analyst,HDFC Bank,Banking,Bengaluru,Karnataka,Tier 1,Hybrid,2,4,Mid-Level (3-5 yrs),3.7,7.0,5.35,2026-01-09,11,Naukri.com
JOB-102773,Associate Analyst - Data,Data Analyst,Tiger Analytics,Pureplay Analytics,Gurgaon,Haryana,Tier 1,Hybrid,4,6,Senior (6-9 yrs),6.8,12.8,9.8,2025-10-13,9,LinkedIn
JOB-102774,Power BI Developer,BI Analyst,Goldman Sachs,Banking / Finance,Mumbai,Maharashtra,Tier 1,Hybrid,5,8,Senior (6-9 yrs),,,,2025-10-09,14,Naukri.com
JOB-102775,Python Data Programmer,Python Developer,Zomato,Tech / Consumer,Bengaluru,Karnataka,Tier 1,Remote,2,4,Mid-Level (3-5 yrs),4.6,8.7,6.65,2026-02-22,11,Naukri.com
JOB-102776,Junior Python Engineer,Python Developer,Standard Chartered,Banking,Bengaluru,Karnataka,Tier 1,On-Site,4,7,Senior (6-9 yrs),7.3,13.8,10.55,2026-01-02,8,LinkedIn
JOB-102777,Cloud Data Engineer,Data Engineer,PwC,Consulting,Bengaluru,Karnataka,Tier 1,Hybrid,5,8,Senior (6-9 yrs),,,,2026-02-27,9,Indeed
JOB-102778,Tableau Developer,BI Analyst,Wipro,IT Services,Bengaluru,Karnataka,Tier 1,On-Site,1,3,Mid-Level (3-5 yrs),3.0,5.6,4.3,2026-02-23,10,Indeed
JOB-102779,Data Engineer,Data Engineer,Deloitte,Consulting,Bengaluru,Karnataka,Tier 1,On-Site,1,4,Mid-Level (3-5 yrs),5.3,10.0,7.65,2026-02-07,11,Naukri.com
JOB-102780,Tableau Developer,BI Analyst,Goldman Sachs,Banking / Finance,Gurgaon,Haryana,Tier 1,On-Site,2,5,Mid-Level (3-5 yrs),5.0,9.4,7.2,2025-11-03,9,LinkedIn
JOB-102781,Python Developer,Python Developer,Flipkart,E-Commerce,Gurgaon,Haryana,Tier 1,On-Site,7,10,Lead / Principal (10+ yrs),15.2,26.3,20.75,2026-02-23,10,LinkedIn
JOB-102782,Database Developer (SQL),SQL Developer,Cognizant,IT Services,Mumbai,Maharashtra,Tier 1,Hybrid,4,8,Senior (6-9 yrs),5.0,9.4,7.2,2026-01-07,11,LinkedIn
JOB-102783,Business Intelligence Analyst,BI Analyst,Tiger Analytics,Pureplay Analytics,Bengaluru,Karnataka,Tier 1,Hybrid,5,9,Senior (6-9 yrs),13.0,22.5,17.75,2025-09-09,11,Indeed
JOB-102784,Junior Data Engineer,Data Engineer,Paytm,Fintech,Remote,All India,Remote,Remote,6,9,Senior (6-9 yrs),,,,2025-11-20,10,Naukri.com
JOB-102785,Data Engineer,Data Engineer,HSBC,Banking,Hyderabad,Telangana,Tier 1,On-Site,0,1,Entry / Junior (0-2 yrs),,,,2025-11-29,9,LinkedIn
JOB-102786,Cloud Data Engineer,Data Engineer,Razorpay,Fintech,Hyderabad,Telangana,Tier 1,Remote,0,2,Entry / Junior (0-2 yrs),3.7,7.5,5.6,2025-11-03,10,Naukri.com
JOB-102787,Business Intelligence Analyst,BI Analyst,Goldman Sachs,Banking / Finance,Bengaluru,Karnataka,Tier 1,On-Site,4,7,Senior (6-9 yrs),8.4,15.9,12.15,2026-01-27,8,Naukri.com
JOB-102788,Python Developer,Python Developer,Wipro,IT Services,Pune,Maharashtra,Tier 1,On-Site,2,5,Mid-Level (3-5 yrs),3.2,6.0,4.6,2025-09-10,9,Indeed
JOB-102789,Database Administrator & SQL Dev,SQL Developer,PwC,Consulting,Hyderabad,Telangana,Tier 1,On-Site,3,6,Senior (6-9 yrs),6.3,11.9,9.1,2025-12-01,14,Naukri.com
JOB-102790,Senior BI Consultant,BI Analyst,Swiggy,Tech / Consumer,Noida,Uttar Pradesh,Tier 1,Remote,0,1,Entry / Junior (0-2 yrs),,,,2026-02-10,11,Naukri.com
JOB-102791,Associate Analyst - Data,Data Analyst,Flipkart,E-Commerce,Gurgaon,Haryana,Tier 1,Hybrid,7,11,Lead / Principal (10+ yrs),13.2,22.9,18.05,2025-10-20,8,Naukri.com
JOB-102792,Junior Data Analyst,Data Analyst,Deloitte,Consulting,Chennai,Tamil Nadu,Tier 1,On-Site,4,8,Senior (6-9 yrs),,,,2025-11-13,10,LinkedIn
JOB-102793,PL/SQL Developer,SQL Developer,Razorpay,Fintech,Noida,Uttar Pradesh,Tier 1,Hybrid,6,10,Lead / Principal (10+ yrs),12.5,21.7,17.1,2026-01-14,9,Indeed
JOB-102794,Database Administrator & SQL Dev,SQL Developer,ICICI Bank,Banking,Hyderabad,Telangana,Tier 1,On-Site,1,4,Mid-Level (3-5 yrs),3.2,6.1,4.65,2026-01-03,8,LinkedIn
JOB-102795,BI & Analytics Specialist,BI Analyst,Standard Chartered,Banking,Pune,Maharashtra,Tier 1,Hybrid,3,5,Mid-Level (3-5 yrs),6.9,13.0,9.95,2026-02-26,10,Naukri.com
JOB-102796,Senior Data Analyst,Data Analyst,Morgan Stanley,Banking / Finance,Bengaluru,Karnataka,Tier 1,On-Site,2,5,Mid-Level (3-5 yrs),,,,2025-09-09,10,LinkedIn
JOB-102797,Senior Python Developer,Python Developer,Goldman Sachs,Banking / Finance,Bengaluru,Karnataka,Tier 1,On-Site,0,2,Entry / Junior (0-2 yrs),,,,2025-12-22,12,Naukri.com
JOB-102798,Python Backend & Analytics Engineer,Python Developer,PwC,Consulting,Gurgaon,Haryana,Tier 1,Hybrid,0,2,Entry / Junior (0-2 yrs),,,,2025-09-25,7,Naukri.com
JOB-102799,Junior Data Engineer,Data Engineer,Swiggy,Tech / Consumer,Gurgaon,Haryana,Tier 1,Hybrid,4,7,Senior (6-9 yrs),9.4,17.7,13.55,2025-11-25,11,Naukri.com
JOB-102800,Business Intelligence Analyst,BI Analyst,KPMG,Consulting,Mumbai,Maharashtra,Tier 1,Hybrid,2,5,Mid-Level (3-5 yrs),4.1,7.7,5.9,2026-02-03,11,Indeed
JOB-102801,Business Intelligence Analyst,BI Analyst,Standard Chartered,Banking,Chennai,Tamil Nadu,Tier 1,On-Site,4,8,Senior (6-9 yrs),6.9,13.0,9.95,2026-01-18,10,Naukri.com
JOB-102802,ETL Developer,Data Engineer,Mu Sigma,Pureplay Analytics,Hyderabad,Telangana,Tier 1,Hybrid,2,4,Mid-Level (3-5 yrs),4.4,8.3,6.35,2025-09-17,12,Naukri.com
JOB-102803,Business Intelligence Analyst,BI Analyst,Infosys,IT Services,Chennai,Tamil Nadu,Tier 1,On-Site,2,4,Mid-Level (3-5 yrs),3.1,6.0,4.55,2025-10-09,12,Naukri.com
JOB-102804,SQL Developer,SQL Developer,Deloitte,Consulting,Bengaluru,Karnataka,Tier 1,Hybrid,1,3,Mid-Level (3-5 yrs),3.8,7.3,5.55,2026-01-17,11,LinkedIn
JOB-102805,Business Intelligence Analyst,BI Analyst,Paytm,Fintech,Bengaluru,Karnataka,Tier 1,Hybrid,3,5,Mid-Level (3-5 yrs),,,,2025-10-04,10,LinkedIn
JOB-102806,Junior Python Engineer,Python Developer,Goldman Sachs,Banking / Finance,Bengaluru,Karnataka,Tier 1,Hybrid,4,8,Senior (6-9 yrs),,,,2025-11-21,9,LinkedIn
JOB-102807,Marketing Data Analyst,Data Analyst,Microsoft,Product / Tech,Bengaluru,Karnataka,Tier 1,Hybrid,5,8,Senior (6-9 yrs),8.2,15.4,11.8,2025-09-24,10,LinkedIn
JOB-102808,Python Backend & Analytics Engineer,Python Developer,Tata Consultancy Services,IT Services,Bengaluru,Karnataka,Tier 1,Hybrid,1,4,Mid-Level (3-5 yrs),3.2,6.0,4.6,2025-12-10,11,Naukri.com
JOB-102809,Marketing Data Analyst,Data Analyst,Swiggy,Tech / Consumer,Bengaluru,Karnataka,Tier 1,On-Site,1,3,Mid-Level (3-5 yrs),4.1,7.8,5.95,2026-02-27,10,Naukri.com
JOB-102810,Junior Python Engineer,Python Developer,Goldman Sachs,Banking / Finance,Bengaluru,Karnataka,Tier 1,On-Site,3,7,Senior (6-9 yrs),9.0,16.9,12.95,2025-11-23,11,LinkedIn
JOB-102811,Python Developer,Python Developer,Morgan Stanley,Banking / Finance,Bengaluru,Karnataka,Tier 1,Hybrid,0,1,Entry / Junior (0-2 yrs),3.3,6.7,5.0,2025-10-22,10,LinkedIn
JOB-102812,Junior Data Engineer,Data Engineer,CRED,Fintech,Bengaluru,Karnataka,Tier 1,On-Site,5,7,Senior (6-9 yrs),,,,2025-11-19,11,Naukri.com
JOB-102813,Lead Data Analyst,Data Analyst,Tata Consultancy Services,IT Services,Bengaluru,Karnataka,Tier 1,Hybrid,5,8,Senior (6-9 yrs),4.7,8.8,6.75,2025-12-30,10,Naukri.com
JOB-102814,Senior Python Developer,Python Developer,Tiger Analytics,Pureplay Analytics,Pune,Maharashtra,Tier 1,Remote,5,9,Senior (6-9 yrs),7.8,14.7,11.25,2026-01-16,10,Naukri.com
JOB-102815,Marketing Data Analyst,Data Analyst,Razorpay,Fintech,Bengaluru,Karnataka,Tier 1,On-Site,1,4,Mid-Level (3-5 yrs),4.2,8.1,6.15,2025-11-16,10,Company Careers Portal
JOB-102816,Data Analyst,Data Analyst,Zomato,Tech / Consumer,Bengaluru,Karnataka,Tier 1,On-Site,8,13,Lead / Principal (10+ yrs),19.2,33.6,26.4,2026-02-13,11,Naukri.com
JOB-102817,Junior Python Engineer,Python Developer,PwC,Consulting,Hyderabad,Telangana,Tier 1,On-Site,0,1,Entry / Junior (0-2 yrs),2.8,5.7,4.25,2025-10-25,10,LinkedIn
JOB-102818,Big Data Engineer,Data Engineer,Razorpay,Fintech,Hyderabad,Telangana,Tier 1,Hybrid,7,10,Lead / Principal (10+ yrs),17.2,29.8,23.5,2026-01-15,7,Indeed
JOB-102819,Senior BI Consultant,BI Analyst,Deloitte,Consulting,Gurgaon,Haryana,Tier 1,On-Site,5,9,Senior (6-9 yrs),12.6,21.9,17.25,2025-11-16,14,LinkedIn
JOB-102820,Power BI Developer,BI Analyst,LTIMindtree,IT Services,Hyderabad,Telangana,Tier 1,On-Site,5,9,Senior (6-9 yrs),10.0,17.4,13.7,2025-10-22,11,LinkedIn
JOB-102821,ETL Developer,Data Engineer,Infosys,IT Services,Bengaluru,Karnataka,Tier 1,Hybrid,1,3,Mid-Level (3-5 yrs),3.9,7.4,5.65,2026-01-16,11,Indeed
JOB-102822,Analytics Engineer,Data Engineer,Microsoft,Product / Tech,Bengaluru,Karnataka,Tier 1,On-Site,1,3,Mid-Level (3-5 yrs),6.5,12.3,9.4,2025-10-23,10,LinkedIn
JOB-102823,Junior Python Engineer,Python Developer,Swiggy,Tech / Consumer,Noida,Uttar Pradesh,Tier 1,Remote,5,9,Senior (6-9 yrs),14.1,24.5,19.3,2026-02-19,12,LinkedIn
JOB-102824,Junior Data Analyst,Data Analyst,HDFC Bank,Banking,Hyderabad,Telangana,Tier 1,On-Site,4,6,Senior (6-9 yrs),,,,2026-01-16,10,LinkedIn
JOB-102825,Associate Analyst - Data,Data Analyst,Microsoft,Product / Tech,Hyderabad,Telangana,Tier 1,Hybrid,0,1,Entry / Junior (0-2 yrs),,,,2025-10-26,7,Naukri.com
JOB-102826,Financial Data Analyst,Data Analyst,Meesho,E-Commerce,Bengaluru,Karnataka,Tier 1,On-Site,0,1,Entry / Junior (0-2 yrs),2.6,5.2,3.9,2025-10-22,8,Naukri.com
JOB-102827,Senior BI Consultant,BI Analyst,Uber,Tech,Bengaluru,Karnataka,Tier 1,Hybrid,2,5,Mid-Level (3-5 yrs),4.9,9.2,7.05,2026-02-08,12,Indeed
JOB-102828,Reporting Analyst,BI Analyst,Wipro,IT Services,Pune,Maharashtra,Tier 1,On-Site,5,9,Senior (6-9 yrs),5.0,9.5,7.25,2026-01-12,10,Naukri.com
JOB-102829,ETL Developer,Data Engineer,HDFC Bank,Banking,Pune,Maharashtra,Tier 1,On-Site,5,9,Senior (6-9 yrs),7.8,14.7,11.25,2025-09-17,9,LinkedIn
JOB-102830,Marketing Data Analyst,Data Analyst,PhonePe,Fintech,Bengaluru,Karnataka,Tier 1,On-Site,5,7,Senior (6-9 yrs),,,,2025-09-27,8,Indeed
JOB-102831,Healthcare Data Analyst,Data Analyst,ICICI Bank,Banking,Mumbai,Maharashtra,Tier 1,On-Site,5,9,Senior (6-9 yrs),,,,2025-12-30,10,LinkedIn
JOB-102832,Junior Python Engineer,Python Developer,Barclays,Banking,Pune,Maharashtra,Tier 1,On-Site,3,6,Senior (6-9 yrs),7.8,14.7,11.25,2026-02-13,9,Indeed
JOB-102833,Tableau Developer,BI Analyst,CRED,Fintech,Gurgaon,Haryana,Tier 1,Hybrid,1,4,Mid-Level (3-5 yrs),,,,2026-01-31,12,Company Careers Portal
JOB-102834,Tableau Developer,BI Analyst,PhonePe,Fintech,Bengaluru,Karnataka,Tier 1,Hybrid,7,11,Lead / Principal (10+ yrs),13.9,24.1,19.0,2025-10-17,9,LinkedIn
JOB-102835,Junior Data Engineer,Data Engineer,Tiger Analytics,Pureplay Analytics,Pune,Maharashtra,Tier 1,Hybrid,9,14,Lead / Principal (10+ yrs),25.9,45.4,35.65,2025-11-21,10,LinkedIn
JOB-102836,Marketing Data Analyst,Data Analyst,Morgan Stanley,Banking / Finance,Noida,Uttar Pradesh,Tier 1,On-Site,5,9,Senior (6-9 yrs),,,,2025-10-24,11,LinkedIn
JOB-102837,Big Data Engineer,Data Engineer,Wipro,IT Services,Pune,Maharashtra,Tier 1,On-Site,6,10,Lead / Principal (10+ yrs),11.1,19.3,15.2,2026-01-08,12,Indeed
JOB-102838,Data Analyst,Data Analyst,JPMorgan Chase,Banking / Finance,Bengaluru,Karnataka,Tier 1,On-Site,1,4,Mid-Level (3-5 yrs),,,,2025-09-20,8,Naukri.com
JOB-102839,Analytics Engineer,Data Engineer,Microsoft,Product / Tech,Bengaluru,Karnataka,Tier 1,On-Site,1,4,Mid-Level (3-5 yrs),6.5,12.3,9.4,2025-10-18,12,LinkedIn
JOB-102840,Associate Analyst - Data,Data Analyst,Uber,Tech,Bengaluru,Karnataka,Tier 1,Hybrid,1,3,Mid-Level (3-5 yrs),4.5,8.6,6.55,2025-09-16,9,LinkedIn
JOB-102841,Python Data Programmer,Python Developer,Infosys,IT Services,Hyderabad,Telangana,Tier 1,On-Site,0,2,Entry / Junior (0-2 yrs),,,,2025-10-25,9,Company Careers Portal
JOB-102842,Senior Python Developer,Python Developer,Standard Chartered,Banking,Bengaluru,Karnataka,Tier 1,Hybrid,5,9,Senior (6-9 yrs),7.3,13.8,10.55,2025-10-05,13,Naukri.com
JOB-102843,Python Developer,Python Developer,ICICI Bank,Banking,Bengaluru,Karnataka,Tier 1,Hybrid,2,5,Mid-Level (3-5 yrs),3.7,7.1,5.4,2025-11-09,12,LinkedIn
JOB-102844,Power BI Developer,BI Analyst,KPMG,Consulting,Hyderabad,Telangana,Tier 1,On-Site,7,11,Lead / Principal (10+ yrs),12.2,21.1,16.65,2025-11-01,14,Naukri.com
JOB-102845,Python Backend & Analytics Engineer,Python Developer,LTIMindtree,IT Services,Hyderabad,Telangana,Tier 1,Hybrid,2,5,Mid-Level (3-5 yrs),,,,2025-09-01,8,LinkedIn
JOB-102846,Senior Python Developer,Python Developer,ICICI Bank,Banking,Bengaluru,Karnataka,Tier 1,Hybrid,7,10,Lead / Principal (10+ yrs),11.2,19.4,15.3,2026-01-24,9,Naukri.com
JOB-102847,Senior Python Developer,Python Developer,JPMorgan Chase,Banking / Finance,Hyderabad,Telangana,Tier 1,Hybrid,5,7,Senior (6-9 yrs),,,,2026-01-04,11,LinkedIn
JOB-102848,Senior BI Consultant,BI Analyst,HCL Technologies,IT Services,Pune,Maharashtra,Tier 1,Remote,5,7,Senior (6-9 yrs),5.3,10.0,7.65,2025-10-29,10,LinkedIn
JOB-102849,Analytics Engineer,Data Engineer,KPMG,Consulting,Pune,Maharashtra,Tier 1,On-Site,5,7,Senior (6-9 yrs),8.6,16.2,12.4,2025-10-10,10,Indeed
JOB-102850,Junior Data Engineer,Data Engineer,Deloitte,Consulting,Mumbai,Maharashtra,Tier 1,Hybrid,2,5,Mid-Level (3-5 yrs),,,,2025-10-12,10,LinkedIn
JOB-102851,Senior Python Developer,Python Developer,Cognizant,IT Services,Pune,Maharashtra,Tier 1,Hybrid,1,3,Mid-Level (3-5 yrs),3.4,6.6,5.0,2025-09-27,11,Company Careers Portal
JOB-102852,Junior Python Engineer,Python Developer,Mu Sigma,Pureplay Analytics,Pune,Maharashtra,Tier 1,On-Site,2,4,Mid-Level (3-5 yrs),3.7,7.1,5.4,2026-01-11,11,LinkedIn
JOB-102853,BI Developer,BI Analyst,Microsoft,Product / Tech,Gurgaon,Haryana,Tier 1,Hybrid,5,7,Senior (6-9 yrs),8.8,16.6,12.7,2025-12-27,8,LinkedIn
JOB-102854,Marketing Data Analyst,Data Analyst,Uber,Tech,Hyderabad,Telangana,Tier 1,Hybrid,4,8,Senior (6-9 yrs),,,,2026-02-09,9,Company Careers Portal
JOB-102855,Senior T-SQL Developer,SQL Developer,Swiggy,Tech / Consumer,Hyderabad,Telangana,Tier 1,On-Site,0,2,Entry / Junior (0-2 yrs),2.6,5.2,3.9,2025-11-07,12,LinkedIn
JOB-102856,Database Developer (SQL),SQL Developer,Cognizant,IT Services,Pune,Maharashtra,Tier 1,Hybrid,5,8,Senior (6-9 yrs),8.8,15.3,12.05,2025-10-24,10,LinkedIn
JOB-102857,Power BI Developer,BI Analyst,Capgemini,IT Services,Mumbai,Maharashtra,Tier 1,Remote,2,4,Mid-Level (3-5 yrs),3.3,6.4,4.85,2026-02-01,10,LinkedIn
JOB-102858,Data Analyst,Data Analyst,Tata Consultancy Services,IT Services,Pune,Maharashtra,Tier 1,On-Site,1,4,Mid-Level (3-5 yrs),2.8,5.2,4.0,2025-12-13,8,LinkedIn
JOB-102859,Associate Analyst - Data,Data Analyst,Barclays,Banking,Gurgaon,Haryana,Tier 1,On-Site,1,4,Mid-Level (3-5 yrs),4.0,7.6,5.8,2025-09-07,9,Naukri.com
JOB-102860,Senior Data Analyst,Data Analyst,Tata Consultancy Services,IT Services,Hyderabad,Telangana,Tier 1,On-Site,0,2,Entry / Junior (0-2 yrs),1.8,3.6,2.7,2026-01-12,9,LinkedIn
JOB-102861,Big Data Engineer,Data Engineer,PhonePe,Fintech,Mumbai,Maharashtra,Tier 1,Hybrid,1,4,Mid-Level (3-5 yrs),5.8,11.0,8.4,2025-12-01,11,LinkedIn
JOB-102862,PL/SQL Developer,SQL Developer,Wipro,IT Services,Bengaluru,Karnataka,Tier 1,On-Site,3,5,Mid-Level (3-5 yrs),,,,2025-12-11,8,Naukri.com
JOB-102863,Junior Data Analyst,Data Analyst,HDFC Bank,Banking,Noida,Uttar Pradesh,Tier 1,Hybrid,6,9,Senior (6-9 yrs),10.2,17.7,13.95,2025-09-21,10,Naukri.com
JOB-102864,Financial Data Analyst,Data Analyst,Accenture,Consulting / IT,Hyderabad,Telangana,Tier 1,On-Site,4,8,Senior (6-9 yrs),6.1,11.5,8.8,2026-01-10,7,Indeed
JOB-102865,Senior Python Developer,Python Developer,PwC,Consulting,Gurgaon,Haryana,Tier 1,On-Site,0,2,Entry / Junior (0-2 yrs),2.8,5.7,4.25,2025-12-24,7,Indeed
JOB-102866,Reporting Analyst,BI Analyst,HCL Technologies,IT Services,Gurgaon,Haryana,Tier 1,Hybrid,1,4,Mid-Level (3-5 yrs),3.1,6.0,4.55,2026-01-17,11,LinkedIn
JOB-102867,Power BI Developer,BI Analyst,Zomato,Tech / Consumer,Hyderabad,Telangana,Tier 1,Remote,0,2,Entry / Junior (0-2 yrs),2.8,5.6,4.2,2025-12-09,6,Naukri.com
JOB-102868,Marketing Data Analyst,Data Analyst,Mu Sigma,Pureplay Analytics,Hyderabad,Telangana,Tier 1,Hybrid,3,6,Senior (6-9 yrs),5.5,10.4,7.95,2026-02-13,8,LinkedIn
JOB-102869,Healthcare Data Analyst,Data Analyst,Google,Product / Tech,Hyderabad,Telangana,Tier 1,On-Site,6,9,Senior (6-9 yrs),14.7,25.5,20.1,2025-10-09,10,Naukri.com
JOB-102870,Reporting Analyst,BI Analyst,Wipro,IT Services,Bengaluru,Karnataka,Tier 1,On-Site,2,5,Mid-Level (3-5 yrs),,,,2025-12-15,8,Indeed
JOB-102871,Associate Analyst - Data,Data Analyst,Zomato,Tech / Consumer,Hyderabad,Telangana,Tier 1,On-Site,5,8,Senior (6-9 yrs),12.0,20.8,16.4,2025-12-25,8,LinkedIn
JOB-102872,Junior Data Analyst,Data Analyst,Razorpay,Fintech,Bengaluru,Karnataka,Tier 1,Remote,4,6,Senior (6-9 yrs),,,,2025-10-19,11,LinkedIn
JOB-102873,Senior Data Engineer,Data Engineer,HDFC Bank,Banking,Bengaluru,Karnataka,Tier 1,On-Site,2,5,Mid-Level (3-5 yrs),4.6,8.7,6.65,2025-11-11,7,LinkedIn
JOB-102874,SQL Developer,SQL Developer,Paytm,Fintech,Bengaluru,Karnataka,Tier 1,On-Site,3,5,Mid-Level (3-5 yrs),,,,2025-10-03,11,Indeed
JOB-102875,Cloud Data Engineer,Data Engineer,Deloitte,Consulting,Bengaluru,Karnataka,Tier 1,On-Site,5,9,Senior (6-9 yrs),9.0,16.8,12.9,2025-09-28,12,LinkedIn
JOB-102876,Senior Python Developer,Python Developer,Flipkart,E-Commerce,Hyderabad,Telangana,Tier 1,On-Site,6,9,Senior (6-9 yrs),,,,2025-11-14,11,Naukri.com
JOB-102877,PL/SQL Developer,SQL Developer,Cognizant,IT Services,Bengaluru,Karnataka,Tier 1,Remote,5,8,Senior (6-9 yrs),5.0,9.4,7.2,2025-12-23,12,LinkedIn
JOB-102878,Python Backend & Analytics Engineer,Python Developer,CRED,Fintech,Chennai,Tamil Nadu,Tier 1,Hybrid,3,5,Mid-Level (3-5 yrs),8.6,16.2,12.4,2025-09-13,9,Naukri.com
JOB-102879,Python Developer,Python Developer,PhonePe,Fintech,Bengaluru,Karnataka,Tier 1,On-Site,7,10,Lead / Principal (10+ yrs),14.8,25.7,20.25,2025-11-29,9,LinkedIn
JOB-102880,ETL Developer,Data Engineer,Amazon,Product / Tech,Hyderabad,Telangana,Tier 1,Hybrid,0,2,Entry / Junior (0-2 yrs),4.1,8.3,6.2,2025-10-31,7,Naukri.com
JOB-102881,Analytics Engineer,Data Engineer,EY,Consulting,Bengaluru,Karnataka,Tier 1,Remote,1,4,Mid-Level (3-5 yrs),5.1,9.6,7.35,2025-10-26,12,LinkedIn
JOB-102882,BI Developer,BI Analyst,Cognizant,IT Services,Bengaluru,Karnataka,Tier 1,On-Site,2,4,Mid-Level (3-5 yrs),3.2,6.2,4.7,2025-10-02,7,LinkedIn
JOB-102883,PL/SQL Developer,SQL Developer,Wipro,IT Services,Chennai,Tamil Nadu,Tier 1,Hybrid,2,4,Mid-Level (3-5 yrs),2.7,5.1,3.9,2025-09-10,9,Indeed
JOB-102884,Data Engineer,Data Engineer,Infosys,IT Services,Gurgaon,Haryana,Tier 1,On-Site,7,10,Lead / Principal (10+ yrs),11.7,20.4,16.05,2025-10-08,9,LinkedIn
JOB-102885,Senior Data Analyst,Data Analyst,Infosys,IT Services,Noida,Uttar Pradesh,Tier 1,Hybrid,0,2,Entry / Junior (0-2 yrs),1.9,3.8,2.85,2025-11-29,12,LinkedIn
JOB-102886,Healthcare Data Analyst,Data Analyst,Uber,Tech,Noida,Uttar Pradesh,Tier 1,On-Site,7,10,Lead / Principal (10+ yrs),13.5,23.4,18.45,2026-02-09,9,LinkedIn
JOB-102887,Data Engineer,Data Engineer,Microsoft,Product / Tech,Chennai,Tamil Nadu,Tier 1,Hybrid,0,1,Entry / Junior (0-2 yrs),4.1,8.4,6.25,2026-01-08,12,LinkedIn
JOB-102888,Junior Python Engineer,Python Developer,Cognizant,IT Services,Bengaluru,Karnataka,Tier 1,Hybrid,2,4,Mid-Level (3-5 yrs),3.4,6.6,5.0,2026-02-21,8,Indeed
JOB-102889,Data Engineer,Data Engineer,Flipkart,E-Commerce,Bengaluru,Karnataka,Tier 1,Hybrid,2,4,Mid-Level (3-5 yrs),5.9,11.3,8.6,2026-01-09,11,LinkedIn
JOB-102890,Senior T-SQL Developer,SQL Developer,LTIMindtree,IT Services,Bengaluru,Karnataka,Tier 1,Hybrid,6,10,Lead / Principal (10+ yrs),9.1,15.8,12.45,2025-12-22,9,LinkedIn
JOB-102891,Senior BI Consultant,BI Analyst,Fractal Analytics,Pureplay Analytics,Bengaluru,Karnataka,Tier 1,On-Site,4,6,Senior (6-9 yrs),7.5,14.2,10.85,2026-02-10,12,Indeed
JOB-102892,Junior Python Engineer,Python Developer,Microsoft,Product / Tech,Mumbai,Maharashtra,Tier 1,On-Site,0,1,Entry / Junior (0-2 yrs),,,,2025-12-17,12,Naukri.com
JOB-102893,Junior Python Engineer,Python Developer,EY,Consulting,Gurgaon,Haryana,Tier 1,On-Site,10,15,Lead / Principal (10+ yrs),20.7,36.2,28.45,2026-01-16,11,LinkedIn
JOB-102894,Analytics Engineer,Data Engineer,Zomato,Tech / Consumer,Bengaluru,Karnataka,Tier 1,On-Site,1,3,Mid-Level (3-5 yrs),5.4,10.3,7.85,2026-01-10,8,Naukri.com
JOB-102895,Marketing Data Analyst,Data Analyst,Morgan Stanley,Banking / Finance,Gurgaon,Haryana,Tier 1,On-Site,3,6,Senior (6-9 yrs),7.7,14.4,11.05,2025-09-09,10,LinkedIn
JOB-102896,Marketing Data Analyst,Data Analyst,PwC,Consulting,Chennai,Tamil Nadu,Tier 1,Hybrid,3,6,Senior (6-9 yrs),6.5,12.2,9.35,2025-12-24,11,LinkedIn
JOB-102897,Operations Analyst,Data Analyst,Accenture,Consulting / IT,Mumbai,Maharashtra,Tier 1,Remote,5,8,Senior (6-9 yrs),,,,2026-01-29,10,LinkedIn
JOB-102898,Junior Data Analyst,Data Analyst,PhonePe,Fintech,Mumbai,Maharashtra,Tier 1,Remote,1,3,Mid-Level (3-5 yrs),4.3,8.2,6.25,2025-09-10,9,LinkedIn
JOB-102899,Senior T-SQL Developer,SQL Developer,Morgan Stanley,Banking / Finance,Bengaluru,Karnataka,Tier 1,On-Site,0,1,Entry / Junior (0-2 yrs),,,,2026-02-12,8,LinkedIn
JOB-102900,Cloud Data Engineer,Data Engineer,Flipkart,E-Commerce,Pune,Maharashtra,Tier 1,On-Site,5,9,Senior (6-9 yrs),17.8,30.9,24.35,2025-09-03,13,LinkedIn
JOB-102901,Senior T-SQL Developer,SQL Developer,Goldman Sachs,Banking / Finance,Hyderabad,Telangana,Tier 1,On-Site,0,2,Entry / Junior (0-2 yrs),2.9,5.9,4.4,2026-02-26,9,Naukri.com
JOB-102902,Junior Data Analyst,Data Analyst,Capgemini,IT Services,Hyderabad,Telangana,Tier 1,On-Site,2,5,Mid-Level (3-5 yrs),,,,2025-12-03,9,LinkedIn
JOB-102903,Reporting Analyst,BI Analyst,Zomato,Tech / Consumer,Bengaluru,Karnataka,Tier 1,Hybrid,1,4,Mid-Level (3-5 yrs),4.3,8.2,6.25,2025-11-19,8,LinkedIn
JOB-102904,Senior BI Consultant,BI Analyst,Standard Chartered,Banking,Hyderabad,Telangana,Tier 1,On-Site,3,6,Senior (6-9 yrs),6.9,13.0,9.95,2025-09-12,8,LinkedIn
JOB-102905,Python Backend & Analytics Engineer,Python Developer,JPMorgan Chase,Banking / Finance,Mumbai,Maharashtra,Tier 1,On-Site,3,7,Senior (6-9 yrs),8.6,16.2,12.4,2025-09-12,13,LinkedIn
JOB-102906,Junior Data Engineer,Data Engineer,Microsoft,Product / Tech,Hyderabad,Telangana,Tier 1,On-Site,4,6,Senior (6-9 yrs),11.0,20.7,15.85,2025-09-11,11,LinkedIn
JOB-102907,ETL Developer,Data Engineer,Wipro,IT Services,Pune,Maharashtra,Tier 1,Hybrid,8,12,Lead / Principal (10+ yrs),,,,2025-12-04,10,Naukri.com
JOB-102908,Junior Python Engineer,Python Developer,Morgan Stanley,Banking / Finance,Mumbai,Maharashtra,Tier 1,Hybrid,3,7,Senior (6-9 yrs),8.8,16.6,12.7,2025-10-09,11,LinkedIn
JOB-102909,Healthcare Data Analyst,Data Analyst,Infosys,IT Services,Mumbai,Maharashtra,Tier 1,On-Site,3,5,Mid-Level (3-5 yrs),4.9,9.3,7.1,2025-12-31,11,LinkedIn
JOB-102910,Senior Python Developer,Python Developer,HSBC,Banking,Pune,Maharashtra,Tier 1,Hybrid,9,13,Lead / Principal (10+ yrs),21.5,37.7,29.6,2026-01-24,11,LinkedIn
JOB-102911,Senior Python Developer,Python Developer,Cognizant,IT Services,Hyderabad,Telangana,Tier 1,Hybrid,0,2,Entry / Junior (0-2 yrs),,,,2026-01-30,8,Naukri.com
JOB-102912,Junior Data Engineer,Data Engineer,Accenture,Consulting / IT,Hyderabad,Telangana,Tier 1,On-Site,7,11,Lead / Principal (10+ yrs),14.6,25.3,19.95,2026-02-28,11,Naukri.com
JOB-102913,BI Developer,BI Analyst,HCL Technologies,IT Services,Mumbai,Maharashtra,Tier 1,Remote,1,3,Mid-Level (3-5 yrs),3.1,6.0,4.55,2025-10-06,10,Naukri.com
JOB-102914,Junior Data Analyst,Data Analyst,Infosys,IT Services,Bengaluru,Karnataka,Tier 1,On-Site,0,2,Entry / Junior (0-2 yrs),1.9,3.8,2.85,2026-01-11,9,Naukri.com
JOB-102915,Financial Data Analyst,Data Analyst,HCL Technologies,IT Services,Chennai,Tamil Nadu,Tier 1,On-Site,3,6,Senior (6-9 yrs),4.9,9.3,7.1,2025-09-18,8,LinkedIn
JOB-102916,Data Engineer,Data Engineer,Razorpay,Fintech,Gurgaon,Haryana,Tier 1,On-Site,5,9,Senior (6-9 yrs),9.8,18.4,14.1,2026-01-05,11,Naukri.com
JOB-102917,Junior Data Analyst,Data Analyst,Uber,Tech,Bengaluru,Karnataka,Tier 1,On-Site,0,1,Entry / Junior (0-2 yrs),2.9,5.9,4.4,2026-02-04,11,Naukri.com
JOB-102918,SQL Developer,SQL Developer,PhonePe,Fintech,Hyderabad,Telangana,Tier 1,Remote,5,9,Senior (6-9 yrs),7.2,13.5,10.35,2026-01-29,10,Indeed
JOB-102919,Junior Python Engineer,Python Developer,EY,Consulting,Mumbai,Maharashtra,Tier 1,On-Site,2,5,Mid-Level (3-5 yrs),,,,2025-09-03,10,Naukri.com
JOB-102920,PL/SQL Developer,SQL Developer,McKinsey & Company,Strategy Consulting,Gurgaon,Haryana,Tier 1,Hybrid,5,8,Senior (6-9 yrs),,,,2025-11-29,9,Naukri.com
JOB-102921,Junior Data Engineer,Data Engineer,Deloitte,Consulting,Chennai,Tamil Nadu,Tier 1,Hybrid,5,8,Senior (6-9 yrs),9.0,16.8,12.9,2025-12-21,8,LinkedIn
JOB-102922,Business Intelligence Analyst,BI Analyst,Morgan Stanley,Banking / Finance,Gurgaon,Haryana,Tier 1,On-Site,5,7,Senior (6-9 yrs),8.3,15.6,11.95,2026-02-04,11,Naukri.com
JOB-102923,Junior Data Analyst,Data Analyst,Standard Chartered,Banking,Bengaluru,Karnataka,Tier 1,On-Site,1,4,Mid-Level (3-5 yrs),3.8,7.1,5.45,2025-09-16,8,LinkedIn
JOB-102924,ETL Developer,Data Engineer,Google,Product / Tech,Hyderabad,Telangana,Tier 1,Hybrid,3,6,Senior (6-9 yrs),,,,2026-01-15,9,Naukri.com
JOB-102925,Analytics Engineer,Data Engineer,HDFC Bank,Banking,Bengaluru,Karnataka,Tier 1,On-Site,5,8,Senior (6-9 yrs),7.8,14.7,11.25,2025-09-01,9,Naukri.com
JOB-102926,Senior Data Engineer,Data Engineer,Morgan Stanley,Banking / Finance,Bengaluru,Karnataka,Tier 1,Hybrid,1,3,Mid-Level (3-5 yrs),6.1,11.5,8.8,2025-09-13,10,Naukri.com
JOB-102927,Healthcare Data Analyst,Data Analyst,Wipro,IT Services,Bengaluru,Karnataka,Tier 1,Hybrid,6,10,Lead / Principal (10+ yrs),8.2,14.3,11.25,2025-12-18,8,LinkedIn
JOB-102928,Database Developer (SQL),SQL Developer,Uber,Tech,Chennai,Tamil Nadu,Tier 1,On-Site,2,4,Mid-Level (3-5 yrs),,,,2026-02-28,11,LinkedIn
JOB-102929,Python Data Programmer,Python Developer,McKinsey & Company,Strategy Consulting,Chennai,Tamil Nadu,Tier 1,On-Site,4,8,Senior (6-9 yrs),9.3,17.5,13.4,2025-11-09,10,LinkedIn
JOB-102930,Big Data Engineer,Data Engineer,Swiggy,Tech / Consumer,Gurgaon,Haryana,Tier 1,Hybrid,0,2,Entry / Junior (0-2 yrs),3.5,7.2,5.35,2026-01-27,11,LinkedIn
JOB-102931,Junior Python Engineer,Python Developer,Microsoft,Product / Tech,Pune,Maharashtra,Tier 1,Hybrid,3,6,Senior (6-9 yrs),9.4,17.7,13.55,2025-11-02,12,Naukri.com
JOB-102932,SQL Developer,SQL Developer,Tata Consultancy Services,IT Services,Bengaluru,Karnataka,Tier 1,Hybrid,3,6,Senior (6-9 yrs),,,,2025-10-19,10,LinkedIn
JOB-102933,BI & Analytics Specialist,BI Analyst,Standard Chartered,Banking,Hyderabad,Telangana,Tier 1,Hybrid,0,1,Entry / Junior (0-2 yrs),2.6,5.3,3.95,2026-01-17,9,LinkedIn
JOB-102934,Marketing Data Analyst,Data Analyst,Meesho,E-Commerce,Bengaluru,Karnataka,Tier 1,Hybrid,0,2,Entry / Junior (0-2 yrs),2.6,5.2,3.9,2025-10-02,13,Indeed
JOB-102935,Python Backend & Analytics Engineer,Python Developer,PhonePe,Fintech,Hyderabad,Telangana,Tier 1,On-Site,5,9,Senior (6-9 yrs),8.4,15.8,12.1,2026-02-16,10,Naukri.com
JOB-102936,BI Developer,BI Analyst,Google,Product / Tech,Hyderabad,Telangana,Tier 1,Remote,1,3,Mid-Level (3-5 yrs),5.3,10.1,7.7,2025-10-15,12,Naukri.com
JOB-102937,Data Analyst,Data Analyst,Wipro,IT Services,Bengaluru,Karnataka,Tier 1,On-Site,3,6,Senior (6-9 yrs),4.7,8.8,6.75,2026-01-06,10,LinkedIn
JOB-102938,Senior BI Consultant,BI Analyst,Morgan Stanley,Banking / Finance,Bengaluru,Karnataka,Tier 1,Hybrid,5,7,Senior (6-9 yrs),8.3,15.6,11.95,2026-01-04,9,LinkedIn
JOB-102939,Database Developer (SQL),SQL Developer,Razorpay,Fintech,Bengaluru,Karnataka,Tier 1,On-Site,1,4,Mid-Level (3-5 yrs),,,,2026-01-14,13,Indeed
JOB-102940,Senior Data Analyst,Data Analyst,Razorpay,Fintech,Noida,Uttar Pradesh,Tier 1,On-Site,2,5,Mid-Level (3-5 yrs),4.2,8.1,6.15,2026-01-23,8,Naukri.com
JOB-102941,Healthcare Data Analyst,Data Analyst,Morgan Stanley,Banking / Finance,Chennai,Tamil Nadu,Tier 1,Hybrid,1,3,Mid-Level (3-5 yrs),4.5,8.6,6.55,2025-09-16,10,Naukri.com
JOB-102942,Data Analyst,Data Analyst,Deloitte,Consulting,Bengaluru,Karnataka,Tier 1,On-Site,2,5,Mid-Level (3-5 yrs),3.9,7.4,5.65,2025-09-19,7,Naukri.com
JOB-102943,Big Data Engineer,Data Engineer,Infosys,IT Services,Hyderabad,Telangana,Tier 1,Hybrid,4,6,Senior (6-9 yrs),6.7,12.5,9.6,2026-02-04,13,LinkedIn
JOB-102944,Reporting Analyst,BI Analyst,HCL Technologies,IT Services,Bengaluru,Karnataka,Tier 1,Hybrid,3,7,Senior (6-9 yrs),5.3,10.0,7.65,2026-01-07,9,LinkedIn
JOB-102945,Database Developer (SQL),SQL Developer,JPMorgan Chase,Banking / Finance,Hyderabad,Telangana,Tier 1,Hybrid,5,7,Senior (6-9 yrs),7.3,13.8,10.55,2025-11-09,9,Indeed
JOB-102946,Data Analyst,Data Analyst,Flipkart,E-Commerce,Gurgaon,Haryana,Tier 1,Hybrid,2,5,Mid-Level (3-5 yrs),4.4,8.4,6.4,2025-12-12,8,LinkedIn
JOB-102947,Operations Analyst,Data Analyst,Morgan Stanley,Banking / Finance,Mumbai,Maharashtra,Tier 1,Hybrid,0,1,Entry / Junior (0-2 yrs),,,,2025-11-15,12,Indeed
JOB-102948,Junior Python Engineer,Python Developer,EY,Consulting,Bengaluru,Karnataka,Tier 1,Remote,9,13,Lead / Principal (10+ yrs),20.7,36.2,28.45,2025-10-04,13,LinkedIn
JOB-102949,Senior T-SQL Developer,SQL Developer,HDFC Bank,Banking,Pune,Maharashtra,Tier 1,Hybrid,5,8,Senior (6-9 yrs),10.0,17.3,13.65,2025-12-03,11,Naukri.com
JOB-102950,SQL Developer,SQL Developer,JPMorgan Chase,Banking / Finance,Mumbai,Maharashtra,Tier 1,On-Site,3,6,Senior (6-9 yrs),7.3,13.8,10.55,2025-10-26,14,LinkedIn
JOB-102951,Python Backend & Analytics Engineer,Python Developer,Uber,Tech,Pune,Maharashtra,Tier 1,On-Site,4,8,Senior (6-9 yrs),,,,2025-11-12,9,LinkedIn
JOB-102952,Python Developer,Python Developer,Fractal Analytics,Pureplay Analytics,Pune,Maharashtra,Tier 1,On-Site,1,4,Mid-Level (3-5 yrs),4.7,9.0,6.85,2025-12-08,12,LinkedIn
JOB-102953,Big Data Engineer,Data Engineer,Amazon,Product / Tech,Bengaluru,Karnataka,Tier 1,Hybrid,2,5,Mid-Level (3-5 yrs),6.4,12.2,9.3,2026-01-28,10,Indeed
JOB-102954,Business Intelligence Analyst,BI Analyst,Razorpay,Fintech,Pune,Maharashtra,Tier 1,Hybrid,5,9,Senior (6-9 yrs),13.8,23.9,18.85,2025-10-13,7,LinkedIn
JOB-102955,Database Administrator & SQL Dev,SQL Developer,Google,Product / Tech,Hyderabad,Telangana,Tier 1,Hybrid,3,6,Senior (6-9 yrs),8.2,15.4,11.8,2025-09-11,10,Company Careers Portal
JOB-102956,BI & Analytics Specialist,BI Analyst,Paytm,Fintech,Hyderabad,Telangana,Tier 1,On-Site,1,4,Mid-Level (3-5 yrs),4.1,7.7,5.9,2025-09-29,9,LinkedIn
JOB-102957,Analytics Engineer,Data Engineer,HSBC,Banking,Hyderabad,Telangana,Tier 1,Hybrid,5,9,Senior (6-9 yrs),15.8,27.4,21.6,2025-11-28,10,Naukri.com
JOB-102958,Database Administrator & SQL Dev,SQL Developer,Google,Product / Tech,Mumbai,Maharashtra,Tier 1,Hybrid,4,7,Senior (6-9 yrs),8.2,15.4,11.8,2025-12-23,10,LinkedIn
JOB-102959,Associate Analyst - Data,Data Analyst,JPMorgan Chase,Banking / Finance,Gurgaon,Haryana,Tier 1,On-Site,2,4,Mid-Level (3-5 yrs),4.4,8.4,6.4,2025-12-23,10,Indeed
JOB-102960,PL/SQL Developer,SQL Developer,Wipro,IT Services,Bengaluru,Karnataka,Tier 1,On-Site,2,4,Mid-Level (3-5 yrs),,,,2025-09-08,13,Naukri.com
JOB-102961,Data Engineer,Data Engineer,Fractal Analytics,Pureplay Analytics,Chennai,Tamil Nadu,Tier 1,On-Site,5,7,Senior (6-9 yrs),9.4,17.7,13.55,2025-09-27,10,LinkedIn
JOB-102962,Senior Python Developer,Python Developer,CRED,Fintech,Bengaluru,Karnataka,Tier 1,Hybrid,3,5,Mid-Level (3-5 yrs),8.6,16.2,12.4,2025-12-21,13,LinkedIn
JOB-102963,Python Developer,Python Developer,Paytm,Fintech,Bengaluru,Karnataka,Tier 1,Hybrid,0,2,Entry / Junior (0-2 yrs),,,,2026-01-10,12,LinkedIn
JOB-102964,Marketing Data Analyst,Data Analyst,Meesho,E-Commerce,Hyderabad,Telangana,Tier 1,Hybrid,0,2,Entry / Junior (0-2 yrs),2.6,5.2,3.9,2025-10-12,9,Naukri.com
JOB-102965,Data Engineer,Data Engineer,Google,Product / Tech,Noida,Uttar Pradesh,Tier 1,Hybrid,0,1,Entry / Junior (0-2 yrs),4.2,8.6,6.4,2025-11-14,10,LinkedIn
JOB-102966,SQL Developer,SQL Developer,Uber,Tech,Noida,Uttar Pradesh,Tier 1,On-Site,8,13,Lead / Principal (10+ yrs),,,,2025-11-27,9,LinkedIn
JOB-102967,Cloud Data Engineer,Data Engineer,Paytm,Fintech,Hyderabad,Telangana,Tier 1,On-Site,0,1,Entry / Junior (0-2 yrs),3.2,6.6,4.9,2025-12-25,13,LinkedIn
JOB-102968,Tableau Developer,BI Analyst,Tata Consultancy Services,IT Services,Mumbai,Maharashtra,Tier 1,On-Site,6,9,Senior (6-9 yrs),,,,2025-09-28,9,Naukri.com
JOB-102969,Cloud Data Engineer,Data Engineer,ICICI Bank,Banking,Pune,Maharashtra,Tier 1,On-Site,1,4,Mid-Level (3-5 yrs),4.4,8.3,6.35,2026-02-04,9,Naukri.com
JOB-102970,Lead Data Analyst,Data Analyst,Fractal Analytics,Pureplay Analytics,Bengaluru,Karnataka,Tier 1,Hybrid,3,5,Mid-Level (3-5 yrs),7.0,13.1,10.05,2025-09-19,11,Company Careers Portal
JOB-102971,Healthcare Data Analyst,Data Analyst,Standard Chartered,Banking,Mumbai,Maharashtra,Tier 1,On-Site,5,8,Senior (6-9 yrs),,,,2026-02-02,10,LinkedIn
JOB-102972,Python Data Programmer,Python Developer,ICICI Bank,Banking,Hyderabad,Telangana,Tier 1,Hybrid,7,11,Lead / Principal (10+ yrs),11.2,19.4,15.3,2025-11-25,9,Naukri.com
JOB-102973,ETL Developer,Data Engineer,Flipkart,E-Commerce,Chennai,Tamil Nadu,Tier 1,Hybrid,4,6,Senior (6-9 yrs),10.1,19.0,14.55,2025-09-28,11,LinkedIn
JOB-102974,Analytics Engineer,Data Engineer,PhonePe,Fintech,Hyderabad,Telangana,Tier 1,On-Site,5,8,Senior (6-9 yrs),17.4,30.2,23.8,2025-11-24,7,LinkedIn
JOB-102975,Operations Analyst,Data Analyst,Google,Product / Tech,Gurgaon,Haryana,Tier 1,On-Site,3,7,Senior (6-9 yrs),8.3,15.7,12.0,2025-12-07,11,Indeed
JOB-102976,Big Data Engineer,Data Engineer,Google,Product / Tech,Hyderabad,Telangana,Tier 1,On-Site,5,9,Senior (6-9 yrs),11.2,21.2,16.2,2025-12-23,7,Indeed
JOB-102977,Lead Data Analyst,Data Analyst,Flipkart,E-Commerce,Pune,Maharashtra,Tier 1,Hybrid,0,1,Entry / Junior (0-2 yrs),2.8,5.7,4.25,2026-02-27,11,LinkedIn
JOB-102978,BI Developer,BI Analyst,Infosys,IT Services,Bengaluru,Karnataka,Tier 1,Hybrid,2,4,Mid-Level (3-5 yrs),3.1,6.0,4.55,2026-02-27,11,LinkedIn
JOB-102979,Python Developer,Python Developer,Tiger Analytics,Pureplay Analytics,Bengaluru,Karnataka,Tier 1,On-Site,4,6,Senior (6-9 yrs),7.8,14.7,11.25,2025-09-21,11,Naukri.com
JOB-102980,Senior Data Analyst,Data Analyst,HDFC Bank,Banking,Bengaluru,Karnataka,Tier 1,Hybrid,1,4,Mid-Level (3-5 yrs),3.4,6.5,4.95,2025-12-08,8,LinkedIn
JOB-102981,Data Engineer,Data Engineer,KPMG,Consulting,Bengaluru,Karnataka,Tier 1,Remote,0,1,Entry / Junior (0-2 yrs),3.2,6.6,4.9,2025-09-14,12,LinkedIn
JOB-102982,Associate Analyst - Data,Data Analyst,ICICI Bank,Banking,Bengaluru,Karnataka,Tier 1,Hybrid,3,7,Senior (6-9 yrs),,,,2026-01-28,12,Company Careers Portal
JOB-102983,BI Developer,BI Analyst,Infosys,IT Services,Bengaluru,Karnataka,Tier 1,Hybrid,5,9,Senior (6-9 yrs),5.3,10.0,7.65,2025-10-08,10,Naukri.com
JOB-102984,SQL Developer,SQL Developer,Google,Product / Tech,Mumbai,Maharashtra,Tier 1,Hybrid,1,3,Mid-Level (3-5 yrs),4.8,9.1,6.95,2026-02-28,9,LinkedIn
JOB-102985,Lead Data Analyst,Data Analyst,KPMG,Consulting,Bengaluru,Karnataka,Tier 1,Hybrid,0,2,Entry / Junior (0-2 yrs),2.4,4.9,3.65,2025-10-25,10,LinkedIn
JOB-102986,Operations Analyst,Data Analyst,Goldman Sachs,Banking / Finance,Hyderabad,Telangana,Tier 1,Hybrid,0,2,Entry / Junior (0-2 yrs),,,,2025-09-13,12,Naukri.com
JOB-102987,Financial Data Analyst,Data Analyst,Paytm,Fintech,Bengaluru,Karnataka,Tier 1,Hybrid,5,9,Senior (6-9 yrs),11.2,19.5,15.35,2025-11-26,12,Naukri.com
JOB-102988,Cloud Data Engineer,Data Engineer,KPMG,Consulting,Hyderabad,Telangana,Tier 1,Hybrid,5,9,Senior (6-9 yrs),15.2,26.3,20.75,2025-09-14,6,Indeed
JOB-102989,Analytics Engineer,Data Engineer,Mu Sigma,Pureplay Analytics,Hyderabad,Telangana,Tier 1,Hybrid,1,4,Mid-Level (3-5 yrs),4.4,8.3,6.35,2026-02-22,11,Indeed
JOB-102990,Python Data Programmer,Python Developer,Flipkart,E-Commerce,Mumbai,Maharashtra,Tier 1,Remote,7,11,Lead / Principal (10+ yrs),15.2,26.3,20.75,2025-12-25,11,Naukri.com
JOB-102991,ETL Developer,Data Engineer,Meesho,E-Commerce,Noida,Uttar Pradesh,Tier 1,On-Site,1,4,Mid-Level (3-5 yrs),5.4,10.3,7.85,2025-10-28,12,Naukri.com
JOB-102992,Senior Python Developer,Python Developer,Deloitte,Consulting,Hyderabad,Telangana,Tier 1,On-Site,4,6,Senior (6-9 yrs),7.6,14.4,11.0,2025-09-07,8,LinkedIn
JOB-102993,Python Data Programmer,Python Developer,KPMG,Consulting,Gurgaon,Haryana,Tier 1,On-Site,5,8,Senior (6-9 yrs),7.3,13.8,10.55,2026-02-24,9,LinkedIn
JOB-102994,Analytics Engineer,Data Engineer,Cognizant,IT Services,Bengaluru,Karnataka,Tier 1,On-Site,5,9,Senior (6-9 yrs),12.2,21.1,16.65,2025-12-28,9,Indeed
JOB-102995,Junior Data Engineer,Data Engineer,HCL Technologies,IT Services,Bengaluru,Karnataka,Tier 1,Hybrid,0,1,Entry / Junior (0-2 yrs),2.5,5.1,3.8,2026-02-26,9,Naukri.com
JOB-102996,BI & Analytics Specialist,BI Analyst,Standard Chartered,Banking,Hyderabad,Telangana,Tier 1,Remote,2,4,Mid-Level (3-5 yrs),4.1,7.7,5.9,2026-02-28,7,Naukri.com
JOB-102997,Database Administrator & SQL Dev,SQL Developer,Paytm,Fintech,Noida,Uttar Pradesh,Tier 1,On-Site,5,9,Senior (6-9 yrs),6.2,11.8,9.0,2026-02-13,9,LinkedIn
JOB-102998,BI & Analytics Specialist,BI Analyst,McKinsey & Company,Strategy Consulting,Gurgaon,Haryana,Tier 1,Hybrid,6,10,Lead / Principal (10+ yrs),,,,2026-01-05,11,LinkedIn
JOB-102999,BI & Analytics Specialist,BI Analyst,PhonePe,Fintech,Bengaluru,Karnataka,Tier 1,On-Site,3,5,Mid-Level (3-5 yrs),7.9,14.9,11.4,2025-10-06,7,LinkedIn
JOB-103000,Power BI Developer,BI Analyst,Standard Chartered,Banking,Bengaluru,Karnataka,Tier 1,On-Site,5,8,Senior (6-9 yrs),12.2,21.1,16.65,2025-11-01,10,Indeed
JOB-103001,Operations Analyst,Data Analyst,PhonePe,Fintech,Hyderabad,Telangana,Tier 1,On-Site,5,7,Senior (6-9 yrs),7.3,13.8,10.55,2026-02-21,12,Indeed
JOB-103002,Data Engineer,Data Engineer,Barclays,Banking,Gurgaon,Haryana,Tier 1,Hybrid,5,7,Senior (6-9 yrs),9.2,17.3,13.25,2026-01-07,9,Indeed
JOB-103003,Data Analyst,Data Analyst,CRED,Fintech,Bengaluru,Karnataka,Tier 1,On-Site,1,3,Mid-Level (3-5 yrs),4.4,8.4,6.4,2026-02-07,9,Indeed
JOB-103004,Healthcare Data Analyst,Data Analyst,Cognizant,IT Services,Pune,Maharashtra,Tier 1,Hybrid,8,13,Lead / Principal (10+ yrs),14.4,25.2,19.8,2025-10-07,11,LinkedIn
JOB-103005,Big Data Engineer,Data Engineer,Capgemini,IT Services,Hyderabad,Telangana,Tier 1,On-Site,2,5,Mid-Level (3-5 yrs),4.2,8.0,6.1,2026-01-17,8,Naukri.com
JOB-103006,Power BI Developer,BI Analyst,ICICI Bank,Banking,Bengaluru,Karnataka,Tier 1,Remote,5,8,Senior (6-9 yrs),6.0,11.2,8.6,2025-11-28,14,Naukri.com
JOB-103007,Lead Data Analyst,Data Analyst,HDFC Bank,Banking,Hyderabad,Telangana,Tier 1,Hybrid,3,5,Mid-Level (3-5 yrs),5.8,10.9,8.35,2025-12-24,10,LinkedIn
JOB-103008,Junior Python Engineer,Python Developer,Paytm,Fintech,Pune,Maharashtra,Tier 1,On-Site,2,4,Mid-Level (3-5 yrs),4.3,8.2,6.25,2026-02-17,10,LinkedIn
JOB-103009,Business Intelligence Analyst,BI Analyst,Wipro,IT Services,Bengaluru,Karnataka,Tier 1,On-Site,1,4,Mid-Level (3-5 yrs),3.0,5.6,4.3,2025-09-13,11,Indeed
JOB-103010,Junior Python Engineer,Python Developer,Paytm,Fintech,Pune,Maharashtra,Tier 1,Hybrid,5,7,Senior (6-9 yrs),7.3,13.8,10.55,2025-12-21,12,Naukri.com
JOB-103011,Lead Data Analyst,Data Analyst,KPMG,Consulting,Bengaluru,Karnataka,Tier 1,On-Site,5,7,Senior (6-9 yrs),6.4,12.0,9.2,2026-02-12,9,LinkedIn
JOB-103012,Data Engineer,Data Engineer,Meesho,E-Commerce,Bengaluru,Karnataka,Tier 1,Hybrid,0,2,Entry / Junior (0-2 yrs),3.5,7.0,5.25,2025-12-27,10,Company Careers Portal
JOB-103013,Marketing Data Analyst,Data Analyst,Standard Chartered,Banking,Pune,Maharashtra,Tier 1,On-Site,2,4,Mid-Level (3-5 yrs),3.8,7.1,5.45,2025-11-14,11,LinkedIn
JOB-103014,Tableau Developer,BI Analyst,Morgan Stanley,Banking / Finance,Pune,Maharashtra,Tier 1,Hybrid,6,9,Senior (6-9 yrs),14.6,25.3,19.95,2025-12-11,11,LinkedIn
JOB-103015,PL/SQL Developer,SQL Developer,LTIMindtree,IT Services,Bengaluru,Karnataka,Tier 1,Hybrid,1,3,Mid-Level (3-5 yrs),3.0,5.8,4.4,2025-09-26,9,LinkedIn
JOB-103016,Junior Python Engineer,Python Developer,CRED,Fintech,Noida,Uttar Pradesh,Tier 1,Hybrid,5,8,Senior (6-9 yrs),15.2,26.3,20.75,2025-09-15,11,LinkedIn
JOB-103017,Python Backend & Analytics Engineer,Python Developer,HCL Technologies,IT Services,Bengaluru,Karnataka,Tier 1,Hybrid,7,10,Lead / Principal (10+ yrs),10.0,17.3,13.65,2025-11-23,9,Naukri.com
JOB-103018,Data Analyst,Data Analyst,Google,Product / Tech,Hyderabad,Telangana,Tier 1,Hybrid,6,9,Senior (6-9 yrs),14.7,25.5,20.1,2025-11-24,7,LinkedIn
JOB-103019,BI Developer,BI Analyst,Deloitte,Consulting,Bengaluru,Karnataka,Tier 1,Hybrid,5,8,Senior (6-9 yrs),,,,2025-10-07,9,LinkedIn
JOB-103020,Analytics Engineer,Data Engineer,Standard Chartered,Banking,Pune,Maharashtra,Tier 1,On-Site,6,9,Senior (6-9 yrs),15.2,26.3,20.75,2025-11-03,8,Indeed
JOB-103021,Junior Data Engineer,Data Engineer,ICICI Bank,Banking,Gurgaon,Haryana,Tier 1,On-Site,0,2,Entry / Junior (0-2 yrs),2.8,5.7,4.25,2025-11-06,8,Naukri.com
JOB-103022,Marketing Data Analyst,Data Analyst,Infosys,IT Services,Hyderabad,Telangana,Tier 1,Hybrid,5,9,Senior (6-9 yrs),8.7,15.1,11.9,2025-10-21,8,Naukri.com
JOB-103023,Power BI Developer,BI Analyst,Amazon,Product / Tech,Bengaluru,Karnataka,Tier 1,On-Site,2,4,Mid-Level (3-5 yrs),,,,2025-10-21,10,Naukri.com
JOB-103024,Big Data Engineer,Data Engineer,Deloitte,Consulting,Hyderabad,Telangana,Tier 1,On-Site,5,9,Senior (6-9 yrs),,,,2025-09-17,8,Naukri.com
JOB-103025,PL/SQL Developer,SQL Developer,HDFC Bank,Banking,Hyderabad,Telangana,Tier 1,On-Site,8,13,Lead / Principal (10+ yrs),16.0,28.0,22.0,2025-11-29,12,LinkedIn
JOB-103026,Big Data Engineer,Data Engineer,LTIMindtree,IT Services,Pune,Maharashtra,Tier 1,Remote,1,4,Mid-Level (3-5 yrs),4.2,8.0,6.1,2026-01-31,11,Naukri.com
JOB-103027,Junior Python Engineer,Python Developer,EY,Consulting,Hyderabad,Telangana,Tier 1,Hybrid,0,2,Entry / Junior (0-2 yrs),2.8,5.6,4.2,2025-10-30,8,Naukri.com
JOB-103028,Big Data Engineer,Data Engineer,Infosys,IT Services,Hyderabad,Telangana,Tier 1,On-Site,3,7,Senior (6-9 yrs),,,,2025-11-27,9,Naukri.com
JOB-103029,Financial Data Analyst,Data Analyst,KPMG,Consulting,Mumbai,Maharashtra,Tier 1,Hybrid,3,6,Senior (6-9 yrs),6.4,12.0,9.2,2026-01-15,10,LinkedIn
JOB-103030,Data Engineer,Data Engineer,EY,Consulting,Hyderabad,Telangana,Tier 1,Hybrid,1,3,Mid-Level (3-5 yrs),,,,2025-11-27,8,LinkedIn
JOB-103031,Associate Analyst - Data,Data Analyst,Standard Chartered,Banking,Gurgaon,Haryana,Tier 1,On-Site,2,5,Mid-Level (3-5 yrs),3.8,7.1,5.45,2025-10-29,9,LinkedIn
JOB-103032,Database Developer (SQL),SQL Developer,Mu Sigma,Pureplay Analytics,Gurgaon,Haryana,Tier 1,On-Site,0,2,Entry / Junior (0-2 yrs),2.0,4.1,3.05,2025-11-01,12,LinkedIn
JOB-103033,ETL Developer,Data Engineer,Goldman Sachs,Banking / Finance,Hyderabad,Telangana,Tier 1,On-Site,5,9,Senior (6-9 yrs),,,,2025-10-04,11,LinkedIn
JOB-103034,Python Backend & Analytics Engineer,Python Developer,Goldman Sachs,Banking / Finance,Pune,Maharashtra,Tier 1,Hybrid,3,7,Senior (6-9 yrs),9.0,16.9,12.95,2025-10-14,8,LinkedIn
JOB-103035,Business Intelligence Analyst,BI Analyst,Swiggy,Tech / Consumer,Pune,Maharashtra,Tier 1,Hybrid,2,4,Mid-Level (3-5 yrs),4.4,8.4,6.4,2026-01-02,8,Naukri.com
JOB-103036,Operations Analyst,Data Analyst,Zomato,Tech / Consumer,Hyderabad,Telangana,Tier 1,On-Site,8,12,Lead / Principal (10+ yrs),19.2,33.6,26.4,2025-10-13,10,LinkedIn
JOB-103037,Operations Analyst,Data Analyst,McKinsey & Company,Strategy Consulting,Chennai,Tamil Nadu,Tier 1,Hybrid,1,3,Mid-Level (3-5 yrs),4.8,9.0,6.9,2025-09-12,9,LinkedIn
JOB-103038,Lead Data Analyst,Data Analyst,Standard Chartered,Banking,Hyderabad,Telangana,Tier 1,Hybrid,4,7,Senior (6-9 yrs),6.4,12.0,9.2,2025-12-07,8,Naukri.com
JOB-103039,Senior Data Analyst,Data Analyst,Swiggy,Tech / Consumer,Pune,Maharashtra,Tier 1,On-Site,2,5,Mid-Level (3-5 yrs),4.1,7.8,5.95,2025-12-20,10,Indeed
JOB-103040,Senior T-SQL Developer,SQL Developer,McKinsey & Company,Strategy Consulting,Gurgaon,Haryana,Tier 1,On-Site,0,1,Entry / Junior (0-2 yrs),3.0,6.1,4.55,2026-02-06,10,Naukri.com
JOB-103041,Senior Data Analyst,Data Analyst,Razorpay,Fintech,Bengaluru,Karnataka,Tier 1,On-Site,0,1,Entry / Junior (0-2 yrs),2.7,5.5,4.1,2026-02-28,10,LinkedIn
JOB-103042,Junior Data Engineer,Data Engineer,Google,Product / Tech,Bengaluru,Karnataka,Tier 1,Remote,2,4,Mid-Level (3-5 yrs),6.6,12.6,9.6,2025-12-04,10,LinkedIn
JOB-103043,ETL Developer,Data Engineer,Meesho,E-Commerce,Gurgaon,Haryana,Tier 1,On-Site,1,4,Mid-Level (3-5 yrs),5.4,10.3,7.85,2025-10-19,10,LinkedIn
JOB-103044,Junior Python Engineer,Python Developer,PhonePe,Fintech,Pune,Maharashtra,Tier 1,On-Site,2,5,Mid-Level (3-5 yrs),4.9,9.4,7.15,2025-12-21,7,Naukri.com
JOB-103045,Data Engineer,Data Engineer,ICICI Bank,Banking,Hyderabad,Telangana,Tier 1,Hybrid,1,3,Mid-Level (3-5 yrs),4.4,8.3,6.35,2025-11-22,12,Naukri.com
JOB-103046,Reporting Analyst,BI Analyst,HCL Technologies,IT Services,Mumbai,Maharashtra,Tier 1,On-Site,8,12,Lead / Principal (10+ yrs),15.0,26.3,20.65,2025-11-19,9,LinkedIn
JOB-103047,Financial Data Analyst,Data Analyst,Cognizant,IT Services,Bengaluru,Karnataka,Tier 1,Hybrid,8,12,Lead / Principal (10+ yrs),14.4,25.2,19.8,2025-09-09,9,Naukri.com
JOB-103048,Database Administrator & SQL Dev,SQL Developer,PhonePe,Fintech,Noida,Uttar Pradesh,Tier 1,On-Site,4,6,Senior (6-9 yrs),7.2,13.5,10.35,2026-02-04,9,LinkedIn
JOB-103049,Python Data Programmer,Python Developer,Cognizant,IT Services,Pune,Maharashtra,Tier 1,On-Site,2,5,Mid-Level (3-5 yrs),3.4,6.6,5.0,2025-09-03,9,Naukri.com
JOB-103050,Senior Data Engineer,Data Engineer,Wipro,IT Services,Hyderabad,Telangana,Tier 1,On-Site,0,1,Entry / Junior (0-2 yrs),2.4,4.8,3.6,2025-10-02,11,LinkedIn
JOB-103051,BI & Analytics Specialist,BI Analyst,Meesho,E-Commerce,Hyderabad,Telangana,Tier 1,Hybrid,2,5,Mid-Level (3-5 yrs),4.3,8.2,6.25,2026-01-13,11,LinkedIn
JOB-103052,Data Analyst,Data Analyst,PhonePe,Fintech,Pune,Maharashtra,Tier 1,Hybrid,3,5,Mid-Level (3-5 yrs),,,,2026-02-17,12,LinkedIn
JOB-103053,Database Developer (SQL),SQL Developer,Fractal Analytics,Pureplay Analytics,Bengaluru,Karnataka,Tier 1,Hybrid,4,7,Senior (6-9 yrs),6.8,12.9,9.85,2025-11-30,10,LinkedIn
JOB-103054,Junior Data Analyst,Data Analyst,Paytm,Fintech,Bengaluru,Karnataka,Tier 1,On-Site,2,5,Mid-Level (3-5 yrs),,,,2025-12-16,11,LinkedIn
JOB-103055,Operations Analyst,Data Analyst,ICICI Bank,Banking,Remote,All India,Remote,Remote,5,8,Senior (6-9 yrs),5.5,10.4,7.95,2025-09-24,10,LinkedIn
JOB-103056,Business Intelligence Analyst,BI Analyst,Fractal Analytics,Pureplay Analytics,Bengaluru,Karnataka,Tier 1,On-Site,5,8,Senior (6-9 yrs),13.3,23.0,18.15,2025-10-26,9,Naukri.com
JOB-103057,Lead Data Analyst,Data Analyst,JPMorgan Chase,Banking / Finance,Bengaluru,Karnataka,Tier 1,Hybrid,5,9,Senior (6-9 yrs),13.2,22.9,18.05,2025-12-18,10,Company Careers Portal
JOB-103058,Associate Analyst - Data,Data Analyst,HCL Technologies,IT Services,Pune,Maharashtra,Tier 1,Hybrid,4,6,Senior (6-9 yrs),4.9,9.3,7.1,2025-09-20,10,Indeed
JOB-103059,Cloud Data Engineer,Data Engineer,EY,Consulting,Hyderabad,Telangana,Tier 1,Hybrid,5,8,Senior (6-9 yrs),8.6,16.2,12.4,2025-10-28,10,LinkedIn
JOB-103060,Database Administrator & SQL Dev,SQL Developer,Deloitte,Consulting,Chennai,Tamil Nadu,Tier 1,Hybrid,2,5,Mid-Level (3-5 yrs),3.8,7.3,5.55,2026-01-05,13,LinkedIn
JOB-103061,Python Developer,Python Developer,PwC,Consulting,Bengaluru,Karnataka,Tier 1,On-Site,7,10,Lead / Principal (10+ yrs),13.1,22.7,17.9,2025-09-20,8,LinkedIn
JOB-103062,BI & Analytics Specialist,BI Analyst,Flipkart,E-Commerce,Hyderabad,Telangana,Tier 1,On-Site,5,7,Senior (6-9 yrs),,,,2025-12-30,13,Company Careers Portal
JOB-103063,SQL Developer,SQL Developer,Cognizant,IT Services,Hyderabad,Telangana,Tier 1,Hybrid,0,2,Entry / Junior (0-2 yrs),1.9,3.8,2.85,2025-10-08,13,Indeed
JOB-103064,Senior Data Engineer,Data Engineer,Accenture,Consulting / IT,Bengaluru,Karnataka,Tier 1,On-Site,1,4,Mid-Level (3-5 yrs),,,,2025-11-07,8,LinkedIn
JOB-103065,Business Intelligence Analyst,BI Analyst,KPMG,Consulting,Bengaluru,Karnataka,Tier 1,On-Site,5,8,Senior (6-9 yrs),,,,2025-09-17,10,Naukri.com
JOB-103066,Python Backend & Analytics Engineer,Python Developer,CRED,Fintech,Bengaluru,Karnataka,Tier 1,Hybrid,7,11,Lead / Principal (10+ yrs),15.2,26.3,20.75,2026-02-18,11,Naukri.com
JOB-103067,Data Engineer,Data Engineer,Uber,Tech,Pune,Maharashtra,Tier 1,Hybrid,5,9,Senior (6-9 yrs),,,,2025-11-05,8,Naukri.com
JOB-103068,Database Developer (SQL),SQL Developer,Microsoft,Product / Tech,Hyderabad,Telangana,Tier 1,Hybrid,3,6,Senior (6-9 yrs),8.0,15.1,11.55,2026-02-22,10,LinkedIn
JOB-103069,Python Developer,Python Developer,Paytm,Fintech,Bengaluru,Karnataka,Tier 1,On-Site,5,8,Senior (6-9 yrs),7.3,13.8,10.55,2025-11-10,11,LinkedIn
JOB-103070,Data Analyst,Data Analyst,Goldman Sachs,Banking / Finance,Bengaluru,Karnataka,Tier 1,On-Site,3,6,Senior (6-9 yrs),7.8,14.7,11.25,2025-09-23,9,Naukri.com
JOB-103071,Tableau Developer,BI Analyst,Capgemini,IT Services,Mumbai,Maharashtra,Tier 1,On-Site,6,9,Senior (6-9 yrs),,,,2025-12-04,9,Indeed
JOB-103072,Senior Data Analyst,Data Analyst,EY,Consulting,Pune,Maharashtra,Tier 1,On-Site,2,5,Mid-Level (3-5 yrs),3.8,7.1,5.45,2025-11-21,8,Naukri.com
JOB-103073,Financial Data Analyst,Data Analyst,Accenture,Consulting / IT,Bengaluru,Karnataka,Tier 1,Hybrid,0,2,Entry / Junior (0-2 yrs),,,,2025-12-05,9,Naukri.com
JOB-103074,PL/SQL Developer,SQL Developer,Fractal Analytics,Pureplay Analytics,Pune,Maharashtra,Tier 1,Hybrid,7,10,Lead / Principal (10+ yrs),,,,2025-11-14,9,Naukri.com
JOB-103075,Data Engineer,Data Engineer,ICICI Bank,Banking,Gurgaon,Haryana,Tier 1,On-Site,0,1,Entry / Junior (0-2 yrs),2.8,5.7,4.25,2025-09-03,10,Naukri.com
JOB-103076,BI & Analytics Specialist,BI Analyst,Microsoft,Product / Tech,Bengaluru,Karnataka,Tier 1,Hybrid,0,1,Entry / Junior (0-2 yrs),3.3,6.7,5.0,2026-02-04,10,LinkedIn
JOB-103077,Data Analyst,Data Analyst,Capgemini,IT Services,Bengaluru,Karnataka,Tier 1,On-Site,0,2,Entry / Junior (0-2 yrs),2.0,4.0,3.0,2025-12-04,10,Naukri.com
JOB-103078,BI & Analytics Specialist,BI Analyst,Standard Chartered,Banking,Bengaluru,Karnataka,Tier 1,Hybrid,4,7,Senior (6-9 yrs),6.9,13.0,9.95,2025-11-01,11,Naukri.com
JOB-103079,Python Data Programmer,Python Developer,LTIMindtree,IT Services,Bengaluru,Karnataka,Tier 1,On-Site,4,7,Senior (6-9 yrs),6.1,11.4,8.75,2026-01-09,9,Indeed
JOB-103080,Senior Data Analyst,Data Analyst,Swiggy,Tech / Consumer,Gurgaon,Haryana,Tier 1,On-Site,3,6,Senior (6-9 yrs),,,,2025-10-15,10,Indeed
JOB-103081,Healthcare Data Analyst,Data Analyst,Amazon,Product / Tech,Mumbai,Maharashtra,Tier 1,Hybrid,0,2,Entry / Junior (0-2 yrs),3.0,6.2,4.6,2025-12-06,10,Indeed
JOB-103082,Associate Analyst - Data,Data Analyst,Swiggy,Tech / Consumer,Bengaluru,Karnataka,Tier 1,On-Site,7,10,Lead / Principal (10+ yrs),12.3,21.3,16.8,2025-09-09,10,Naukri.com
JOB-103083,Junior Data Engineer,Data Engineer,Morgan Stanley,Banking / Finance,Bengaluru,Karnataka,Tier 1,On-Site,0,1,Entry / Junior (0-2 yrs),3.9,7.9,5.9,2026-01-20,9,LinkedIn
JOB-103084,Senior Data Analyst,Data Analyst,Microsoft,Product / Tech,Pune,Maharashtra,Tier 1,Hybrid,2,4,Mid-Level (3-5 yrs),4.8,9.1,6.95,2025-12-18,9,LinkedIn
JOB-103085,Junior Data Engineer,Data Engineer,Tata Consultancy Services,IT Services,Pune,Maharashtra,Tier 1,Remote,4,8,Senior (6-9 yrs),6.3,11.9,9.1,2025-11-14,11,LinkedIn
JOB-103086,Business Intelligence Analyst,BI Analyst,Tata Consultancy Services,IT Services,Bengaluru,Karnataka,Tier 1,Hybrid,4,8,Senior (6-9 yrs),5.0,9.5,7.25,2026-02-23,11,Indeed
JOB-103087,Python Developer,Python Developer,Barclays,Banking,Bengaluru,Karnataka,Tier 1,Hybrid,4,6,Senior (6-9 yrs),7.8,14.7,11.25,2026-01-22,9,LinkedIn
JOB-103088,Tableau Developer,BI Analyst,Wipro,IT Services,Bengaluru,Karnataka,Tier 1,Hybrid,4,8,Senior (6-9 yrs),,,,2025-09-15,11,LinkedIn
JOB-103089,Big Data Engineer,Data Engineer,Mu Sigma,Pureplay Analytics,Pune,Maharashtra,Tier 1,On-Site,0,1,Entry / Junior (0-2 yrs),,,,2025-10-31,9,LinkedIn
JOB-103090,Senior Python Developer,Python Developer,PhonePe,Fintech,Bengaluru,Karnataka,Tier 1,On-Site,0,1,Entry / Junior (0-2 yrs),3.2,6.4,4.8,2025-10-01,10,Naukri.com
JOB-103091,BI & Analytics Specialist,BI Analyst,Microsoft,Product / Tech,Bengaluru,Karnataka,Tier 1,On-Site,0,1,Entry / Junior (0-2 yrs),3.3,6.7,5.0,2026-02-06,10,Naukri.com
JOB-103092,Database Developer (SQL),SQL Developer,Fractal Analytics,Pureplay Analytics,Noida,Uttar Pradesh,Tier 1,Hybrid,1,3,Mid-Level (3-5 yrs),4.0,7.6,5.8,2026-01-07,11,Naukri.com
JOB-103093,PL/SQL Developer,SQL Developer,CRED,Fintech,Gurgaon,Haryana,Tier 1,Hybrid,9,14,Lead / Principal (10+ yrs),20.7,36.2,28.45,2025-12-09,10,LinkedIn
JOB-103094,Marketing Data Analyst,Data Analyst,Mu Sigma,Pureplay Analytics,Noida,Uttar Pradesh,Tier 1,On-Site,1,3,Mid-Level (3-5 yrs),3.2,6.2,4.7,2025-09-26,11,Company Careers Portal
JOB-103095,Senior T-SQL Developer,SQL Developer,Infosys,IT Services,Bengaluru,Karnataka,Tier 1,On-Site,0,1,Entry / Junior (0-2 yrs),1.8,3.7,2.75,2026-01-11,11,Naukri.com
JOB-103096,Senior Data Analyst,Data Analyst,Tiger Analytics,Pureplay Analytics,Pune,Maharashtra,Tier 1,Remote,5,8,Senior (6-9 yrs),12.0,20.8,16.4,2025-11-17,11,LinkedIn
JOB-103097,Senior Data Engineer,Data Engineer,Google,Product / Tech,Bengaluru,Karnataka,Tier 1,Hybrid,0,2,Entry / Junior (0-2 yrs),,,,2025-10-18,8,LinkedIn
JOB-103098,Cloud Data Engineer,Data Engineer,JPMorgan Chase,Banking / Finance,Mumbai,Maharashtra,Tier 1,Hybrid,5,7,Senior (6-9 yrs),10.1,19.0,14.55,2025-10-11,8,LinkedIn
JOB-103099,BI Developer,BI Analyst,Fractal Analytics,Pureplay Analytics,Gurgaon,Haryana,Tier 1,On-Site,5,9,Senior (6-9 yrs),7.5,14.2,10.85,2026-01-09,10,LinkedIn
JOB-103100,BI & Analytics Specialist,BI Analyst,McKinsey & Company,Strategy Consulting,Bengaluru,Karnataka,Tier 1,On-Site,7,11,Lead / Principal (10+ yrs),15.4,26.7,21.05,2026-01-29,11,Indeed
JOB-103101,Senior T-SQL Developer,SQL Developer,Morgan Stanley,Banking / Finance,Hyderabad,Telangana,Tier 1,Hybrid,2,4,Mid-Level (3-5 yrs),4.4,8.4,6.4,2025-09-05,11,LinkedIn
JOB-103102,Financial Data Analyst,Data Analyst,PwC,Consulting,Bengaluru,Karnataka,Tier 1,Remote,3,7,Senior (6-9 yrs),6.5,12.2,9.35,2025-09-30,9,Naukri.com
JOB-103103,Data Analyst,Data Analyst,McKinsey & Company,Strategy Consulting,Chennai,Tamil Nadu,Tier 1,On-Site,0,2,Entry / Junior (0-2 yrs),3.0,6.2,4.6,2026-01-22,13,Naukri.com
JOB-103104,Senior Python Developer,Python Developer,Mu Sigma,Pureplay Analytics,Pune,Maharashtra,Tier 1,Hybrid,0,1,Entry / Junior (0-2 yrs),2.4,4.9,3.65,2026-02-07,13,LinkedIn
JOB-103105,BI & Analytics Specialist,BI Analyst,Flipkart,E-Commerce,Bengaluru,Karnataka,Tier 1,Hybrid,2,5,Mid-Level (3-5 yrs),4.8,9.0,6.9,2026-01-25,11,Naukri.com
JOB-103106,Financial Data Analyst,Data Analyst,HSBC,Banking,Hyderabad,Telangana,Tier 1,Remote,3,7,Senior (6-9 yrs),6.6,12.5,9.55,2026-02-09,10,LinkedIn
JOB-103107,Data Analyst,Data Analyst,Infosys,IT Services,Hyderabad,Telangana,Tier 1,Hybrid,1,3,Mid-Level (3-5 yrs),2.9,5.5,4.2,2025-10-20,6,LinkedIn
JOB-103108,Analytics Engineer,Data Engineer,Swiggy,Tech / Consumer,Pune,Maharashtra,Tier 1,Hybrid,2,5,Mid-Level (3-5 yrs),5.5,10.5,8.0,2025-09-14,9,LinkedIn
JOB-103109,Python Developer,Python Developer,HSBC,Banking,Bengaluru,Karnataka,Tier 1,Hybrid,4,6,Senior (6-9 yrs),,,,2025-12-13,11,LinkedIn
JOB-103110,Data Engineer,Data Engineer,Paytm,Fintech,Noida,Uttar Pradesh,Tier 1,On-Site,3,6,Senior (6-9 yrs),8.6,16.2,12.4,2025-11-08,9,Indeed
JOB-103111,Senior BI Consultant,BI Analyst,JPMorgan Chase,Banking / Finance,Bengaluru,Karnataka,Tier 1,Remote,1,3,Mid-Level (3-5 yrs),4.8,9.0,6.9,2025-12-01,14,Naukri.com
JOB-103112,Analytics Engineer,Data Engineer,Goldman Sachs,Banking / Finance,Bengaluru,Karnataka,Tier 1,Hybrid,5,8,Senior (6-9 yrs),10.6,19.9,15.25,2026-02-23,13,Naukri.com
JOB-103113,Cloud Data Engineer,Data Engineer,PhonePe,Fintech,Hyderabad,Telangana,Tier 1,On-Site,3,5,Mid-Level (3-5 yrs),,,,2025-11-06,13,LinkedIn
JOB-103114,Junior Data Analyst,Data Analyst,Barclays,Banking,Remote,All India,Remote,Remote,7,10,Lead / Principal (10+ yrs),12.0,20.8,16.4,2026-01-01,12,Indeed
JOB-103115,Data Analyst,Data Analyst,Barclays,Banking,Bengaluru,Karnataka,Tier 1,On-Site,0,1,Entry / Junior (0-2 yrs),,,,2025-10-09,11,LinkedIn
JOB-103116,Marketing Data Analyst,Data Analyst,McKinsey & Company,Strategy Consulting,Pune,Maharashtra,Tier 1,Hybrid,2,4,Mid-Level (3-5 yrs),4.8,9.0,6.9,2025-12-05,11,Company Careers Portal
JOB-103117,Tableau Developer,BI Analyst,Tata Consultancy Services,IT Services,Bengaluru,Karnataka,Tier 1,Hybrid,4,6,Senior (6-9 yrs),5.0,9.5,7.25,2025-09-18,11,LinkedIn
JOB-103118,Big Data Engineer,Data Engineer,Morgan Stanley,Banking / Finance,Hyderabad,Telangana,Tier 1,On-Site,1,3,Mid-Level (3-5 yrs),6.1,11.5,8.8,2025-09-29,10,Company Careers Portal
JOB-103119,Tableau Developer,BI Analyst,Google,Product / Tech,Pune,Maharashtra,Tier 1,Hybrid,4,6,Senior (6-9 yrs),9.0,16.9,12.95,2025-12-06,10,LinkedIn
JOB-103120,Healthcare Data Analyst,Data Analyst,Morgan Stanley,Banking / Finance,Chennai,Tamil Nadu,Tier 1,Remote,5,7,Senior (6-9 yrs),7.7,14.4,11.05,2026-02-16,13,Naukri.com
JOB-103121,Database Developer (SQL),SQL Developer,Mu Sigma,Pureplay Analytics,Bengaluru,Karnataka,Tier 1,Hybrid,7,10,Lead / Principal (10+ yrs),,,,2026-02-26,8,Naukri.com
JOB-103122,Big Data Engineer,Data Engineer,PhonePe,Fintech,Bengaluru,Karnataka,Tier 1,On-Site,5,8,Senior (6-9 yrs),9.9,18.6,14.25,2025-11-20,9,LinkedIn
JOB-103123,BI & Analytics Specialist,BI Analyst,Meesho,E-Commerce,Bengaluru,Karnataka,Tier 1,Hybrid,3,5,Mid-Level (3-5 yrs),7.3,13.8,10.55,2026-02-22,12,Company Careers Portal
JOB-103124,PL/SQL Developer,SQL Developer,Wipro,IT Services,Pune,Maharashtra,Tier 1,Hybrid,5,9,Senior (6-9 yrs),4.6,8.6,6.6,2025-11-07,12,LinkedIn
JOB-103125,Associate Analyst - Data,Data Analyst,EY,Consulting,Hyderabad,Telangana,Tier 1,On-Site,7,10,Lead / Principal (10+ yrs),11.2,19.5,15.35,2025-10-27,8,Indeed
JOB-103126,Junior Data Engineer,Data Engineer,Swiggy,Tech / Consumer,Bengaluru,Karnataka,Tier 1,On-Site,2,5,Mid-Level (3-5 yrs),,,,2025-11-15,14,Naukri.com
JOB-103127,Reporting Analyst,BI Analyst,Mu Sigma,Pureplay Analytics,Hyderabad,Telangana,Tier 1,Hybrid,0,2,Entry / Junior (0-2 yrs),2.2,4.6,3.4,2025-12-02,11,Naukri.com
JOB-103128,Cloud Data Engineer,Data Engineer,HCL Technologies,IT Services,Gurgaon,Haryana,Tier 1,Remote,4,7,Senior (6-9 yrs),6.7,12.5,9.6,2025-12-28,10,Naukri.com
JOB-103129,Data Analyst,Data Analyst,Goldman Sachs,Banking / Finance,Bengaluru,Karnataka,Tier 1,Hybrid,2,5,Mid-Level (3-5 yrs),,,,2025-11-28,11,Naukri.com
JOB-103130,Data Engineer,Data Engineer,Standard Chartered,Banking,Bengaluru,Karnataka,Tier 1,Remote,2,5,Mid-Level (3-5 yrs),5.1,9.6,7.35,2025-12-11,11,Naukri.com
JOB-103131,Lead Data Analyst,Data Analyst,LTIMindtree,IT Services,Bengaluru,Karnataka,Tier 1,Hybrid,4,8,Senior (6-9 yrs),,,,2026-01-02,13,Indeed
JOB-103132,Tableau Developer,BI Analyst,Cognizant,IT Services,Remote,All India,Remote,Remote,4,7,Senior (6-9 yrs),5.5,10.4,7.95,2025-12-11,9,Naukri.com
JOB-103133,SQL Developer,SQL Developer,Wipro,IT Services,Bengaluru,Karnataka,Tier 1,On-Site,6,10,Lead / Principal (10+ yrs),8.1,14.0,11.05,2025-11-25,12,Naukri.com
JOB-103134,Database Administrator & SQL Dev,SQL Developer,HDFC Bank,Banking,Bengaluru,Karnataka,Tier 1,On-Site,2,5,Mid-Level (3-5 yrs),,,,2025-09-19,8,Indeed
JOB-103135,Tableau Developer,BI Analyst,Meesho,E-Commerce,Hyderabad,Telangana,Tier 1,Hybrid,7,11,Lead / Principal (10+ yrs),13.0,22.5,17.75,2025-11-13,11,Naukri.com
JOB-103136,Senior BI Consultant,BI Analyst,Cognizant,IT Services,Bengaluru,Karnataka,Tier 1,Hybrid,0,1,Entry / Junior (0-2 yrs),2.1,4.2,3.15,2025-09-28,11,Naukri.com
JOB-103137,Python Data Programmer,Python Developer,Paytm,Fintech,Chennai,Tamil Nadu,Tier 1,On-Site,5,8,Senior (6-9 yrs),,,,2026-02-17,7,LinkedIn
JOB-103138,Senior Data Analyst,Data Analyst,Amazon,Product / Tech,Bengaluru,Karnataka,Tier 1,On-Site,4,7,Senior (6-9 yrs),8.1,15.2,11.65,2025-11-10,10,Naukri.com
JOB-103139,Python Data Programmer,Python Developer,Paytm,Fintech,Bengaluru,Karnataka,Tier 1,On-Site,2,4,Mid-Level (3-5 yrs),4.3,8.2,6.25,2025-09-08,9,Indeed
JOB-103140,Power BI Developer,BI Analyst,PwC,Consulting,Gurgaon,Haryana,Tier 1,Hybrid,4,7,Senior (6-9 yrs),,,,2025-12-11,9,LinkedIn
JOB-103141,Associate Analyst - Data,Data Analyst,Uber,Tech,Pune,Maharashtra,Tier 1,On-Site,5,9,Senior (6-9 yrs),7.7,14.4,11.05,2025-10-16,11,Naukri.com
JOB-103142,PL/SQL Developer,SQL Developer,PwC,Consulting,Hyderabad,Telangana,Tier 1,Hybrid,5,8,Senior (6-9 yrs),,,,2026-01-26,9,Naukri.com
JOB-103143,Senior Data Engineer,Data Engineer,Barclays,Banking,Bengaluru,Karnataka,Tier 1,Hybrid,0,1,Entry / Junior (0-2 yrs),3.5,7.0,5.25,2025-10-18,8,Naukri.com
JOB-103144,Operations Analyst,Data Analyst,HDFC Bank,Banking,Remote,All India,Remote,Remote,5,7,Senior (6-9 yrs),5.8,10.9,8.35,2025-12-09,13,Indeed
JOB-103145,Junior Data Engineer,Data Engineer,CRED,Fintech,Chennai,Tamil Nadu,Tier 1,On-Site,1,4,Mid-Level (3-5 yrs),5.9,11.3,8.6,2026-02-20,9,Naukri.com
JOB-103146,Lead Data Analyst,Data Analyst,Accenture,Consulting / IT,Bengaluru,Karnataka,Tier 1,Hybrid,2,5,Mid-Level (3-5 yrs),3.6,6.8,5.2,2026-02-12,7,LinkedIn
JOB-103147,Senior Python Developer,Python Developer,LTIMindtree,IT Services,Noida,Uttar Pradesh,Tier 1,Hybrid,3,6,Senior (6-9 yrs),6.1,11.4,8.75,2026-01-20,9,LinkedIn
JOB-103148,Python Data Programmer,Python Developer,Google,Product / Tech,Mumbai,Maharashtra,Tier 1,Hybrid,5,9,Senior (6-9 yrs),16.9,29.3,23.1,2025-10-13,10,LinkedIn
JOB-103149,Junior Data Analyst,Data Analyst,HSBC,Banking,Bengaluru,Karnataka,Tier 1,On-Site,1,4,Mid-Level (3-5 yrs),3.9,7.4,5.65,2025-11-05,8,LinkedIn
JOB-103150,Marketing Data Analyst,Data Analyst,PwC,Consulting,Noida,Uttar Pradesh,Tier 1,Hybrid,7,10,Lead / Principal (10+ yrs),,,,2025-11-01,8,Naukri.com
JOB-103151,Senior BI Consultant,BI Analyst,Uber,Tech,Hyderabad,Telangana,Tier 1,Hybrid,6,9,Senior (6-9 yrs),14.6,25.3,19.95,2025-11-11,8,LinkedIn
JOB-103152,BI & Analytics Specialist,BI Analyst,Capgemini,IT Services,Bengaluru,Karnataka,Tier 1,On-Site,2,5,Mid-Level (3-5 yrs),,,,2026-01-15,8,LinkedIn
JOB-103153,Data Engineer,Data Engineer,LTIMindtree,IT Services,Bengaluru,Karnataka,Tier 1,On-Site,0,2,Entry / Junior (0-2 yrs),,,,2025-10-30,6,Naukri.com
JOB-103154,PL/SQL Developer,SQL Developer,Fractal Analytics,Pureplay Analytics,Chennai,Tamil Nadu,Tier 1,On-Site,0,2,Entry / Junior (0-2 yrs),2.6,5.2,3.9,2026-01-28,12,LinkedIn
JOB-103155,SQL Developer,SQL Developer,Standard Chartered,Banking,Hyderabad,Telangana,Tier 1,On-Site,0,1,Entry / Junior (0-2 yrs),2.4,4.8,3.6,2026-02-23,7,Naukri.com
JOB-103156,Analytics Engineer,Data Engineer,Amazon,Product / Tech,Gurgaon,Haryana,Tier 1,Hybrid,5,9,Senior (6-9 yrs),10.9,20.5,15.7,2026-01-11,9,LinkedIn
JOB-103157,Operations Analyst,Data Analyst,Swiggy,Tech / Consumer,Hyderabad,Telangana,Tier 1,On-Site,5,7,Senior (6-9 yrs),,,,2026-01-07,9,LinkedIn
JOB-103158,Marketing Data Analyst,Data Analyst,JPMorgan Chase,Banking / Finance,Gurgaon,Haryana,Tier 1,Hybrid,3,6,Senior (6-9 yrs),,,,2025-09-30,8,Naukri.com
JOB-103159,BI Developer,BI Analyst,PhonePe,Fintech,Gurgaon,Haryana,Tier 1,Remote,4,8,Senior (6-9 yrs),7.9,14.9,11.4,2026-02-12,7,Naukri.com
JOB-103160,Associate Analyst - Data,Data Analyst,McKinsey & Company,Strategy Consulting,Chennai,Tamil Nadu,Tier 1,Hybrid,0,2,Entry / Junior (0-2 yrs),3.0,6.2,4.6,2026-01-08,6,LinkedIn
JOB-103161,Python Data Programmer,Python Developer,HSBC,Banking,Hyderabad,Telangana,Tier 1,Hybrid,0,2,Entry / Junior (0-2 yrs),,,,2025-12-28,11,Indeed
JOB-103162,Healthcare Data Analyst,Data Analyst,Uber,Tech,Mumbai,Maharashtra,Tier 1,Hybrid,3,5,Mid-Level (3-5 yrs),7.7,14.4,11.05,2026-01-18,11,LinkedIn
JOB-103163,SQL Developer,SQL Developer,Tiger Analytics,Pureplay Analytics,Bengaluru,Karnataka,Tier 1,On-Site,0,2,Entry / Junior (0-2 yrs),,,,2025-12-15,10,Naukri.com
JOB-103164,Senior Data Analyst,Data Analyst,PhonePe,Fintech,Pune,Maharashtra,Tier 1,On-Site,2,5,Mid-Level (3-5 yrs),4.3,8.2,6.25,2025-11-10,11,Naukri.com
JOB-103165,Power BI Developer,BI Analyst,Tiger Analytics,Pureplay Analytics,Remote,All India,Remote,Remote,4,6,Senior (6-9 yrs),7.3,13.8,10.55,2026-01-03,10,LinkedIn
JOB-103166,BI & Analytics Specialist,BI Analyst,Accenture,Consulting / IT,Bengaluru,Karnataka,Tier 1,Remote,7,10,Lead / Principal (10+ yrs),,,,2025-11-27,13,LinkedIn
JOB-103167,BI & Analytics Specialist,BI Analyst,Accenture,Consulting / IT,Pune,Maharashtra,Tier 1,Hybrid,6,10,Lead / Principal (10+ yrs),11.7,20.2,15.95,2026-02-15,7,LinkedIn
JOB-103168,Marketing Data Analyst,Data Analyst,Wipro,IT Services,Pune,Maharashtra,Tier 1,On-Site,2,4,Mid-Level (3-5 yrs),2.8,5.2,4.0,2025-10-25,11,LinkedIn
JOB-103169,Senior BI Consultant,BI Analyst,EY,Consulting,Remote,All India,Remote,Remote,8,13,Lead / Principal (10+ yrs),19.4,34.0,26.7,2026-02-02,12,LinkedIn
JOB-103170,ETL Developer,Data Engineer,HCL Technologies,IT Services,Hyderabad,Telangana,Tier 1,Hybrid,5,9,Senior (6-9 yrs),11.7,20.4,16.05,2026-01-26,12,LinkedIn
JOB-103171,Power BI Developer,BI Analyst,Goldman Sachs,Banking / Finance,Bengaluru,Karnataka,Tier 1,Hybrid,4,6,Senior (6-9 yrs),8.4,15.9,12.15,2026-01-24,11,Naukri.com
JOB-103172,Cloud Data Engineer,Data Engineer,HSBC,Banking,Bengaluru,Karnataka,Tier 1,On-Site,1,3,Mid-Level (3-5 yrs),5.3,10.0,7.65,2026-01-25,9,Indeed
JOB-103173,Python Developer,Python Developer,Capgemini,IT Services,Hyderabad,Telangana,Tier 1,Hybrid,3,6,Senior (6-9 yrs),6.1,11.4,8.75,2025-12-24,11,Naukri.com
JOB-103174,SQL Developer,SQL Developer,Microsoft,Product / Tech,Pune,Maharashtra,Tier 1,Hybrid,2,5,Mid-Level (3-5 yrs),4.7,8.9,6.8,2025-12-31,11,Naukri.com
JOB-103175,Operations Analyst,Data Analyst,LTIMindtree,IT Services,Pune,Maharashtra,Tier 1,Hybrid,2,5,Mid-Level (3-5 yrs),3.1,5.9,4.5,2025-12-13,10,LinkedIn
JOB-103176,Lead Data Analyst,Data Analyst,JPMorgan Chase,Banking / Finance,Hyderabad,Telangana,Tier 1,Remote,0,1,Entry / Junior (0-2 yrs),2.8,5.7,4.25,2026-01-26,13,LinkedIn
JOB-103177,Senior Python Developer,Python Developer,Infosys,IT Services,Chennai,Tamil Nadu,Tier 1,On-Site,3,7,Senior (6-9 yrs),5.7,10.7,8.2,2025-10-23,11,Naukri.com
JOB-103178,Senior Data Engineer,Data Engineer,Zomato,Tech / Consumer,Pune,Maharashtra,Tier 1,On-Site,5,8,Senior (6-9 yrs),,,,2026-01-31,10,Naukri.com
JOB-103179,Analytics Engineer,Data Engineer,Capgemini,IT Services,Pune,Maharashtra,Tier 1,Remote,0,2,Entry / Junior (0-2 yrs),2.7,5.4,4.05,2026-02-11,10,LinkedIn
JOB-103180,Marketing Data Analyst,Data Analyst,Tata Consultancy Services,IT Services,Hyderabad,Telangana,Tier 1,On-Site,3,6,Senior (6-9 yrs),4.7,8.8,6.75,2026-01-15,13,LinkedIn
JOB-103181,Associate Analyst - Data,Data Analyst,Zomato,Tech / Consumer,Mumbai,Maharashtra,Tier 1,Remote,2,4,Mid-Level (3-5 yrs),4.0,7.6,5.8,2025-12-17,11,Indeed
JOB-103182,Associate Analyst - Data,Data Analyst,Uber,Tech,Noida,Uttar Pradesh,Tier 1,Hybrid,4,7,Senior (6-9 yrs),7.7,14.4,11.05,2026-02-16,9,Naukri.com
JOB-103183,Python Data Programmer,Python Developer,Razorpay,Fintech,Hyderabad,Telangana,Tier 1,On-Site,1,4,Mid-Level (3-5 yrs),4.9,9.3,7.1,2025-12-29,10,Naukri.com
JOB-103184,Cloud Data Engineer,Data Engineer,PwC,Consulting,Bengaluru,Karnataka,Tier 1,On-Site,1,3,Mid-Level (3-5 yrs),5.1,9.7,7.4,2025-10-23,7,LinkedIn
JOB-103185,Python Developer,Python Developer,Tata Consultancy Services,IT Services,Pune,Maharashtra,Tier 1,On-Site,5,9,Senior (6-9 yrs),9.5,16.4,12.95,2026-01-24,10,Naukri.com
JOB-103186,Reporting Analyst,BI Analyst,Mu Sigma,Pureplay Analytics,Pune,Maharashtra,Tier 1,Hybrid,5,9,Senior (6-9 yrs),6.0,11.2,8.6,2025-10-27,9,LinkedIn
JOB-103187,Senior Data Analyst,Data Analyst,JPMorgan Chase,Banking / Finance,Hyderabad,Telangana,Tier 1,On-Site,3,6,Senior (6-9 yrs),7.5,14.1,10.8,2025-10-05,8,LinkedIn
JOB-103188,Reporting Analyst,BI Analyst,Meesho,E-Commerce,Bengaluru,Karnataka,Tier 1,On-Site,1,3,Mid-Level (3-5 yrs),4.3,8.2,6.25,2025-12-30,7,LinkedIn
JOB-103189,ETL Developer,Data Engineer,PwC,Consulting,Remote,All India,Remote,Remote,0,2,Entry / Junior (0-2 yrs),3.3,6.7,5.0,2025-11-12,7,Naukri.com
JOB-103190,Database Developer (SQL),SQL Developer,Deloitte,Consulting,Bengaluru,Karnataka,Tier 1,On-Site,3,5,Mid-Level (3-5 yrs),6.5,12.2,9.35,2025-11-24,9,LinkedIn
JOB-103191,Marketing Data Analyst,Data Analyst,HSBC,Banking,Hyderabad,Telangana,Tier 1,On-Site,3,6,Senior (6-9 yrs),6.6,12.5,9.55,2026-01-28,11,LinkedIn
JOB-103192,Python Data Programmer,Python Developer,Flipkart,E-Commerce,Bengaluru,Karnataka,Tier 1,On-Site,5,8,Senior (6-9 yrs),8.6,16.2,12.4,2026-02-03,10,Indeed
JOB-103193,ETL Developer,Data Engineer,Goldman Sachs,Banking / Finance,Chennai,Tamil Nadu,Tier 1,Hybrid,0,2,Entry / Junior (0-2 yrs),4.0,8.1,6.05,2026-01-25,7,Naukri.com
JOB-103194,Junior Data Analyst,Data Analyst,Morgan Stanley,Banking / Finance,Pune,Maharashtra,Tier 1,Hybrid,1,4,Mid-Level (3-5 yrs),4.5,8.6,6.55,2025-11-13,12,Naukri.com
JOB-103195,Junior Data Analyst,Data Analyst,HDFC Bank,Banking,Gurgaon,Haryana,Tier 1,On-Site,0,2,Entry / Junior (0-2 yrs),2.2,4.4,3.3,2025-12-30,7,Naukri.com
JOB-103196,Database Administrator & SQL Dev,SQL Developer,Wipro,IT Services,Mumbai,Maharashtra,Tier 1,On-Site,3,5,Mid-Level (3-5 yrs),4.6,8.6,6.6,2026-02-16,7,Indeed
JOB-103197,Senior Data Analyst,Data Analyst,LTIMindtree,IT Services,Pune,Maharashtra,Tier 1,Hybrid,5,8,Senior (6-9 yrs),5.3,9.9,7.6,2025-09-24,10,LinkedIn
JOB-103198,Database Administrator & SQL Dev,SQL Developer,ICICI Bank,Banking,Chennai,Tamil Nadu,Tier 1,Hybrid,3,6,Senior (6-9 yrs),,,,2025-11-23,13,Naukri.com
JOB-103199,Junior Python Engineer,Python Developer,Morgan Stanley,Banking / Finance,Bengaluru,Karnataka,Tier 1,On-Site,3,5,Mid-Level (3-5 yrs),8.8,16.6,12.7,2025-09-01,12,LinkedIn
JOB-103200,Business Intelligence Analyst,BI Analyst,Goldman Sachs,Banking / Finance,Noida,Uttar Pradesh,Tier 1,Hybrid,2,5,Mid-Level (3-5 yrs),5.0,9.4,7.2,2025-09-07,8,Indeed
JOB-103201,Python Data Programmer,Python Developer,Deloitte,Consulting,Gurgaon,Haryana,Tier 1,On-Site,4,8,Senior (6-9 yrs),7.6,14.4,11.0,2025-11-04,12,LinkedIn
JOB-103202,Python Backend & Analytics Engineer,Python Developer,Deloitte,Consulting,Pune,Maharashtra,Tier 1,Hybrid,1,4,Mid-Level (3-5 yrs),4.5,8.5,6.5,2025-09-20,10,Naukri.com
JOB-103203,Python Data Programmer,Python Developer,Mu Sigma,Pureplay Analytics,Bengaluru,Karnataka,Tier 1,Hybrid,3,7,Senior (6-9 yrs),6.4,12.0,9.2,2026-01-04,10,LinkedIn
JOB-103204,PL/SQL Developer,SQL Developer,KPMG,Consulting,Mumbai,Maharashtra,Tier 1,On-Site,0,2,Entry / Junior (0-2 yrs),2.4,4.8,3.6,2026-02-21,11,LinkedIn
JOB-103205,Associate Analyst - Data,Data Analyst,Deloitte,Consulting,Pune,Maharashtra,Tier 1,Hybrid,0,1,Entry / Junior (0-2 yrs),2.5,5.1,3.8,2025-12-29,11,LinkedIn
JOB-103206,Python Backend & Analytics Engineer,Python Developer,Barclays,Banking,Hyderabad,Telangana,Tier 1,Hybrid,1,4,Mid-Level (3-5 yrs),,,,2025-09-29,11,Naukri.com
JOB-103207,Junior Data Engineer,Data Engineer,KPMG,Consulting,Chennai,Tamil Nadu,Tier 1,Hybrid,4,6,Senior (6-9 yrs),,,,2026-02-04,12,Indeed
JOB-103208,Junior Data Analyst,Data Analyst,Fractal Analytics,Pureplay Analytics,Mumbai,Maharashtra,Tier 1,On-Site,3,5,Mid-Level (3-5 yrs),7.0,13.1,10.05,2025-09-23,10,Naukri.com
JOB-103209,Database Developer (SQL),SQL Developer,Tata Consultancy Services,IT Services,Bengaluru,Karnataka,Tier 1,On-Site,2,5,Mid-Level (3-5 yrs),2.7,5.1,3.9,2025-11-24,11,LinkedIn
JOB-103210,Senior Data Engineer,Data Engineer,McKinsey & Company,Strategy Consulting,Hyderabad,Telangana,Tier 1,On-Site,1,4,Mid-Level (3-5 yrs),6.4,12.2,9.3,2026-01-30,11,Naukri.com
JOB-103211,Data Engineer,Data Engineer,Standard Chartered,Banking,Hyderabad,Telangana,Tier 1,Hybrid,0,1,Entry / Junior (0-2 yrs),3.2,6.6,4.9,2025-09-13,10,Indeed
JOB-103212,Junior Data Engineer,Data Engineer,Flipkart,E-Commerce,Pune,Maharashtra,Tier 1,Remote,2,5,Mid-Level (3-5 yrs),5.9,11.3,8.6,2025-12-20,12,LinkedIn
JOB-103213,Power BI Developer,BI Analyst,Flipkart,E-Commerce,Mumbai,Maharashtra,Tier 1,On-Site,4,7,Senior (6-9 yrs),8.1,15.2,11.65,2025-12-25,8,Indeed
JOB-103214,PL/SQL Developer,SQL Developer,CRED,Fintech,Pune,Maharashtra,Tier 1,Hybrid,5,8,Senior (6-9 yrs),,,,2025-09-30,9,Naukri.com
JOB-103215,Power BI Developer,BI Analyst,Fractal Analytics,Pureplay Analytics,Pune,Maharashtra,Tier 1,Hybrid,3,5,Mid-Level (3-5 yrs),,,,2026-01-04,10,Indeed
JOB-103216,Reporting Analyst,BI Analyst,Microsoft,Product / Tech,Bengaluru,Karnataka,Tier 1,On-Site,0,1,Entry / Junior (0-2 yrs),3.3,6.7,5.0,2025-09-06,13,Naukri.com
JOB-103217,Power BI Developer,BI Analyst,Meesho,E-Commerce,Pune,Maharashtra,Tier 1,On-Site,3,7,Senior (6-9 yrs),7.3,13.8,10.55,2026-01-17,10,Naukri.com
JOB-103218,Junior Data Engineer,Data Engineer,Swiggy,Tech / Consumer,Remote,All India,Remote,Remote,6,9,Senior (6-9 yrs),,,,2026-02-28,11,Naukri.com
JOB-103219,Python Backend & Analytics Engineer,Python Developer,Zomato,Tech / Consumer,Hyderabad,Telangana,Tier 1,Hybrid,2,4,Mid-Level (3-5 yrs),4.6,8.7,6.65,2025-09-12,8,LinkedIn
JOB-103220,SQL Developer,SQL Developer,Amazon,Product / Tech,Pune,Maharashtra,Tier 1,On-Site,4,8,Senior (6-9 yrs),,,,2026-01-07,10,Naukri.com
JOB-103221,Python Backend & Analytics Engineer,Python Developer,Fractal Analytics,Pureplay Analytics,Chennai,Tamil Nadu,Tier 1,Hybrid,4,8,Senior (6-9 yrs),8.0,15.1,11.55,2025-09-21,9,Naukri.com
JOB-103222,Data Analyst,Data Analyst,Razorpay,Fintech,Pune,Maharashtra,Tier 1,On-Site,1,4,Mid-Level (3-5 yrs),4.2,8.1,6.15,2026-01-11,10,LinkedIn
JOB-103223,BI & Analytics Specialist,BI Analyst,Tata Consultancy Services,IT Services,Pune,Maharashtra,Tier 1,Hybrid,4,6,Senior (6-9 yrs),5.0,9.5,7.25,2025-10-26,10,Naukri.com
JOB-103224,Data Engineer,Data Engineer,HDFC Bank,Banking,Mumbai,Maharashtra,Tier 1,On-Site,1,4,Mid-Level (3-5 yrs),4.6,8.7,6.65,2025-11-14,7,Naukri.com
JOB-103225,Analytics Engineer,Data Engineer,Standard Chartered,Banking,Gurgaon,Haryana,Tier 1,On-Site,10,15,Lead / Principal (10+ yrs),24.3,42.5,33.4,2025-09-19,12,Company Careers Portal
JOB-103226,Junior Data Analyst,Data Analyst,Barclays,Banking,Pune,Maharashtra,Tier 1,Hybrid,6,9,Senior (6-9 yrs),,,,2026-02-22,7,Naukri.com
JOB-103227,Senior Python Developer,Python Developer,Microsoft,Product / Tech,Bengaluru,Karnataka,Tier 1,Hybrid,7,10,Lead / Principal (10+ yrs),16.6,28.7,22.65,2025-10-30,10,Indeed
JOB-103228,Big Data Engineer,Data Engineer,Morgan Stanley,Banking / Finance,Hyderabad,Telangana,Tier 1,Hybrid,4,8,Senior (6-9 yrs),10.3,19.4,14.85,2025-09-25,8,Naukri.com
JOB-103229,Operations Analyst,Data Analyst,Uber,Tech,Chennai,Tamil Nadu,Tier 1,Hybrid,3,5,Mid-Level (3-5 yrs),7.7,14.4,11.05,2025-12-07,12,LinkedIn
JOB-103230,Database Developer (SQL),SQL Developer,McKinsey & Company,Strategy Consulting,Chennai,Tamil Nadu,Tier 1,On-Site,1,3,Mid-Level (3-5 yrs),,,,2025-11-12,10,LinkedIn
JOB-103231,Senior Data Analyst,Data Analyst,Google,Product / Tech,Hyderabad,Telangana,Tier 1,Hybrid,0,2,Entry / Junior (0-2 yrs),3.1,6.4,4.75,2026-02-20,9,LinkedIn
JOB-103232,Senior Data Engineer,Data Engineer,Wipro,IT Services,Gurgaon,Haryana,Tier 1,Hybrid,2,5,Mid-Level (3-5 yrs),3.7,7.1,5.4,2026-01-14,9,Naukri.com
JOB-103233,Operations Analyst,Data Analyst,Tiger Analytics,Pureplay Analytics,Hyderabad,Telangana,Tier 1,Hybrid,0,2,Entry / Junior (0-2 yrs),2.6,5.2,3.9,2025-10-20,10,LinkedIn
JOB-103234,Data Analyst,Data Analyst,JPMorgan Chase,Banking / Finance,Pune,Maharashtra,Tier 1,Hybrid,6,10,Lead / Principal (10+ yrs),13.2,22.9,18.05,2025-11-17,10,Naukri.com
JOB-103235,Senior Data Analyst,Data Analyst,EY,Consulting,Pune,Maharashtra,Tier 1,On-Site,6,9,Senior (6-9 yrs),11.2,19.5,15.35,2025-09-13,9,Indeed
JOB-103236,Senior Data Analyst,Data Analyst,Tiger Analytics,Pureplay Analytics,Bengaluru,Karnataka,Tier 1,Hybrid,2,5,Mid-Level (3-5 yrs),4.0,7.6,5.8,2025-12-12,9,Naukri.com
JOB-103237,Financial Data Analyst,Data Analyst,Tata Consultancy Services,IT Services,Mumbai,Maharashtra,Tier 1,Remote,5,7,Senior (6-9 yrs),4.7,8.8,6.75,2025-10-16,11,LinkedIn
JOB-103238,PL/SQL Developer,SQL Developer,Capgemini,IT Services,Hyderabad,Telangana,Tier 1,On-Site,7,11,Lead / Principal (10+ yrs),9.1,15.8,12.45,2026-01-03,14,LinkedIn
JOB-103239,ETL Developer,Data Engineer,HCL Technologies,IT Services,Gurgaon,Haryana,Tier 1,Remote,0,1,Entry / Junior (0-2 yrs),2.5,5.1,3.8,2025-12-18,12,LinkedIn
JOB-103240,Senior Data Analyst,Data Analyst,Barclays,Banking,Bengaluru,Karnataka,Tier 1,Hybrid,5,7,Senior (6-9 yrs),,,,2026-02-19,9,LinkedIn
JOB-103241,Operations Analyst,Data Analyst,HCL Technologies,IT Services,Mumbai,Maharashtra,Tier 1,Remote,4,8,Senior (6-9 yrs),4.9,9.3,7.1,2025-10-26,9,Company Careers Portal
JOB-103242,Python Data Programmer,Python Developer,Paytm,Fintech,Bengaluru,Karnataka,Tier 1,On-Site,1,4,Mid-Level (3-5 yrs),4.3,8.2,6.25,2025-09-10,12,Naukri.com
JOB-103243,Analytics Engineer,Data Engineer,HCL Technologies,IT Services,Hyderabad,Telangana,Tier 1,On-Site,1,4,Mid-Level (3-5 yrs),3.9,7.4,5.65,2025-11-05,7,LinkedIn
JOB-103244,Senior Data Engineer,Data Engineer,Mu Sigma,Pureplay Analytics,Bengaluru,Karnataka,Tier 1,On-Site,1,4,Mid-Level (3-5 yrs),,,,2026-01-05,9,Naukri.com
JOB-103245,Analytics Engineer,Data Engineer,Fractal Analytics,Pureplay Analytics,Chennai,Tamil Nadu,Tier 1,Hybrid,2,4,Mid-Level (3-5 yrs),5.5,10.5,8.0,2025-10-11,9,LinkedIn
JOB-103246,Senior Data Engineer,Data Engineer,Morgan Stanley,Banking / Finance,Bengaluru,Karnataka,Tier 1,Hybrid,5,9,Senior (6-9 yrs),10.3,19.4,14.85,2025-12-01,9,Naukri.com
JOB-103247,Junior Data Analyst,Data Analyst,PwC,Consulting,Bengaluru,Karnataka,Tier 1,On-Site,3,7,Senior (6-9 yrs),6.5,12.2,9.35,2025-11-15,10,Naukri.com
JOB-103248,Power BI Developer,BI Analyst,Amazon,Product / Tech,Bengaluru,Karnataka,Tier 1,Hybrid,5,8,Senior (6-9 yrs),8.7,16.4,12.55,2026-02-20,11,Indeed
JOB-103249,Lead Data Analyst,Data Analyst,Paytm,Fintech,Hyderabad,Telangana,Tier 1,Hybrid,10,15,Lead / Principal (10+ yrs),18.0,31.5,24.75,2025-12-09,8,Naukri.com
JOB-103250,BI & Analytics Specialist,BI Analyst,Uber,Tech,Bengaluru,Karnataka,Tier 1,Hybrid,5,8,Senior (6-9 yrs),8.3,15.6,11.95,2025-11-11,11,Naukri.com
JOB-103251,BI Developer,BI Analyst,HCL Technologies,IT Services,Hyderabad,Telangana,Tier 1,On-Site,3,6,Senior (6-9 yrs),,,,2025-11-29,10,LinkedIn
JOB-103252,BI Developer,BI Analyst,Morgan Stanley,Banking / Finance,Pune,Maharashtra,Tier 1,On-Site,5,9,Senior (6-9 yrs),8.3,15.6,11.95,2025-11-26,7,LinkedIn
JOB-103253,Operations Analyst,Data Analyst,Goldman Sachs,Banking / Finance,Bengaluru,Karnataka,Tier 1,Hybrid,9,14,Lead / Principal (10+ yrs),22.1,38.6,30.35,2026-01-07,9,LinkedIn
JOB-103254,Power BI Developer,BI Analyst,Infosys,IT Services,Mumbai,Maharashtra,Tier 1,On-Site,4,6,Senior (6-9 yrs),5.3,10.0,7.65,2026-02-07,10,Naukri.com
JOB-103255,Operations Analyst,Data Analyst,Accenture,Consulting / IT,Pune,Maharashtra,Tier 1,Hybrid,0,1,Entry / Junior (0-2 yrs),2.3,4.7,3.5,2025-10-18,13,LinkedIn
JOB-103256,PL/SQL Developer,SQL Developer,Infosys,IT Services,Bengaluru,Karnataka,Tier 1,Remote,1,3,Mid-Level (3-5 yrs),2.8,5.4,4.1,2025-12-05,9,Indeed
JOB-103257,Senior Data Engineer,Data Engineer,Uber,Tech,Hyderabad,Telangana,Tier 1,Hybrid,5,8,Senior (6-9 yrs),18.2,31.6,24.9,2026-02-11,11,Indeed
JOB-103258,Power BI Developer,BI Analyst,Standard Chartered,Banking,Bengaluru,Karnataka,Tier 1,On-Site,5,9,Senior (6-9 yrs),,,,2025-11-09,9,LinkedIn
JOB-103259,Senior BI Consultant,BI Analyst,Uber,Tech,Pune,Maharashtra,Tier 1,On-Site,9,13,Lead / Principal (10+ yrs),,,,2026-01-21,9,Indeed
JOB-103260,Power BI Developer,BI Analyst,Paytm,Fintech,Gurgaon,Haryana,Tier 1,On-Site,2,4,Mid-Level (3-5 yrs),,,,2025-10-01,13,LinkedIn
JOB-103261,Database Developer (SQL),SQL Developer,Amazon,Product / Tech,Chennai,Tamil Nadu,Tier 1,Remote,3,7,Senior (6-9 yrs),7.9,14.9,11.4,2025-10-19,10,LinkedIn
JOB-103262,Python Data Programmer,Python Developer,Morgan Stanley,Banking / Finance,Bengaluru,Karnataka,Tier 1,Hybrid,5,9,Senior (6-9 yrs),15.5,26.9,21.2,2026-01-23,10,Naukri.com
JOB-103263,SQL Developer,SQL Developer,Tata Consultancy Services,IT Services,Mumbai,Maharashtra,Tier 1,Hybrid,4,8,Senior (6-9 yrs),4.6,8.6,6.6,2026-02-02,9,LinkedIn
JOB-103264,ETL Developer,Data Engineer,JPMorgan Chase,Banking / Finance,Gurgaon,Haryana,Tier 1,On-Site,5,9,Senior (6-9 yrs),,,,2026-01-25,11,LinkedIn
JOB-103265,Business Intelligence Analyst,BI Analyst,ICICI Bank,Banking,Pune,Maharashtra,Tier 1,Hybrid,4,6,Senior (6-9 yrs),6.0,11.2,8.6,2025-09-04,11,LinkedIn
JOB-103266,Operations Analyst,Data Analyst,HCL Technologies,IT Services,Mumbai,Maharashtra,Tier 1,On-Site,2,4,Mid-Level (3-5 yrs),2.9,5.5,4.2,2025-11-05,10,LinkedIn
JOB-103267,Analytics Engineer,Data Engineer,Razorpay,Fintech,Hyderabad,Telangana,Tier 1,Remote,0,2,Entry / Junior (0-2 yrs),3.7,7.5,5.6,2025-12-08,13,Naukri.com
JOB-103268,Junior Python Engineer,Python Developer,Deloitte,Consulting,Bengaluru,Karnataka,Tier 1,On-Site,5,9,Senior (6-9 yrs),13.5,23.3,18.4,2025-09-06,10,LinkedIn
JOB-103269,Database Developer (SQL),SQL Developer,HCL Technologies,IT Services,Hyderabad,Telangana,Tier 1,On-Site,1,4,Mid-Level (3-5 yrs),,,,2025-12-04,10,Indeed
JOB-103270,ETL Developer,Data Engineer,CRED,Fintech,Mumbai,Maharashtra,Tier 1,Hybrid,0,2,Entry / Junior (0-2 yrs),3.8,7.7,5.75,2025-10-30,13,LinkedIn
JOB-103271,Database Developer (SQL),SQL Developer,LTIMindtree,IT Services,Pune,Maharashtra,Tier 1,Hybrid,1,3,Mid-Level (3-5 yrs),3.0,5.8,4.4,2026-01-05,10,Indeed
JOB-103272,Senior Python Developer,Python Developer,JPMorgan Chase,Banking / Finance,Bengaluru,Karnataka,Tier 1,On-Site,5,9,Senior (6-9 yrs),8.6,16.2,12.4,2025-09-18,10,Naukri.com
JOB-103273,Senior Data Engineer,Data Engineer,Fractal Analytics,Pureplay Analytics,Bengaluru,Karnataka,Tier 1,On-Site,3,7,Senior (6-9 yrs),9.4,17.7,13.55,2025-10-08,11,LinkedIn
JOB-103274,Senior Data Analyst,Data Analyst,KPMG,Consulting,Bengaluru,Karnataka,Tier 1,Remote,1,3,Mid-Level (3-5 yrs),3.8,7.1,5.45,2025-11-28,11,Naukri.com
JOB-103275,Power BI Developer,BI Analyst,Cognizant,IT Services,Bengaluru,Karnataka,Tier 1,Hybrid,1,3,Mid-Level (3-5 yrs),,,,2026-02-22,10,LinkedIn
JOB-103276,Junior Python Engineer,Python Developer,Mu Sigma,Pureplay Analytics,Hyderabad,Telangana,Tier 1,On-Site,4,8,Senior (6-9 yrs),,,,2025-09-19,10,LinkedIn
JOB-103277,Lead Data Analyst,Data Analyst,Swiggy,Tech / Consumer,Hyderabad,Telangana,Tier 1,Hybrid,1,4,Mid-Level (3-5 yrs),4.1,7.8,5.95,2025-12-14,9,LinkedIn
JOB-103278,Senior Data Analyst,Data Analyst,Barclays,Banking,Bengaluru,Karnataka,Tier 1,On-Site,0,1,Entry / Junior (0-2 yrs),2.6,5.2,3.9,2026-01-20,7,Naukri.com
JOB-103279,Data Engineer,Data Engineer,Microsoft,Product / Tech,Bengaluru,Karnataka,Tier 1,Hybrid,4,6,Senior (6-9 yrs),11.0,20.7,15.85,2025-12-11,10,LinkedIn
JOB-103280,Senior T-SQL Developer,SQL Developer,Accenture,Consulting / IT,Chennai,Tamil Nadu,Tier 1,Remote,3,7,Senior (6-9 yrs),6.0,11.3,8.65,2025-09-03,13,LinkedIn
JOB-103281,Data Engineer,Data Engineer,ICICI Bank,Banking,Bengaluru,Karnataka,Tier 1,Hybrid,0,1,Entry / Junior (0-2 yrs),2.8,5.7,4.25,2026-02-05,10,LinkedIn
JOB-103282,Database Administrator & SQL Dev,SQL Developer,Standard Chartered,Banking,Noida,Uttar Pradesh,Tier 1,Hybrid,4,7,Senior (6-9 yrs),6.2,11.8,9.0,2025-09-03,12,LinkedIn
JOB-103283,Business Intelligence Analyst,BI Analyst,McKinsey & Company,Strategy Consulting,Gurgaon,Haryana,Tier 1,Hybrid,5,8,Senior (6-9 yrs),8.7,16.4,12.55,2026-02-13,11,LinkedIn
JOB-103284,Operations Analyst,Data Analyst,Mu Sigma,Pureplay Analytics,Hyderabad,Telangana,Tier 1,Hybrid,0,2,Entry / Junior (0-2 yrs),2.1,4.2,3.15,2025-09-07,10,LinkedIn
JOB-103285,BI & Analytics Specialist,BI Analyst,ICICI Bank,Banking,Gurgaon,Haryana,Tier 1,Hybrid,2,5,Mid-Level (3-5 yrs),3.5,6.7,5.1,2025-10-11,7,LinkedIn
JOB-103286,Senior Python Developer,Python Developer,Uber,Tech,Bengaluru,Karnataka,Tier 1,On-Site,4,6,Senior (6-9 yrs),8.8,16.6,12.7,2025-12-01,11,LinkedIn
JOB-103287,PL/SQL Developer,SQL Developer,Morgan Stanley,Banking / Finance,Gurgaon,Haryana,Tier 1,Hybrid,6,10,Lead / Principal (10+ yrs),,,,2025-12-06,13,LinkedIn
JOB-103288,ETL Developer,Data Engineer,KPMG,Consulting,Pune,Maharashtra,Tier 1,On-Site,0,2,Entry / Junior (0-2 yrs),,,,2026-01-22,9,Naukri.com
JOB-103289,Junior Python Engineer,Python Developer,HSBC,Banking,Hyderabad,Telangana,Tier 1,On-Site,5,8,Senior (6-9 yrs),13.5,23.3,18.4,2025-12-12,10,Naukri.com
JOB-103290,Senior Data Analyst,Data Analyst,HSBC,Banking,Bengaluru,Karnataka,Tier 1,Hybrid,2,4,Mid-Level (3-5 yrs),,,,2026-01-12,10,Naukri.com
JOB-103291,Junior Data Analyst,Data Analyst,Meesho,E-Commerce,Bengaluru,Karnataka,Tier 1,Remote,2,4,Mid-Level (3-5 yrs),,,,2026-01-07,14,LinkedIn
JOB-103292,PL/SQL Developer,SQL Developer,Flipkart,E-Commerce,Mumbai,Maharashtra,Tier 1,Hybrid,2,5,Mid-Level (3-5 yrs),4.3,8.2,6.25,2026-02-27,12,Indeed
JOB-103293,Python Data Programmer,Python Developer,KPMG,Consulting,Bengaluru,Karnataka,Tier 1,Hybrid,5,9,Senior (6-9 yrs),12.9,22.4,17.65,2025-10-08,9,LinkedIn
JOB-103294,Python Data Programmer,Python Developer,Infosys,IT Services,Noida,Uttar Pradesh,Tier 1,Hybrid,5,8,Senior (6-9 yrs),5.7,10.7,8.2,2025-10-01,11,LinkedIn
JOB-103295,Python Data Programmer,Python Developer,Standard Chartered,Banking,Bengaluru,Karnataka,Tier 1,Hybrid,3,6,Senior (6-9 yrs),7.3,13.8,10.55,2025-12-06,9,LinkedIn
JOB-103296,Senior Data Analyst,Data Analyst,Swiggy,Tech / Consumer,Bengaluru,Karnataka,Tier 1,On-Site,3,5,Mid-Level (3-5 yrs),7.0,13.1,10.05,2025-10-11,9,LinkedIn
JOB-103297,PL/SQL Developer,SQL Developer,Google,Product / Tech,Bengaluru,Karnataka,Tier 1,On-Site,5,8,Senior (6-9 yrs),8.2,15.4,11.8,2025-10-18,9,LinkedIn
JOB-103298,ETL Developer,Data Engineer,CRED,Fintech,Chennai,Tamil Nadu,Tier 1,On-Site,1,3,Mid-Level (3-5 yrs),5.9,11.3,8.6,2025-09-14,10,Naukri.com
JOB-103299,Financial Data Analyst,Data Analyst,Deloitte,Consulting,Gurgaon,Haryana,Tier 1,On-Site,3,6,Senior (6-9 yrs),6.6,12.5,9.55,2025-11-27,10,Naukri.com
JOB-103300,Python Backend & Analytics Engineer,Python Developer,Deloitte,Consulting,Pune,Maharashtra,Tier 1,Hybrid,5,9,Senior (6-9 yrs),13.5,23.3,18.4,2026-02-05,12,LinkedIn
JOB-103301,Healthcare Data Analyst,Data Analyst,Amazon,Product / Tech,Mumbai,Maharashtra,Tier 1,On-Site,0,1,Entry / Junior (0-2 yrs),3.0,6.2,4.6,2025-12-09,13,LinkedIn
JOB-103302,PL/SQL Developer,SQL Developer,Swiggy,Tech / Consumer,Hyderabad,Telangana,Tier 1,Hybrid,2,4,Mid-Level (3-5 yrs),4.0,7.6,5.8,2026-01-15,8,LinkedIn
JOB-103303,Senior BI Consultant,BI Analyst,PwC,Consulting,Chennai,Tamil Nadu,Tier 1,Hybrid,0,1,Entry / Junior (0-2 yrs),,,,2025-10-31,8,Company Careers Portal
JOB-103304,Business Intelligence Analyst,BI Analyst,Standard Chartered,Banking,Bengaluru,Karnataka,Tier 1,Remote,2,5,Mid-Level (3-5 yrs),4.1,7.7,5.9,2026-01-17,10,LinkedIn
JOB-103305,Senior BI Consultant,BI Analyst,Goldman Sachs,Banking / Finance,Gurgaon,Haryana,Tier 1,On-Site,3,5,Mid-Level (3-5 yrs),8.4,15.9,12.15,2026-01-02,13,LinkedIn
JOB-103306,Senior BI Consultant,BI Analyst,Paytm,Fintech,Hyderabad,Telangana,Tier 1,Hybrid,2,5,Mid-Level (3-5 yrs),4.1,7.7,5.9,2025-09-24,9,LinkedIn
JOB-103307,Operations Analyst,Data Analyst,Tiger Analytics,Pureplay Analytics,Bengaluru,Karnataka,Tier 1,Hybrid,5,8,Senior (6-9 yrs),6.8,12.8,9.8,2025-10-08,7,LinkedIn
JOB-103308,Database Developer (SQL),SQL Developer,Amazon,Product / Tech,Bengaluru,Karnataka,Tier 1,On-Site,2,4,Mid-Level (3-5 yrs),,,,2026-02-20,11,LinkedIn
JOB-103309,Senior Data Analyst,Data Analyst,Amazon,Product / Tech,Chennai,Tamil Nadu,Tier 1,On-Site,0,2,Entry / Junior (0-2 yrs),3.0,6.2,4.6,2025-12-01,10,LinkedIn
JOB-103310,Senior Python Developer,Python Developer,Tata Consultancy Services,IT Services,Hyderabad,Telangana,Tier 1,On-Site,4,7,Senior (6-9 yrs),5.4,10.1,7.75,2025-12-31,11,Indeed
JOB-103311,Lead Data Analyst,Data Analyst,McKinsey & Company,Strategy Consulting,Bengaluru,Karnataka,Tier 1,On-Site,2,5,Mid-Level (3-5 yrs),,,,2025-10-14,9,Naukri.com
JOB-103312,Senior Data Analyst,Data Analyst,Standard Chartered,Banking,Pune,Maharashtra,Tier 1,On-Site,4,8,Senior (6-9 yrs),6.4,12.0,9.2,2025-09-15,12,Naukri.com
JOB-103313,Tableau Developer,BI Analyst,Microsoft,Product / Tech,Hyderabad,Telangana,Tier 1,Hybrid,1,4,Mid-Level (3-5 yrs),,,,2025-10-20,10,LinkedIn
JOB-103314,BI & Analytics Specialist,BI Analyst,Paytm,Fintech,Mumbai,Maharashtra,Tier 1,Hybrid,3,5,Mid-Level (3-5 yrs),6.9,13.0,9.95,2026-02-22,8,Naukri.com
JOB-103315,Reporting Analyst,BI Analyst,Uber,Tech,Bengaluru,Karnataka,Tier 1,On-Site,5,7,Senior (6-9 yrs),,,,2025-12-30,12,Company Careers Portal
JOB-103316,Data Analyst,Data Analyst,Infosys,IT Services,Bengaluru,Karnataka,Tier 1,Hybrid,1,3,Mid-Level (3-5 yrs),2.9,5.5,4.2,2025-09-17,8,Company Careers Portal
JOB-103317,Junior Data Analyst,Data Analyst,Zomato,Tech / Consumer,Hyderabad,Telangana,Tier 1,On-Site,5,8,Senior (6-9 yrs),6.8,12.8,9.8,2025-09-05,9,Naukri.com
JOB-103318,BI Developer,BI Analyst,CRED,Fintech,Mumbai,Maharashtra,Tier 1,Remote,3,5,Mid-Level (3-5 yrs),8.1,15.2,11.65,2025-11-30,10,LinkedIn
JOB-103319,BI Developer,BI Analyst,Razorpay,Fintech,Noida,Uttar Pradesh,Tier 1,On-Site,1,4,Mid-Level (3-5 yrs),4.6,8.7,6.65,2026-02-17,11,Indeed
JOB-103320,Lead Data Analyst,Data Analyst,KPMG,Consulting,Bengaluru,Karnataka,Tier 1,On-Site,3,7,Senior (6-9 yrs),6.4,12.0,9.2,2026-01-05,10,Indeed
JOB-103321,BI & Analytics Specialist,BI Analyst,Mu Sigma,Pureplay Analytics,Bengaluru,Karnataka,Tier 1,Hybrid,9,13,Lead / Principal (10+ yrs),16.8,29.5,23.15,2026-02-21,12,LinkedIn
JOB-103322,PL/SQL Developer,SQL Developer,Wipro,IT Services,Hyderabad,Telangana,Tier 1,Hybrid,0,2,Entry / Junior (0-2 yrs),1.7,3.5,2.6,2025-12-26,7,LinkedIn
JOB-103323,BI & Analytics Specialist,BI Analyst,EY,Consulting,Bengaluru,Karnataka,Tier 1,Hybrid,6,9,Senior (6-9 yrs),12.2,21.1,16.65,2025-11-07,9,Indeed
JOB-103324,Lead Data Analyst,Data Analyst,Infosys,IT Services,Bengaluru,Karnataka,Tier 1,Hybrid,3,6,Senior (6-9 yrs),,,,2025-09-10,9,Naukri.com
JOB-103325,Junior Data Engineer,Data Engineer,Wipro,IT Services,Bengaluru,Karnataka,Tier 1,On-Site,1,4,Mid-Level (3-5 yrs),3.7,7.1,5.4,2026-02-15,10,Naukri.com
JOB-103326,Healthcare Data Analyst,Data Analyst,Accenture,Consulting / IT,Pune,Maharashtra,Tier 1,Hybrid,0,2,Entry / Junior (0-2 yrs),2.3,4.7,3.5,2025-11-15,11,LinkedIn
JOB-103327,Senior Data Engineer,Data Engineer,Zomato,Tech / Consumer,Pune,Maharashtra,Tier 1,Hybrid,2,4,Mid-Level (3-5 yrs),5.4,10.3,7.85,2025-12-12,9,LinkedIn
JOB-103328,Database Administrator & SQL Dev,SQL Developer,Google,Product / Tech,Mumbai,Maharashtra,Tier 1,Hybrid,0,2,Entry / Junior (0-2 yrs),3.1,6.2,4.65,2025-12-18,10,Indeed
JOB-103329,Healthcare Data Analyst,Data Analyst,Fractal Analytics,Pureplay Analytics,Bengaluru,Karnataka,Tier 1,On-Site,0,1,Entry / Junior (0-2 yrs),2.6,5.3,3.95,2025-11-02,10,Naukri.com
JOB-103330,Healthcare Data Analyst,Data Analyst,Google,Product / Tech,Hyderabad,Telangana,Tier 1,On-Site,0,1,Entry / Junior (0-2 yrs),3.1,6.4,4.75,2025-09-24,9,LinkedIn
JOB-103331,Business Intelligence Analyst,BI Analyst,Uber,Tech,Hyderabad,Telangana,Tier 1,On-Site,5,8,Senior (6-9 yrs),14.6,25.3,19.95,2026-01-30,10,Indeed
JOB-103332,Lead Data Analyst,Data Analyst,LTIMindtree,IT Services,Noida,Uttar Pradesh,Tier 1,Remote,2,5,Mid-Level (3-5 yrs),3.1,5.9,4.5,2026-02-16,9,Company Careers Portal
JOB-103333,Python Developer,Python Developer,HDFC Bank,Banking,Hyderabad,Telangana,Tier 1,Hybrid,6,10,Lead / Principal (10+ yrs),11.7,20.3,16.0,2025-11-29,8,Naukri.com
JOB-103334,Senior Python Developer,Python Developer,McKinsey & Company,Strategy Consulting,Pune,Maharashtra,Tier 1,Hybrid,2,4,Mid-Level (3-5 yrs),5.5,10.4,7.95,2025-10-13,10,LinkedIn
JOB-103335,Data Engineer,Data Engineer,HSBC,Banking,Bengaluru,Karnataka,Tier 1,On-Site,4,7,Senior (6-9 yrs),9.0,16.8,12.9,2025-12-27,9,Company Careers Portal
JOB-103336,Reporting Analyst,BI Analyst,Deloitte,Consulting,Pune,Maharashtra,Tier 1,On-Site,1,4,Mid-Level (3-5 yrs),4.2,8.0,6.1,2025-11-24,10,LinkedIn
JOB-103337,Data Analyst,Data Analyst,HSBC,Banking,Hyderabad,Telangana,Tier 1,Hybrid,3,5,Mid-Level (3-5 yrs),6.6,12.5,9.55,2025-11-11,9,LinkedIn
JOB-103338,Reporting Analyst,BI Analyst,Standard Chartered,Banking,Bengaluru,Karnataka,Tier 1,Hybrid,8,12,Lead / Principal (10+ yrs),19.4,34.0,26.7,2025-10-26,8,Naukri.com
JOB-103339,Senior Data Engineer,Data Engineer,Tiger Analytics,Pureplay Analytics,Chennai,Tamil Nadu,Tier 1,Remote,2,5,Mid-Level (3-5 yrs),5.4,10.3,7.85,2025-12-06,12,Naukri.com
JOB-103340,Power BI Developer,BI Analyst,Google,Product / Tech,Hyderabad,Telangana,Tier 1,On-Site,1,3,Mid-Level (3-5 yrs),5.3,10.1,7.7,2026-01-03,13,LinkedIn
JOB-103341,Junior Data Analyst,Data Analyst,Barclays,Banking,Hyderabad,Telangana,Tier 1,Hybrid,4,8,Senior (6-9 yrs),,,,2026-01-17,10,LinkedIn
JOB-103342,Database Administrator & SQL Dev,SQL Developer,ICICI Bank,Banking,Bengaluru,Karnataka,Tier 1,Hybrid,4,6,Senior (6-9 yrs),5.4,10.2,7.8,2026-01-10,11,Indeed
JOB-103343,Python Developer,Python Developer,Barclays,Banking,Hyderabad,Telangana,Tier 1,Hybrid,4,8,Senior (6-9 yrs),7.8,14.7,11.25,2026-02-25,7,LinkedIn
JOB-103344,Lead Data Analyst,Data Analyst,Zomato,Tech / Consumer,Gurgaon,Haryana,Tier 1,On-Site,10,14,Lead / Principal (10+ yrs),19.2,33.6,26.4,2025-12-29,8,LinkedIn
JOB-103345,PL/SQL Developer,SQL Developer,Google,Product / Tech,Hyderabad,Telangana,Tier 1,Remote,5,8,Senior (6-9 yrs),,,,2025-11-13,8,LinkedIn
JOB-103346,Business Intelligence Analyst,BI Analyst,Cognizant,IT Services,Pune,Maharashtra,Tier 1,On-Site,7,11,Lead / Principal (10+ yrs),,,,2026-02-03,9,LinkedIn
JOB-103347,Senior Data Analyst,Data Analyst,Wipro,IT Services,Hyderabad,Telangana,Tier 1,On-Site,0,2,Entry / Junior (0-2 yrs),1.8,3.6,2.7,2025-09-03,10,LinkedIn
JOB-103348,Senior Data Analyst,Data Analyst,Google,Product / Tech,Bengaluru,Karnataka,Tier 1,On-Site,5,7,Senior (6-9 yrs),8.3,15.7,12.0,2025-09-20,11,Indeed
JOB-103349,Business Intelligence Analyst,BI Analyst,Tata Consultancy Services,IT Services,Pune,Maharashtra,Tier 1,Hybrid,1,4,Mid-Level (3-5 yrs),,,,2026-01-08,10,Indeed
JOB-103350,Python Backend & Analytics Engineer,Python Developer,HCL Technologies,IT Services,Bengaluru,Karnataka,Tier 1,Hybrid,3,7,Senior (6-9 yrs),5.7,10.7,8.2,2025-10-29,9,Naukri.com
JOB-103351,Marketing Data Analyst,Data Analyst,Swiggy,Tech / Consumer,Bengaluru,Karnataka,Tier 1,Hybrid,2,5,Mid-Level (3-5 yrs),4.1,7.8,5.95,2025-09-20,11,Indeed
JOB-103352,Big Data Engineer,Data Engineer,Flipkart,E-Commerce,Bengaluru,Karnataka,Tier 1,Hybrid,4,7,Senior (6-9 yrs),10.1,19.0,14.55,2026-01-19,7,LinkedIn
JOB-103353,Operations Analyst,Data Analyst,Tiger Analytics,Pureplay Analytics,Bengaluru,Karnataka,Tier 1,Hybrid,5,8,Senior (6-9 yrs),6.8,12.8,9.8,2025-11-13,11,Naukri.com
JOB-103354,Business Intelligence Analyst,BI Analyst,Morgan Stanley,Banking / Finance,Bengaluru,Karnataka,Tier 1,Hybrid,0,1,Entry / Junior (0-2 yrs),3.1,6.3,4.7,2025-12-22,11,LinkedIn
JOB-103355,Marketing Data Analyst,Data Analyst,JPMorgan Chase,Banking / Finance,Gurgaon,Haryana,Tier 1,Hybrid,0,1,Entry / Junior (0-2 yrs),,,,2025-12-10,10,Naukri.com
JOB-103356,Junior Python Engineer,Python Developer,EY,Consulting,Pune,Maharashtra,Tier 1,On-Site,1,4,Mid-Level (3-5 yrs),4.3,8.2,6.25,2025-09-24,10,LinkedIn
JOB-103357,Analytics Engineer,Data Engineer,Standard Chartered,Banking,Bengaluru,Karnataka,Tier 1,Hybrid,4,7,Senior (6-9 yrs),,,,2026-01-12,11,Naukri.com
JOB-103358,Data Analyst,Data Analyst,Tiger Analytics,Pureplay Analytics,Bengaluru,Karnataka,Tier 1,Hybrid,5,7,Senior (6-9 yrs),6.8,12.8,9.8,2026-01-16,11,Naukri.com
JOB-103359,Senior T-SQL Developer,SQL Developer,Goldman Sachs,Banking / Finance,Noida,Uttar Pradesh,Tier 1,On-Site,4,8,Senior (6-9 yrs),7.7,14.4,11.05,2026-02-25,10,LinkedIn
JOB-103360,Business Intelligence Analyst,BI Analyst,Swiggy,Tech / Consumer,Pune,Maharashtra,Tier 1,Hybrid,3,7,Senior (6-9 yrs),7.5,14.2,10.85,2026-02-24,10,LinkedIn
JOB-103361,Senior Data Engineer,Data Engineer,Flipkart,E-Commerce,Bengaluru,Karnataka,Tier 1,Hybrid,2,4,Mid-Level (3-5 yrs),5.9,11.3,8.6,2026-01-05,13,Indeed
JOB-103362,Reporting Analyst,BI Analyst,Wipro,IT Services,Pune,Maharashtra,Tier 1,On-Site,6,9,Senior (6-9 yrs),8.9,15.4,12.15,2025-11-07,9,Indeed
JOB-103363,Data Analyst,Data Analyst,Razorpay,Fintech,Bengaluru,Karnataka,Tier 1,Hybrid,9,13,Lead / Principal (10+ yrs),20.4,35.7,28.05,2026-02-03,11,Indeed
JOB-103364,Database Developer (SQL),SQL Developer,Cognizant,IT Services,Mumbai,Maharashtra,Tier 1,On-Site,6,9,Senior (6-9 yrs),,,,2025-11-28,8,Company Careers Portal
JOB-103365,Business Intelligence Analyst,BI Analyst,HDFC Bank,Banking,Mumbai,Maharashtra,Tier 1,Remote,5,8,Senior (6-9 yrs),11.0,19.1,15.05,2025-10-21,11,LinkedIn
JOB-103366,Database Administrator & SQL Dev,SQL Developer,Morgan Stanley,Banking / Finance,Bengaluru,Karnataka,Tier 1,On-Site,1,4,Mid-Level (3-5 yrs),,,,2025-11-22,9,LinkedIn
JOB-103367,Big Data Engineer,Data Engineer,Tata Consultancy Services,IT Services,Hyderabad,Telangana,Tier 1,Hybrid,4,7,Senior (6-9 yrs),6.3,11.9,9.1,2026-01-15,12,LinkedIn
JOB-103368,Lead Data Analyst,Data Analyst,Amazon,Product / Tech,Bengaluru,Karnataka,Tier 1,On-Site,2,5,Mid-Level (3-5 yrs),4.8,9.0,6.9,2025-11-24,9,LinkedIn
JOB-103369,Marketing Data Analyst,Data Analyst,McKinsey & Company,Strategy Consulting,Mumbai,Maharashtra,Tier 1,Hybrid,1,4,Mid-Level (3-5 yrs),,,,2025-10-05,11,Naukri.com
JOB-103370,Senior T-SQL Developer,SQL Developer,Morgan Stanley,Banking / Finance,Pune,Maharashtra,Tier 1,On-Site,5,7,Senior (6-9 yrs),7.5,14.1,10.8,2026-01-07,11,Indeed
JOB-103371,BI & Analytics Specialist,BI Analyst,Standard Chartered,Banking,Bengaluru,Karnataka,Tier 1,On-Site,1,3,Mid-Level (3-5 yrs),4.1,7.7,5.9,2025-11-08,12,Naukri.com
JOB-103372,Big Data Engineer,Data Engineer,HCL Technologies,IT Services,Gurgaon,Haryana,Tier 1,On-Site,4,6,Senior (6-9 yrs),,,,2025-10-25,10,LinkedIn
JOB-103373,Big Data Engineer,Data Engineer,Cognizant,IT Services,Gurgaon,Haryana,Tier 1,Hybrid,5,7,Senior (6-9 yrs),6.9,13.0,9.95,2025-12-14,11,Naukri.com
JOB-103374,Database Developer (SQL),SQL Developer,Meesho,E-Commerce,Bengaluru,Karnataka,Tier 1,Remote,2,4,Mid-Level (3-5 yrs),3.9,7.4,5.65,2025-11-29,12,LinkedIn
JOB-103375,Big Data Engineer,Data Engineer,ICICI Bank,Banking,Bengaluru,Karnataka,Tier 1,Remote,4,6,Senior (6-9 yrs),7.5,14.0,10.75,2025-10-09,11,Naukri.com
JOB-103376,Junior Data Analyst,Data Analyst,Google,Product / Tech,Chennai,Tamil Nadu,Tier 1,Hybrid,1,4,Mid-Level (3-5 yrs),4.9,9.3,7.1,2025-12-27,10,Naukri.com
JOB-103377,Lead Data Analyst,Data Analyst,Google,Product / Tech,Bengaluru,Karnataka,Tier 1,On-Site,10,14,Lead / Principal (10+ yrs),23.5,41.2,32.35,2025-10-09,8,Naukri.com
JOB-103378,BI & Analytics Specialist,BI Analyst,HCL Technologies,IT Services,Hyderabad,Telangana,Tier 1,On-Site,4,7,Senior (6-9 yrs),5.3,10.0,7.65,2025-10-06,8,Indeed
JOB-103379,Power BI Developer,BI Analyst,HSBC,Banking,Bengaluru,Karnataka,Tier 1,Hybrid,2,4,Mid-Level (3-5 yrs),,,,2025-11-06,10,Indeed
JOB-103380,Python Developer,Python Developer,PhonePe,Fintech,Pune,Maharashtra,Tier 1,On-Site,4,8,Senior (6-9 yrs),8.4,15.8,12.1,2025-12-06,9,Naukri.com
JOB-103381,Analytics Engineer,Data Engineer,KPMG,Consulting,Mumbai,Maharashtra,Tier 1,Remote,4,7,Senior (6-9 yrs),8.6,16.2,12.4,2026-02-18,11,LinkedIn
JOB-103382,Senior Python Developer,Python Developer,HDFC Bank,Banking,Hyderabad,Telangana,Tier 1,Remote,3,6,Senior (6-9 yrs),6.6,12.5,9.55,2025-09-04,9,LinkedIn
JOB-103383,Lead Data Analyst,Data Analyst,Flipkart,E-Commerce,Gurgaon,Haryana,Tier 1,On-Site,2,4,Mid-Level (3-5 yrs),,,,2025-10-28,10,Indeed
JOB-103384,Senior T-SQL Developer,SQL Developer,Standard Chartered,Banking,Bengaluru,Karnataka,Tier 1,Hybrid,0,2,Entry / Junior (0-2 yrs),2.4,4.8,3.6,2025-09-25,10,Naukri.com
JOB-103385,Big Data Engineer,Data Engineer,Microsoft,Product / Tech,Noida,Uttar Pradesh,Tier 1,On-Site,5,9,Senior (6-9 yrs),11.0,20.7,15.85,2025-10-14,10,LinkedIn
JOB-103386,Tableau Developer,BI Analyst,ICICI Bank,Banking,Mumbai,Maharashtra,Tier 1,On-Site,4,8,Senior (6-9 yrs),6.0,11.2,8.6,2025-10-28,10,LinkedIn
JOB-103387,Database Administrator & SQL Dev,SQL Developer,Barclays,Banking,Bengaluru,Karnataka,Tier 1,On-Site,5,8,Senior (6-9 yrs),,,,2025-09-03,13,Naukri.com
JOB-103388,SQL Developer,SQL Developer,Tiger Analytics,Pureplay Analytics,Hyderabad,Telangana,Tier 1,On-Site,1,4,Mid-Level (3-5 yrs),3.9,7.4,5.65,2025-10-15,10,LinkedIn
JOB-103389,Senior Python Developer,Python Developer,Flipkart,E-Commerce,Gurgaon,Haryana,Tier 1,Hybrid,6,10,Lead / Principal (10+ yrs),15.2,26.3,20.75,2026-01-20,12,Indeed
JOB-103390,Senior BI Consultant,BI Analyst,Microsoft,Product / Tech,Chennai,Tamil Nadu,Tier 1,Hybrid,10,15,Lead / Principal (10+ yrs),,,,2025-09-22,11,Naukri.com
JOB-103391,Big Data Engineer,Data Engineer,Mu Sigma,Pureplay Analytics,Bengaluru,Karnataka,Tier 1,Hybrid,10,14,Lead / Principal (10+ yrs),21.1,36.9,29.0,2025-12-16,7,Company Careers Portal
JOB-103392,Healthcare Data Analyst,Data Analyst,Infosys,IT Services,Hyderabad,Telangana,Tier 1,On-Site,1,4,Mid-Level (3-5 yrs),,,,2025-09-28,11,LinkedIn
JOB-103393,Data Engineer,Data Engineer,EY,Consulting,Chennai,Tamil Nadu,Tier 1,On-Site,2,4,Mid-Level (3-5 yrs),,,,2025-12-18,11,LinkedIn
JOB-103394,Junior Data Analyst,Data Analyst,Capgemini,IT Services,Gurgaon,Haryana,Tier 1,On-Site,4,6,Senior (6-9 yrs),5.3,9.9,7.6,2026-02-25,9,Naukri.com
JOB-103395,Python Developer,Python Developer,EY,Consulting,Bengaluru,Karnataka,Tier 1,On-Site,0,1,Entry / Junior (0-2 yrs),2.8,5.6,4.2,2025-09-07,10,Indeed
JOB-103396,Junior Data Analyst,Data Analyst,Mu Sigma,Pureplay Analytics,Bengaluru,Karnataka,Tier 1,On-Site,0,2,Entry / Junior (0-2 yrs),2.1,4.2,3.15,2025-12-25,10,LinkedIn
JOB-103397,Senior T-SQL Developer,SQL Developer,JPMorgan Chase,Banking / Finance,Bengaluru,Karnataka,Tier 1,On-Site,3,7,Senior (6-9 yrs),7.3,13.8,10.55,2026-02-14,10,LinkedIn
JOB-103398,ETL Developer,Data Engineer,Paytm,Fintech,Hyderabad,Telangana,Tier 1,On-Site,5,9,Senior (6-9 yrs),15.2,26.3,20.75,2026-01-30,11,Naukri.com
JOB-103399,Data Analyst,Data Analyst,Goldman Sachs,Banking / Finance,Hyderabad,Telangana,Tier 1,Hybrid,3,5,Mid-Level (3-5 yrs),7.8,14.7,11.25,2025-11-05,12,Naukri.com
JOB-103400,ETL Developer,Data Engineer,CRED,Fintech,Bengaluru,Karnataka,Tier 1,Hybrid,0,1,Entry / Junior (0-2 yrs),3.8,7.7,5.75,2025-12-23,8,LinkedIn
JOB-103401,Reporting Analyst,BI Analyst,Amazon,Product / Tech,Bengaluru,Karnataka,Tier 1,On-Site,6,9,Senior (6-9 yrs),15.4,26.7,21.05,2026-01-04,10,LinkedIn
JOB-103402,Senior Data Analyst,Data Analyst,ICICI Bank,Banking,Bengaluru,Karnataka,Tier 1,On-Site,4,6,Senior (6-9 yrs),5.5,10.4,7.95,2025-12-26,9,Naukri.com
JOB-103403,Cloud Data Engineer,Data Engineer,Meesho,E-Commerce,Bengaluru,Karnataka,Tier 1,Hybrid,2,5,Mid-Level (3-5 yrs),5.4,10.3,7.85,2025-10-03,8,Naukri.com
JOB-103404,Senior Data Engineer,Data Engineer,Uber,Tech,Chennai,Tamil Nadu,Tier 1,Hybrid,0,1,Entry / Junior (0-2 yrs),3.9,7.9,5.9,2026-01-12,9,LinkedIn
JOB-103405,Marketing Data Analyst,Data Analyst,JPMorgan Chase,Banking / Finance,Noida,Uttar Pradesh,Tier 1,Remote,5,8,Senior (6-9 yrs),7.5,14.1,10.8,2026-01-14,10,Company Careers Portal
JOB-103406,Marketing Data Analyst,Data Analyst,KPMG,Consulting,Gurgaon,Haryana,Tier 1,Hybrid,1,4,Mid-Level (3-5 yrs),3.8,7.1,5.45,2025-11-29,10,LinkedIn
JOB-103407,Senior Data Engineer,Data Engineer,HCL Technologies,IT Services,Hyderabad,Telangana,Tier 1,Hybrid,0,1,Entry / Junior (0-2 yrs),2.5,5.1,3.8,2026-01-10,11,LinkedIn
JOB-103408,Database Administrator & SQL Dev,SQL Developer,Amazon,Product / Tech,Pune,Maharashtra,Tier 1,On-Site,5,7,Senior (6-9 yrs),7.9,14.9,11.4,2026-01-16,11,Company Careers Portal
JOB-103409,Data Engineer,Data Engineer,HDFC Bank,Banking,Bengaluru,Karnataka,Tier 1,On-Site,1,3,Mid-Level (3-5 yrs),,,,2025-11-26,10,LinkedIn
JOB-103410,Cloud Data Engineer,Data Engineer,JPMorgan Chase,Banking / Finance,Hyderabad,Telangana,Tier 1,Hybrid,0,1,Entry / Junior (0-2 yrs),3.8,7.7,5.75,2026-02-25,10,LinkedIn
JOB-103411,Python Developer,Python Developer,Morgan Stanley,Banking / Finance,Pune,Maharashtra,Tier 1,Hybrid,3,5,Mid-Level (3-5 yrs),8.8,16.6,12.7,2025-09-04,10,Naukri.com
JOB-103412,Senior BI Consultant,BI Analyst,JPMorgan Chase,Banking / Finance,Bengaluru,Karnataka,Tier 1,Hybrid,1,4,Mid-Level (3-5 yrs),,,,2025-09-08,12,Naukri.com
JOB-103413,Junior Data Engineer,Data Engineer,Barclays,Banking,Hyderabad,Telangana,Tier 1,Hybrid,0,1,Entry / Junior (0-2 yrs),3.5,7.0,5.25,2025-10-20,10,Indeed
JOB-103414,Big Data Engineer,Data Engineer,Flipkart,E-Commerce,Bengaluru,Karnataka,Tier 1,Hybrid,5,8,Senior (6-9 yrs),10.1,19.0,14.55,2025-09-30,8,Indeed
JOB-103415,Power BI Developer,BI Analyst,Paytm,Fintech,Bengaluru,Karnataka,Tier 1,On-Site,3,6,Senior (6-9 yrs),,,,2025-11-16,10,Indeed
JOB-103416,BI & Analytics Specialist,BI Analyst,EY,Consulting,Pune,Maharashtra,Tier 1,Hybrid,1,4,Mid-Level (3-5 yrs),,,,2025-09-06,10,LinkedIn
JOB-103417,Senior T-SQL Developer,SQL Developer,Swiggy,Tech / Consumer,Chennai,Tamil Nadu,Tier 1,Hybrid,0,1,Entry / Junior (0-2 yrs),2.6,5.2,3.9,2026-01-16,10,LinkedIn
JOB-103418,PL/SQL Developer,SQL Developer,Tata Consultancy Services,IT Services,Hyderabad,Telangana,Tier 1,Hybrid,5,8,Senior (6-9 yrs),4.6,8.6,6.6,2026-02-28,12,Indeed
JOB-103419,Reporting Analyst,BI Analyst,Google,Product / Tech,Bengaluru,Karnataka,Tier 1,Remote,0,1,Entry / Junior (0-2 yrs),3.4,6.9,5.15,2025-11-14,11,Company Careers Portal
JOB-103420,Data Analyst,Data Analyst,CRED,Fintech,Hyderabad,Telangana,Tier 1,On-Site,5,7,Senior (6-9 yrs),7.5,14.1,10.8,2026-02-28,9,LinkedIn
JOB-103421,Financial Data Analyst,Data Analyst,Mu Sigma,Pureplay Analytics,Hyderabad,Telangana,Tier 1,On-Site,5,8,Senior (6-9 yrs),9.8,16.9,13.35,2025-10-15,9,Naukri.com
JOB-103422,Lead Data Analyst,Data Analyst,Accenture,Consulting / IT,Gurgaon,Haryana,Tier 1,Hybrid,2,4,Mid-Level (3-5 yrs),3.6,6.8,5.2,2025-10-22,7,LinkedIn
JOB-103423,Power BI Developer,BI Analyst,Razorpay,Fintech,Hyderabad,Telangana,Tier 1,On-Site,5,9,Senior (6-9 yrs),13.8,23.9,18.85,2025-11-17,9,Naukri.com
JOB-103424,Marketing Data Analyst,Data Analyst,Infosys,IT Services,Bengaluru,Karnataka,Tier 1,Hybrid,1,4,Mid-Level (3-5 yrs),2.9,5.5,4.2,2025-09-16,8,Naukri.com
JOB-103425,Marketing Data Analyst,Data Analyst,PwC,Consulting,Chennai,Tamil Nadu,Tier 1,Hybrid,3,6,Senior (6-9 yrs),,,,2026-02-17,8,LinkedIn
JOB-103426,Senior T-SQL Developer,SQL Developer,CRED,Fintech,Bengaluru,Karnataka,Tier 1,On-Site,1,3,Mid-Level (3-5 yrs),4.3,8.2,6.25,2025-12-03,10,LinkedIn
JOB-103427,Financial Data Analyst,Data Analyst,LTIMindtree,IT Services,Bengaluru,Karnataka,Tier 1,On-Site,4,8,Senior (6-9 yrs),5.3,9.9,7.6,2025-09-26,10,Naukri.com
JOB-103428,Tableau Developer,BI Analyst,Amazon,Product / Tech,Bengaluru,Karnataka,Tier 1,On-Site,2,4,Mid-Level (3-5 yrs),5.1,9.7,7.4,2025-10-05,13,Naukri.com
JOB-103429,PL/SQL Developer,SQL Developer,Cognizant,IT Services,Mumbai,Maharashtra,Tier 1,On-Site,5,8,Senior (6-9 yrs),,,,2025-10-01,11,Naukri.com
JOB-103430,Healthcare Data Analyst,Data Analyst,Morgan Stanley,Banking / Finance,Gurgaon,Haryana,Tier 1,Remote,0,2,Entry / Junior (0-2 yrs),,,,2025-09-17,9,Naukri.com
JOB-103431,Senior BI Consultant,BI Analyst,LTIMindtree,IT Services,Hyderabad,Telangana,Tier 1,Hybrid,4,6,Senior (6-9 yrs),5.7,10.7,8.2,2025-11-11,9,LinkedIn
JOB-103432,BI Developer,BI Analyst,KPMG,Consulting,Bengaluru,Karnataka,Tier 1,Hybrid,0,1,Entry / Junior (0-2 yrs),2.6,5.3,3.95,2026-02-04,12,LinkedIn
JOB-103433,Senior Python Developer,Python Developer,McKinsey & Company,Strategy Consulting,Mumbai,Maharashtra,Tier 1,On-Site,1,4,Mid-Level (3-5 yrs),5.5,10.4,7.95,2026-01-10,9,Naukri.com
JOB-103434,Big Data Engineer,Data Engineer,Infosys,IT Services,Bengaluru,Karnataka,Tier 1,Hybrid,0,1,Entry / Junior (0-2 yrs),,,,2026-01-18,10,Naukri.com
JOB-103435,Lead Data Analyst,Data Analyst,LTIMindtree,IT Services,Pune,Maharashtra,Tier 1,Hybrid,0,2,Entry / Junior (0-2 yrs),2.0,4.0,3.0,2025-09-29,10,LinkedIn
JOB-103436,Python Data Programmer,Python Developer,EY,Consulting,Chennai,Tamil Nadu,Tier 1,Remote,5,7,Senior (6-9 yrs),7.3,13.8,10.55,2025-09-22,9,Company Careers Portal
JOB-103437,Tableau Developer,BI Analyst,Swiggy,Tech / Consumer,Hyderabad,Telangana,Tier 1,On-Site,0,1,Entry / Junior (0-2 yrs),2.8,5.8,4.3,2025-10-16,11,Naukri.com
JOB-103438,Marketing Data Analyst,Data Analyst,Morgan Stanley,Banking / Finance,Hyderabad,Telangana,Tier 1,Hybrid,7,11,Lead / Principal (10+ yrs),,,,2025-11-04,10,LinkedIn
JOB-103439,Senior T-SQL Developer,SQL Developer,Mu Sigma,Pureplay Analytics,Bengaluru,Karnataka,Tier 1,Hybrid,2,4,Mid-Level (3-5 yrs),,,,2025-09-20,12,LinkedIn
JOB-103440,Associate Analyst - Data,Data Analyst,Tata Consultancy Services,IT Services,Hyderabad,Telangana,Tier 1,Hybrid,0,2,Entry / Junior (0-2 yrs),1.8,3.6,2.7,2026-02-11,8,LinkedIn
JOB-103441,Business Intelligence Analyst,BI Analyst,HDFC Bank,Banking,Bengaluru,Karnataka,Tier 1,On-Site,0,1,Entry / Junior (0-2 yrs),2.4,4.8,3.6,2025-12-27,11,Company Careers Portal
JOB-103442,Tableau Developer,BI Analyst,Swiggy,Tech / Consumer,Bengaluru,Karnataka,Tier 1,On-Site,0,1,Entry / Junior (0-2 yrs),2.8,5.8,4.3,2025-12-04,9,LinkedIn
JOB-103443,Data Analyst,Data Analyst,Cognizant,IT Services,Pune,Maharashtra,Tier 1,Hybrid,1,3,Mid-Level (3-5 yrs),,,,2025-11-15,11,LinkedIn
JOB-103444,Senior Python Developer,Python Developer,Meesho,E-Commerce,Hyderabad,Telangana,Tier 1,Remote,5,7,Senior (6-9 yrs),7.8,14.7,11.25,2025-12-10,13,LinkedIn
JOB-103445,Financial Data Analyst,Data Analyst,Tata Consultancy Services,IT Services,Bengaluru,Karnataka,Tier 1,On-Site,3,5,Mid-Level (3-5 yrs),4.7,8.8,6.75,2025-12-07,13,LinkedIn
JOB-103446,Data Analyst,Data Analyst,Swiggy,Tech / Consumer,Pune,Maharashtra,Tier 1,Hybrid,4,6,Senior (6-9 yrs),,,,2026-01-25,11,Naukri.com
JOB-103447,Reporting Analyst,BI Analyst,Wipro,IT Services,Pune,Maharashtra,Tier 1,On-Site,3,5,Mid-Level (3-5 yrs),5.0,9.5,7.25,2025-10-16,10,LinkedIn
JOB-103448,Data Analyst,Data Analyst,Capgemini,IT Services,Bengaluru,Karnataka,Tier 1,Hybrid,5,7,Senior (6-9 yrs),5.3,9.9,7.6,2025-10-07,7,Company Careers Portal
JOB-103449,Python Data Programmer,Python Developer,Razorpay,Fintech,Gurgaon,Haryana,Tier 1,On-Site,3,5,Mid-Level (3-5 yrs),8.3,15.6,11.95,2025-12-13,11,Company Careers Portal
JOB-103450,Data Engineer,Data Engineer,Flipkart,E-Commerce,Pune,Maharashtra,Tier 1,Hybrid,0,2,Entry / Junior (0-2 yrs),3.8,7.7,5.75,2026-02-19,10,Naukri.com
JOB-103451,Senior T-SQL Developer,SQL Developer,EY,Consulting,Pune,Maharashtra,Tier 1,Hybrid,2,5,Mid-Level (3-5 yrs),,,,2025-10-16,7,Naukri.com
JOB-103452,BI & Analytics Specialist,BI Analyst,Goldman Sachs,Banking / Finance,Bengaluru,Karnataka,Tier 1,Hybrid,1,3,Mid-Level (3-5 yrs),,,,2025-09-13,9,LinkedIn
JOB-103453,Senior BI Consultant,BI Analyst,Meesho,E-Commerce,Bengaluru,Karnataka,Tier 1,On-Site,2,4,Mid-Level (3-5 yrs),4.3,8.2,6.25,2026-01-06,9,Indeed
JOB-103454,Data Engineer,Data Engineer,Fractal Analytics,Pureplay Analytics,Bengaluru,Karnataka,Tier 1,On-Site,1,3,Mid-Level (3-5 yrs),5.5,10.5,8.0,2025-12-09,10,LinkedIn
JOB-103455,Python Data Programmer,Python Developer,Amazon,Product / Tech,Bengaluru,Karnataka,Tier 1,Hybrid,3,5,Mid-Level (3-5 yrs),9.3,17.5,13.4,2025-12-19,11,Naukri.com
JOB-103456,Junior Data Engineer,Data Engineer,HSBC,Banking,Bengaluru,Karnataka,Tier 1,On-Site,5,8,Senior (6-9 yrs),15.8,27.4,21.6,2025-10-03,8,LinkedIn
JOB-103457,Financial Data Analyst,Data Analyst,Standard Chartered,Banking,Bengaluru,Karnataka,Tier 1,Remote,5,8,Senior (6-9 yrs),11.2,19.5,15.35,2025-11-08,10,LinkedIn
JOB-103458,Data Engineer,Data Engineer,CRED,Fintech,Bengaluru,Karnataka,Tier 1,On-Site,4,8,Senior (6-9 yrs),10.1,19.0,14.55,2025-12-19,11,LinkedIn
JOB-103459,Reporting Analyst,BI Analyst,Standard Chartered,Banking,Hyderabad,Telangana,Tier 1,On-Site,4,7,Senior (6-9 yrs),6.9,13.0,9.95,2025-10-12,10,Indeed
JOB-103460,Marketing Data Analyst,Data Analyst,Tata Consultancy Services,IT Services,Bengaluru,Karnataka,Tier 1,Hybrid,2,4,Mid-Level (3-5 yrs),2.8,5.2,4.0,2025-09-28,7,LinkedIn
JOB-103461,Database Administrator & SQL Dev,SQL Developer,Razorpay,Fintech,Bengaluru,Karnataka,Tier 1,Hybrid,5,8,Senior (6-9 yrs),,,,2025-12-26,12,LinkedIn
JOB-103462,Analytics Engineer,Data Engineer,EY,Consulting,Pune,Maharashtra,Tier 1,Hybrid,5,8,Senior (6-9 yrs),,,,2026-01-09,9,LinkedIn
JOB-103463,SQL Developer,SQL Developer,Tata Consultancy Services,IT Services,Mumbai,Maharashtra,Tier 1,On-Site,5,8,Senior (6-9 yrs),4.6,8.6,6.6,2025-12-17,14,LinkedIn
JOB-103464,Senior BI Consultant,BI Analyst,Paytm,Fintech,Bengaluru,Karnataka,Tier 1,On-Site,3,5,Mid-Level (3-5 yrs),6.9,13.0,9.95,2025-12-12,10,Naukri.com
JOB-103465,Associate Analyst - Data,Data Analyst,Razorpay,Fintech,Pune,Maharashtra,Tier 1,On-Site,7,11,Lead / Principal (10+ yrs),12.8,22.1,17.45,2025-09-19,7,Indeed
JOB-103466,Data Analyst,Data Analyst,Capgemini,IT Services,Bengaluru,Karnataka,Tier 1,Remote,3,7,Senior (6-9 yrs),5.3,9.9,7.6,2026-01-14,11,LinkedIn
JOB-103467,Data Engineer,Data Engineer,Zomato,Tech / Consumer,Noida,Uttar Pradesh,Tier 1,On-Site,5,8,Senior (6-9 yrs),9.2,17.3,13.25,2026-01-12,12,LinkedIn
JOB-103468,Python Backend & Analytics Engineer,Python Developer,Razorpay,Fintech,Hyderabad,Telangana,Tier 1,On-Site,6,9,Senior (6-9 yrs),14.7,25.4,20.05,2025-12-12,12,LinkedIn
JOB-103469,Senior T-SQL Developer,SQL Developer,Razorpay,Fintech,Hyderabad,Telangana,Tier 1,On-Site,5,9,Senior (6-9 yrs),7.1,13.3,10.2,2026-01-26,10,Indeed
JOB-103470,Tableau Developer,BI Analyst,Tiger Analytics,Pureplay Analytics,Hyderabad,Telangana,Tier 1,On-Site,3,5,Mid-Level (3-5 yrs),7.3,13.8,10.55,2025-10-16,10,LinkedIn
JOB-103471,Business Intelligence Analyst,BI Analyst,Meesho,E-Commerce,Bengaluru,Karnataka,Tier 1,Hybrid,2,4,Mid-Level (3-5 yrs),4.3,8.2,6.25,2025-09-16,8,Indeed
JOB-103472,Junior Python Engineer,Python Developer,PwC,Consulting,Pune,Maharashtra,Tier 1,On-Site,5,7,Senior (6-9 yrs),7.4,14.0,10.7,2026-02-25,10,Naukri.com
JOB-103473,Senior Data Analyst,Data Analyst,Standard Chartered,Banking,Noida,Uttar Pradesh,Tier 1,Hybrid,7,10,Lead / Principal (10+ yrs),11.2,19.5,15.35,2025-09-11,8,Naukri.com
JOB-103474,BI & Analytics Specialist,BI Analyst,Fractal Analytics,Pureplay Analytics,Bengaluru,Karnataka,Tier 1,Hybrid,3,7,Senior (6-9 yrs),7.5,14.2,10.85,2026-02-19,9,Naukri.com
JOB-103475,ETL Developer,Data Engineer,Tata Consultancy Services,IT Services,Noida,Uttar Pradesh,Tier 1,On-Site,5,8,Senior (6-9 yrs),6.3,11.9,9.1,2025-12-31,12,LinkedIn
JOB-103476,Analytics Engineer,Data Engineer,Wipro,IT Services,Bengaluru,Karnataka,Tier 1,On-Site,7,11,Lead / Principal (10+ yrs),,,,2025-10-09,10,LinkedIn
JOB-103477,Tableau Developer,BI Analyst,ICICI Bank,Banking,Chennai,Tamil Nadu,Tier 1,On-Site,1,3,Mid-Level (3-5 yrs),3.5,6.7,5.1,2026-01-16,10,Indeed
JOB-103478,Reporting Analyst,BI Analyst,Uber,Tech,Bengaluru,Karnataka,Tier 1,Hybrid,1,4,Mid-Level (3-5 yrs),4.9,9.2,7.05,2025-11-10,10,Naukri.com
JOB-103479,Database Administrator & SQL Dev,SQL Developer,Razorpay,Fintech,Mumbai,Maharashtra,Tier 1,Hybrid,7,11,Lead / Principal (10+ yrs),,,,2025-12-22,11,Naukri.com
JOB-103480,Junior Data Analyst,Data Analyst,Deloitte,Consulting,Hyderabad,Telangana,Tier 1,On-Site,1,4,Mid-Level (3-5 yrs),,,,2025-12-19,9,Naukri.com
JOB-103481,Database Developer (SQL),SQL Developer,Paytm,Fintech,Bengaluru,Karnataka,Tier 1,On-Site,0,1,Entry / Junior (0-2 yrs),,,,2025-11-04,9,LinkedIn
JOB-103482,Associate Analyst - Data,Data Analyst,Fractal Analytics,Pureplay Analytics,Hyderabad,Telangana,Tier 1,Hybrid,6,10,Lead / Principal (10+ yrs),12.3,21.3,16.8,2025-09-19,11,LinkedIn
JOB-103483,Associate Analyst - Data,Data Analyst,Capgemini,IT Services,Noida,Uttar Pradesh,Tier 1,Hybrid,1,3,Mid-Level (3-5 yrs),3.1,5.9,4.5,2025-10-23,9,LinkedIn
JOB-103484,Healthcare Data Analyst,Data Analyst,Accenture,Consulting / IT,Gurgaon,Haryana,Tier 1,On-Site,0,1,Entry / Junior (0-2 yrs),2.3,4.7,3.5,2025-11-22,10,Naukri.com
JOB-103485,Senior BI Consultant,BI Analyst,Flipkart,E-Commerce,Noida,Uttar Pradesh,Tier 1,On-Site,5,7,Senior (6-9 yrs),8.1,15.2,11.65,2025-12-14,11,Company Careers Portal
JOB-103486,Senior BI Consultant,BI Analyst,Goldman Sachs,Banking / Finance,Bengaluru,Karnataka,Tier 1,Hybrid,5,9,Senior (6-9 yrs),8.4,15.9,12.15,2026-01-26,10,LinkedIn
JOB-103487,PL/SQL Developer,SQL Developer,LTIMindtree,IT Services,Hyderabad,Telangana,Tier 1,Hybrid,1,3,Mid-Level (3-5 yrs),3.0,5.8,4.4,2025-09-28,10,LinkedIn
JOB-103488,Cloud Data Engineer,Data Engineer,Wipro,IT Services,Pune,Maharashtra,Tier 1,On-Site,3,5,Mid-Level (3-5 yrs),6.3,11.9,9.1,2026-01-19,10,Naukri.com
JOB-103489,Operations Analyst,Data Analyst,Goldman Sachs,Banking / Finance,Pune,Maharashtra,Tier 1,Hybrid,1,4,Mid-Level (3-5 yrs),,,,2025-11-21,9,Naukri.com
JOB-103490,Data Analyst,Data Analyst,Tata Consultancy Services,IT Services,Noida,Uttar Pradesh,Tier 1,Hybrid,2,5,Mid-Level (3-5 yrs),,,,2025-09-06,9,LinkedIn
JOB-103491,Big Data Engineer,Data Engineer,PwC,Consulting,Chennai,Tamil Nadu,Tier 1,Hybrid,2,4,Mid-Level (3-5 yrs),5.1,9.7,7.4,2025-12-04,8,LinkedIn
JOB-103492,BI Developer,BI Analyst,McKinsey & Company,Strategy Consulting,Mumbai,Maharashtra,Tier 1,On-Site,1,4,Mid-Level (3-5 yrs),5.1,9.7,7.4,2025-12-06,10,Company Careers Portal
JOB-103493,BI & Analytics Specialist,BI Analyst,CRED,Fintech,Mumbai,Maharashtra,Tier 1,Hybrid,3,6,Senior (6-9 yrs),8.1,15.2,11.65,2025-09-12,9,Naukri.com
JOB-103494,Data Analyst,Data Analyst,PwC,Consulting,Mumbai,Maharashtra,Tier 1,Hybrid,4,7,Senior (6-9 yrs),6.5,12.2,9.35,2025-10-18,9,Naukri.com
JOB-103495,ETL Developer,Data Engineer,Zomato,Tech / Consumer,Bengaluru,Karnataka,Tier 1,Hybrid,0,1,Entry / Junior (0-2 yrs),,,,2025-11-13,11,LinkedIn
JOB-103496,Senior Python Developer,Python Developer,Standard Chartered,Banking,Pune,Maharashtra,Tier 1,On-Site,4,8,Senior (6-9 yrs),7.3,13.8,10.55,2026-01-06,8,Naukri.com
JOB-103497,Data Analyst,Data Analyst,EY,Consulting,Pune,Maharashtra,Tier 1,Hybrid,5,9,Senior (6-9 yrs),6.4,12.0,9.2,2026-02-12,9,LinkedIn
JOB-103498,Analytics Engineer,Data Engineer,Flipkart,E-Commerce,Bengaluru,Karnataka,Tier 1,Remote,1,4,Mid-Level (3-5 yrs),5.9,11.3,8.6,2025-09-15,10,Naukri.com
JOB-103499,Financial Data Analyst,Data Analyst,Standard Chartered,Banking,Bengaluru,Karnataka,Tier 1,On-Site,7,10,Lead / Principal (10+ yrs),11.2,19.5,15.35,2025-09-20,9,Naukri.com
JOB-103500,Healthcare Data Analyst,Data Analyst,PhonePe,Fintech,Bengaluru,Karnataka,Tier 1,Hybrid,4,7,Senior (6-9 yrs),,,,2025-10-27,10,LinkedIn
JOB-103501,Analytics Engineer,Data Engineer,LTIMindtree,IT Services,Gurgaon,Haryana,Tier 1,On-Site,0,2,Entry / Junior (0-2 yrs),2.7,5.4,4.05,2026-01-03,10,Naukri.com
JOB-103502,Cloud Data Engineer,Data Engineer,Standard Chartered,Banking,Pune,Maharashtra,Tier 1,On-Site,2,5,Mid-Level (3-5 yrs),,,,2025-09-02,11,Naukri.com
JOB-103503,Senior Python Developer,Python Developer,Mu Sigma,Pureplay Analytics,Bengaluru,Karnataka,Tier 1,Remote,5,8,Senior (6-9 yrs),6.4,12.0,9.2,2026-01-28,11,Indeed
JOB-103504,SQL Developer,SQL Developer,Microsoft,Product / Tech,Gurgaon,Haryana,Tier 1,On-Site,5,9,Senior (6-9 yrs),8.0,15.1,11.55,2025-09-06,11,Indeed
JOB-103505,Database Developer (SQL),SQL Developer,Accenture,Consulting / IT,Noida,Uttar Pradesh,Tier 1,On-Site,2,4,Mid-Level (3-5 yrs),3.5,6.7,5.1,2026-01-21,11,Indeed
JOB-103506,Power BI Developer,BI Analyst,Google,Product / Tech,Bengaluru,Karnataka,Tier 1,Hybrid,0,2,Entry / Junior (0-2 yrs),3.4,6.9,5.15,2026-02-06,11,LinkedIn
JOB-103507,Python Backend & Analytics Engineer,Python Developer,KPMG,Consulting,Chennai,Tamil Nadu,Tier 1,On-Site,3,7,Senior (6-9 yrs),7.3,13.8,10.55,2026-02-15,12,Indeed
JOB-103508,BI & Analytics Specialist,BI Analyst,Microsoft,Product / Tech,Pune,Maharashtra,Tier 1,On-Site,5,8,Senior (6-9 yrs),15.6,27.0,21.3,2026-02-01,10,Naukri.com
JOB-103509,Data Analyst,Data Analyst,Fractal Analytics,Pureplay Analytics,Hyderabad,Telangana,Tier 1,Hybrid,5,8,Senior (6-9 yrs),,,,2026-02-12,12,Naukri.com
JOB-103510,Senior T-SQL Developer,SQL Developer,HDFC Bank,Banking,Bengaluru,Karnataka,Tier 1,Remote,2,5,Mid-Level (3-5 yrs),3.3,6.3,4.8,2025-11-12,9,Naukri.com
JOB-103511,BI Developer,BI Analyst,Zomato,Tech / Consumer,Hyderabad,Telangana,Tier 1,Hybrid,3,5,Mid-Level (3-5 yrs),7.3,13.8,10.55,2025-11-28,11,Naukri.com
JOB-103512,Junior Python Engineer,Python Developer,LTIMindtree,IT Services,Bengaluru,Karnataka,Tier 1,Hybrid,1,4,Mid-Level (3-5 yrs),3.6,6.8,5.2,2025-12-22,7,Naukri.com
JOB-103513,Python Data Programmer,Python Developer,Paytm,Fintech,Bengaluru,Karnataka,Tier 1,On-Site,7,10,Lead / Principal (10+ yrs),12.9,22.4,17.65,2025-09-14,9,Naukri.com
JOB-103514,Business Intelligence Analyst,BI Analyst,Flipkart,E-Commerce,Hyderabad,Telangana,Tier 1,Hybrid,7,11,Lead / Principal (10+ yrs),,,,2025-12-03,8,LinkedIn
JOB-103515,Senior Data Engineer,Data Engineer,Flipkart,E-Commerce,Hyderabad,Telangana,Tier 1,Hybrid,6,9,Senior (6-9 yrs),17.8,30.9,24.35,2026-02-01,11,LinkedIn
JOB-103516,Operations Analyst,Data Analyst,Microsoft,Product / Tech,Hyderabad,Telangana,Tier 1,Hybrid,3,5,Mid-Level (3-5 yrs),8.2,15.4,11.8,2025-09-30,10,LinkedIn
JOB-103517,BI Developer,BI Analyst,PhonePe,Fintech,Hyderabad,Telangana,Tier 1,On-Site,7,10,Lead / Principal (10+ yrs),13.9,24.1,19.0,2025-11-04,11,LinkedIn
JOB-103518,PL/SQL Developer,SQL Developer,Accenture,Consulting / IT,Hyderabad,Telangana,Tier 1,On-Site,1,3,Mid-Level (3-5 yrs),3.5,6.7,5.1,2026-01-22,11,LinkedIn
JOB-103519,ETL Developer,Data Engineer,Deloitte,Consulting,Gurgaon,Haryana,Tier 1,Hybrid,1,4,Mid-Level (3-5 yrs),5.3,10.0,7.65,2025-11-29,10,Naukri.com
JOB-103520,Data Engineer,Data Engineer,Capgemini,IT Services,Noida,Uttar Pradesh,Tier 1,On-Site,0,1,Entry / Junior (0-2 yrs),2.7,5.4,4.05,2026-01-29,14,LinkedIn
JOB-103521,PL/SQL Developer,SQL Developer,Wipro,IT Services,Bengaluru,Karnataka,Tier 1,On-Site,2,5,Mid-Level (3-5 yrs),,,,2026-01-17,13,LinkedIn
JOB-103522,Tableau Developer,BI Analyst,Tiger Analytics,Pureplay Analytics,Pune,Maharashtra,Tier 1,Remote,2,4,Mid-Level (3-5 yrs),,,,2025-11-03,10,Naukri.com
JOB-103523,Cloud Data Engineer,Data Engineer,Amazon,Product / Tech,Remote,All India,Remote,Remote,10,15,Lead / Principal (10+ yrs),30.8,53.9,42.35,2026-02-10,9,Indeed
JOB-103524,Cloud Data Engineer,Data Engineer,Accenture,Consulting / IT,Mumbai,Maharashtra,Tier 1,Hybrid,2,5,Mid-Level (3-5 yrs),4.9,9.2,7.05,2025-09-01,9,LinkedIn
JOB-103525,Python Developer,Python Developer,Capgemini,IT Services,Gurgaon,Haryana,Tier 1,Hybrid,6,10,Lead / Principal (10+ yrs),10.7,18.5,14.6,2026-01-03,10,LinkedIn
JOB-103526,Senior Data Analyst,Data Analyst,Google,Product / Tech,Pune,Maharashtra,Tier 1,Hybrid,9,14,Lead / Principal (10+ yrs),23.5,41.2,32.35,2025-09-09,8,LinkedIn
JOB-103527,Healthcare Data Analyst,Data Analyst,Tata Consultancy Services,IT Services,Bengaluru,Karnataka,Tier 1,Hybrid,4,8,Senior (6-9 yrs),4.7,8.8,6.75,2025-12-11,8,LinkedIn
JOB-103528,Python Data Programmer,Python Developer,Tiger Analytics,Pureplay Analytics,Mumbai,Maharashtra,Tier 1,Hybrid,5,9,Senior (6-9 yrs),13.8,23.9,18.85,2026-02-15,10,Naukri.com
JOB-103529,Junior Python Engineer,Python Developer,Zomato,Tech / Consumer,Hyderabad,Telangana,Tier 1,On-Site,3,5,Mid-Level (3-5 yrs),7.8,14.7,11.25,2026-02-08,12,Naukri.com
JOB-103530,BI Developer,BI Analyst,Google,Product / Tech,Bengaluru,Karnataka,Tier 1,Hybrid,5,8,Senior (6-9 yrs),9.0,16.9,12.95,2026-02-04,8,Naukri.com
JOB-103531,Senior Data Engineer,Data Engineer,Uber,Tech,Bengaluru,Karnataka,Tier 1,On-Site,2,4,Mid-Level (3-5 yrs),6.1,11.5,8.8,2025-10-20,9,Naukri.com
JOB-103532,Junior Data Analyst,Data Analyst,Paytm,Fintech,Chennai,Tamil Nadu,Tier 1,On-Site,6,9,Senior (6-9 yrs),,,,2025-09-05,12,LinkedIn
JOB-103533,Python Developer,Python Developer,CRED,Fintech,Gurgaon,Haryana,Tier 1,On-Site,2,5,Mid-Level (3-5 yrs),5.1,9.6,7.35,2025-12-17,13,LinkedIn
JOB-103534,Python Backend & Analytics Engineer,Python Developer,Infosys,IT Services,Gurgaon,Haryana,Tier 1,Remote,2,5,Mid-Level (3-5 yrs),3.3,6.3,4.8,2025-10-07,11,LinkedIn
JOB-103535,SQL Developer,SQL Developer,Infosys,IT Services,Pune,Maharashtra,Tier 1,On-Site,1,3,Mid-Level (3-5 yrs),2.8,5.4,4.1,2025-10-30,10,LinkedIn
JOB-103536,Financial Data Analyst,Data Analyst,Paytm,Fintech,Hyderabad,Telangana,Tier 1,Remote,2,5,Mid-Level (3-5 yrs),3.8,7.1,5.45,2025-12-14,5,Naukri.com
JOB-103537,Healthcare Data Analyst,Data Analyst,Infosys,IT Services,Mumbai,Maharashtra,Tier 1,Hybrid,2,4,Mid-Level (3-5 yrs),2.9,5.5,4.2,2025-10-08,10,Naukri.com
JOB-103538,Tableau Developer,BI Analyst,Flipkart,E-Commerce,Gurgaon,Haryana,Tier 1,On-Site,0,2,Entry / Junior (0-2 yrs),3.0,6.2,4.6,2026-02-25,11,Naukri.com
JOB-103539,BI & Analytics Specialist,BI Analyst,Amazon,Product / Tech,Pune,Maharashtra,Tier 1,Hybrid,0,2,Entry / Junior (0-2 yrs),3.3,6.7,5.0,2026-02-15,10,LinkedIn
JOB-103540,Lead Data Analyst,Data Analyst,CRED,Fintech,Bengaluru,Karnataka,Tier 1,On-Site,5,7,Senior (6-9 yrs),7.5,14.1,10.8,2025-11-22,8,Indeed
JOB-103541,Python Backend & Analytics Engineer,Python Developer,Meesho,E-Commerce,Bengaluru,Karnataka,Tier 1,On-Site,10,15,Lead / Principal (10+ yrs),22.1,38.6,30.35,2025-09-18,12,LinkedIn
JOB-103542,Reporting Analyst,BI Analyst,HCL Technologies,IT Services,Bengaluru,Karnataka,Tier 1,Hybrid,0,1,Entry / Junior (0-2 yrs),2.0,4.1,3.05,2025-11-22,10,Naukri.com
JOB-103543,Operations Analyst,Data Analyst,Cognizant,IT Services,Bengaluru,Karnataka,Tier 1,Hybrid,5,8,Senior (6-9 yrs),5.1,9.6,7.35,2025-09-09,12,LinkedIn
JOB-103544,Data Engineer,Data Engineer,Tiger Analytics,Pureplay Analytics,Pune,Maharashtra,Tier 1,On-Site,2,4,Mid-Level (3-5 yrs),5.4,10.3,7.85,2026-01-22,10,LinkedIn
JOB-103545,Business Intelligence Analyst,BI Analyst,Google,Product / Tech,Bengaluru,Karnataka,Tier 1,Hybrid,10,15,Lead / Principal (10+ yrs),25.4,44.5,34.95,2025-09-25,7,LinkedIn
JOB-103546,Senior BI Consultant,BI Analyst,Paytm,Fintech,Mumbai,Maharashtra,Tier 1,Hybrid,2,4,Mid-Level (3-5 yrs),4.1,7.7,5.9,2025-11-08,11,LinkedIn
JOB-103547,BI & Analytics Specialist,BI Analyst,HCL Technologies,IT Services,Gurgaon,Haryana,Tier 1,On-Site,0,2,Entry / Junior (0-2 yrs),2.0,4.1,3.05,2025-11-14,11,Naukri.com
JOB-103548,Junior Data Engineer,Data Engineer,PhonePe,Fintech,Gurgaon,Haryana,Tier 1,Hybrid,0,1,Entry / Junior (0-2 yrs),3.7,7.5,5.6,2025-09-22,11,LinkedIn
JOB-103549,Data Engineer,Data Engineer,Goldman Sachs,Banking / Finance,Gurgaon,Haryana,Tier 1,On-Site,5,9,Senior (6-9 yrs),10.6,19.9,15.25,2025-10-13,11,Naukri.com
JOB-103550,ETL Developer,Data Engineer,Amazon,Product / Tech,Gurgaon,Haryana,Tier 1,On-Site,2,4,Mid-Level (3-5 yrs),6.4,12.2,9.3,2025-11-09,8,Naukri.com
JOB-103551,Reporting Analyst,BI Analyst,Razorpay,Fintech,Bengaluru,Karnataka,Tier 1,Hybrid,5,9,Senior (6-9 yrs),7.8,14.7,11.25,2026-01-26,11,Naukri.com
JOB-103552,Senior Data Engineer,Data Engineer,Goldman Sachs,Banking / Finance,Gurgaon,Haryana,Tier 1,Hybrid,3,5,Mid-Level (3-5 yrs),10.6,19.9,15.25,2025-11-08,7,Naukri.com
JOB-103553,ETL Developer,Data Engineer,Tata Consultancy Services,IT Services,Remote,All India,Remote,Remote,1,3,Mid-Level (3-5 yrs),3.7,7.1,5.4,2025-10-21,13,LinkedIn
JOB-103554,Database Developer (SQL),SQL Developer,HCL Technologies,IT Services,Bengaluru,Karnataka,Tier 1,Hybrid,0,1,Entry / Junior (0-2 yrs),1.8,3.7,2.75,2025-11-10,10,Naukri.com
JOB-103555,Healthcare Data Analyst,Data Analyst,HSBC,Banking,Hyderabad,Telangana,Tier 1,On-Site,5,9,Senior (6-9 yrs),6.6,12.5,9.55,2025-09-27,8,Naukri.com
JOB-103556,BI Developer,BI Analyst,Microsoft,Product / Tech,Gurgaon,Haryana,Tier 1,Hybrid,4,8,Senior (6-9 yrs),8.8,16.6,12.7,2025-09-30,10,Naukri.com
JOB-103557,Data Engineer,Data Engineer,HDFC Bank,Banking,Gurgaon,Haryana,Tier 1,On-Site,1,3,Mid-Level (3-5 yrs),4.6,8.7,6.65,2026-01-07,10,LinkedIn
JOB-103558,Senior BI Consultant,BI Analyst,ICICI Bank,Banking,Mumbai,Maharashtra,Tier 1,Hybrid,3,6,Senior (6-9 yrs),6.0,11.2,8.6,2025-10-29,10,LinkedIn
JOB-103559,Python Backend & Analytics Engineer,Python Developer,Microsoft,Product / Tech,Bengaluru,Karnataka,Tier 1,Hybrid,0,1,Entry / Junior (0-2 yrs),3.5,7.2,5.35,2026-01-13,10,Indeed
JOB-103560,Business Intelligence Analyst,BI Analyst,Wipro,IT Services,Pune,Maharashtra,Tier 1,Hybrid,2,5,Mid-Level (3-5 yrs),3.0,5.6,4.3,2025-10-29,10,Naukri.com
JOB-103561,Marketing Data Analyst,Data Analyst,Swiggy,Tech / Consumer,Gurgaon,Haryana,Tier 1,On-Site,6,10,Lead / Principal (10+ yrs),12.3,21.3,16.8,2026-02-22,11,Naukri.com
JOB-103562,ETL Developer,Data Engineer,Morgan Stanley,Banking / Finance,Gurgaon,Haryana,Tier 1,Hybrid,0,1,Entry / Junior (0-2 yrs),,,,2025-09-11,10,LinkedIn
JOB-103563,Python Data Programmer,Python Developer,Meesho,E-Commerce,Pune,Maharashtra,Tier 1,Hybrid,5,7,Senior (6-9 yrs),7.8,14.7,11.25,2025-11-19,11,LinkedIn
JOB-103564,Python Backend & Analytics Engineer,Python Developer,Meesho,E-Commerce,Hyderabad,Telangana,Tier 1,Hybrid,1,4,Mid-Level (3-5 yrs),4.6,8.7,6.65,2025-11-28,11,Indeed
JOB-103565,Big Data Engineer,Data Engineer,Google,Product / Tech,Bengaluru,Karnataka,Tier 1,On-Site,4,8,Senior (6-9 yrs),11.2,21.2,16.2,2025-12-09,12,Naukri.com
JOB-103566,Database Administrator & SQL Dev,SQL Developer,Cognizant,IT Services,Hyderabad,Telangana,Tier 1,Remote,3,6,Senior (6-9 yrs),,,,2025-11-22,10,LinkedIn
JOB-103567,Database Administrator & SQL Dev,SQL Developer,CRED,Fintech,Hyderabad,Telangana,Tier 1,Hybrid,4,8,Senior (6-9 yrs),7.3,13.8,10.55,2025-09-18,10,LinkedIn
JOB-103568,Senior T-SQL Developer,SQL Developer,Amazon,Product / Tech,Pune,Maharashtra,Tier 1,On-Site,6,10,Lead / Principal (10+ yrs),14.0,24.2,19.1,2025-12-06,12,Indeed
JOB-103569,BI Developer,BI Analyst,EY,Consulting,Noida,Uttar Pradesh,Tier 1,Hybrid,1,3,Mid-Level (3-5 yrs),4.1,7.7,5.9,2026-01-20,9,LinkedIn
JOB-103570,Financial Data Analyst,Data Analyst,Razorpay,Fintech,Bengaluru,Karnataka,Tier 1,Hybrid,1,3,Mid-Level (3-5 yrs),,,,2025-12-16,11,Naukri.com
JOB-103571,Python Backend & Analytics Engineer,Python Developer,Morgan Stanley,Banking / Finance,Bengaluru,Karnataka,Tier 1,On-Site,5,9,Senior (6-9 yrs),8.8,16.6,12.7,2025-12-29,9,LinkedIn
JOB-103572,Database Administrator & SQL Dev,SQL Developer,Barclays,Banking,Bengaluru,Karnataka,Tier 1,Hybrid,2,5,Mid-Level (3-5 yrs),3.9,7.4,5.65,2025-11-09,10,LinkedIn
JOB-103573,BI & Analytics Specialist,BI Analyst,Microsoft,Product / Tech,Hyderabad,Telangana,Tier 1,Hybrid,1,4,Mid-Level (3-5 yrs),,,,2026-02-04,9,LinkedIn
JOB-103574,Associate Analyst - Data,Data Analyst,CRED,Fintech,Pune,Maharashtra,Tier 1,Hybrid,3,7,Senior (6-9 yrs),,,,2025-09-12,12,Naukri.com
JOB-103575,SQL Developer,SQL Developer,CRED,Fintech,Hyderabad,Telangana,Tier 1,Hybrid,7,11,Lead / Principal (10+ yrs),12.9,22.4,17.65,2025-12-30,6,LinkedIn
JOB-103576,Tableau Developer,BI Analyst,Paytm,Fintech,Bengaluru,Karnataka,Tier 1,Hybrid,5,8,Senior (6-9 yrs),12.2,21.1,16.65,2025-12-23,9,Naukri.com
JOB-103577,Senior Data Analyst,Data Analyst,Microsoft,Product / Tech,Hyderabad,Telangana,Tier 1,On-Site,2,5,Mid-Level (3-5 yrs),4.8,9.1,6.95,2026-02-15,9,LinkedIn
JOB-103578,Senior BI Consultant,BI Analyst,Zomato,Tech / Consumer,Noida,Uttar Pradesh,Tier 1,On-Site,2,5,Mid-Level (3-5 yrs),4.3,8.2,6.25,2026-02-03,6,LinkedIn
JOB-103579,Senior Data Engineer,Data Engineer,KPMG,Consulting,Bengaluru,Karnataka,Tier 1,On-Site,3,6,Senior (6-9 yrs),8.6,16.2,12.4,2025-10-16,13,Naukri.com
JOB-103580,Power BI Developer,BI Analyst,Barclays,Banking,Hyderabad,Telangana,Tier 1,On-Site,4,8,Senior (6-9 yrs),,,,2026-01-25,14,Naukri.com
JOB-103581,BI Developer,BI Analyst,Morgan Stanley,Banking / Finance,Bengaluru,Karnataka,Tier 1,On-Site,2,4,Mid-Level (3-5 yrs),4.9,9.2,7.05,2025-12-01,10,Naukri.com
JOB-103582,PL/SQL Developer,SQL Developer,Mu Sigma,Pureplay Analytics,Hyderabad,Telangana,Tier 1,On-Site,2,4,Mid-Level (3-5 yrs),3.2,6.1,4.65,2026-02-11,11,Naukri.com
JOB-103583,Senior Data Analyst,Data Analyst,HDFC Bank,Banking,Bengaluru,Karnataka,Tier 1,On-Site,5,7,Senior (6-9 yrs),5.8,10.9,8.35,2025-10-10,9,Indeed
JOB-103584,BI Developer,BI Analyst,Wipro,IT Services,Bengaluru,Karnataka,Tier 1,On-Site,3,5,Mid-Level (3-5 yrs),5.0,9.5,7.25,2026-02-04,11,LinkedIn
JOB-103585,Big Data Engineer,Data Engineer,CRED,Fintech,Hyderabad,Telangana,Tier 1,Hybrid,2,5,Mid-Level (3-5 yrs),5.9,11.3,8.6,2026-02-11,9,Indeed
JOB-103586,Operations Analyst,Data Analyst,Cognizant,IT Services,Pune,Maharashtra,Tier 1,Hybrid,3,7,Senior (6-9 yrs),5.1,9.6,7.35,2025-10-20,8,Naukri.com
JOB-103587,Senior Data Engineer,Data Engineer,Tiger Analytics,Pureplay Analytics,Hyderabad,Telangana,Tier 1,On-Site,2,5,Mid-Level (3-5 yrs),5.4,10.3,7.85,2025-11-14,11,LinkedIn
JOB-103588,Business Intelligence Analyst,BI Analyst,Wipro,IT Services,Bengaluru,Karnataka,Tier 1,Hybrid,2,4,Mid-Level (3-5 yrs),3.0,5.6,4.3,2025-09-18,12,LinkedIn
JOB-103589,Associate Analyst - Data,Data Analyst,Paytm,Fintech,Hyderabad,Telangana,Tier 1,On-Site,3,6,Senior (6-9 yrs),6.4,12.0,9.2,2025-11-23,9,LinkedIn
JOB-103590,Senior Python Developer,Python Developer,Meesho,E-Commerce,Pune,Maharashtra,Tier 1,Hybrid,0,1,Entry / Junior (0-2 yrs),2.9,6.0,4.45,2026-01-20,10,Company Careers Portal
JOB-103591,BI Developer,BI Analyst,ICICI Bank,Banking,Mumbai,Maharashtra,Tier 1,On-Site,1,4,Mid-Level (3-5 yrs),3.5,6.7,5.1,2025-11-19,10,Indeed
JOB-103592,Big Data Engineer,Data Engineer,CRED,Fintech,Noida,Uttar Pradesh,Tier 1,On-Site,2,4,Mid-Level (3-5 yrs),5.9,11.3,8.6,2025-11-09,13,LinkedIn
JOB-103593,BI & Analytics Specialist,BI Analyst,JPMorgan Chase,Banking / Finance,Bengaluru,Karnataka,Tier 1,Hybrid,10,14,Lead / Principal (10+ yrs),,,,2026-01-11,10,LinkedIn
JOB-103594,Python Data Programmer,Python Developer,Paytm,Fintech,Hyderabad,Telangana,Tier 1,On-Site,0,2,Entry / Junior (0-2 yrs),2.8,5.6,4.2,2025-11-01,13,LinkedIn
JOB-103595,Junior Data Engineer,Data Engineer,Uber,Tech,Bengaluru,Karnataka,Tier 1,Hybrid,5,8,Senior (6-9 yrs),18.2,31.6,24.9,2026-02-24,8,Naukri.com
JOB-103596,Python Developer,Python Developer,Razorpay,Fintech,Mumbai,Maharashtra,Tier 1,Hybrid,1,4,Mid-Level (3-5 yrs),4.9,9.3,7.1,2025-10-16,9,Naukri.com
JOB-103597,Senior Data Engineer,Data Engineer,Cognizant,IT Services,Hyderabad,Telangana,Tier 1,Hybrid,0,1,Entry / Junior (0-2 yrs),2.6,5.3,3.95,2025-10-06,10,LinkedIn
JOB-103598,Junior Data Analyst,Data Analyst,Microsoft,Product / Tech,Gurgaon,Haryana,Tier 1,Hybrid,0,2,Entry / Junior (0-2 yrs),,,,2025-09-20,10,LinkedIn
JOB-103599,Cloud Data Engineer,Data Engineer,HSBC,Banking,Gurgaon,Haryana,Tier 1,Hybrid,7,10,Lead / Principal (10+ yrs),15.8,27.4,21.6,2025-12-15,12,Indeed
JOB-103600,Reporting Analyst,BI Analyst,PwC,Consulting,Gurgaon,Haryana,Tier 1,On-Site,2,5,Mid-Level (3-5 yrs),4.1,7.8,5.95,2025-12-18,16,LinkedIn
JOB-103601,Business Intelligence Analyst,BI Analyst,PhonePe,Fintech,Hyderabad,Telangana,Tier 1,On-Site,10,14,Lead / Principal (10+ yrs),22.3,39.0,30.65,2026-02-07,10,Indeed
JOB-103602,Big Data Engineer,Data Engineer,CRED,Fintech,Hyderabad,Telangana,Tier 1,Remote,5,8,Senior (6-9 yrs),10.1,19.0,14.55,2026-01-07,12,LinkedIn
JOB-103603,ETL Developer,Data Engineer,EY,Consulting,Hyderabad,Telangana,Tier 1,Remote,2,4,Mid-Level (3-5 yrs),5.1,9.6,7.35,2025-09-15,10,LinkedIn
JOB-103604,Senior T-SQL Developer,SQL Developer,HDFC Bank,Banking,Hyderabad,Telangana,Tier 1,Hybrid,5,9,Senior (6-9 yrs),10.0,17.3,13.65,2025-11-05,10,Indeed
JOB-103605,Senior BI Consultant,BI Analyst,Google,Product / Tech,Mumbai,Maharashtra,Tier 1,On-Site,5,9,Senior (6-9 yrs),9.0,16.9,12.95,2025-12-10,7,LinkedIn
JOB-103606,Junior Data Engineer,Data Engineer,PwC,Consulting,Gurgaon,Haryana,Tier 1,On-Site,5,8,Senior (6-9 yrs),8.7,16.4,12.55,2025-11-27,10,Naukri.com
JOB-103607,Cloud Data Engineer,Data Engineer,Paytm,Fintech,Bengaluru,Karnataka,Tier 1,Hybrid,3,6,Senior (6-9 yrs),8.6,16.2,12.4,2025-11-30,11,LinkedIn
JOB-103608,Operations Analyst,Data Analyst,Amazon,Product / Tech,Chennai,Tamil Nadu,Tier 1,Hybrid,6,10,Lead / Principal (10+ yrs),14.2,24.7,19.45,2025-12-01,10,Naukri.com
JOB-103609,Lead Data Analyst,Data Analyst,Accenture,Consulting / IT,Pune,Maharashtra,Tier 1,On-Site,3,6,Senior (6-9 yrs),6.1,11.5,8.8,2026-01-06,8,LinkedIn
JOB-103610,Reporting Analyst,BI Analyst,Microsoft,Product / Tech,Hyderabad,Telangana,Tier 1,Hybrid,5,9,Senior (6-9 yrs),,,,2026-01-30,10,Naukri.com
JOB-103611,Reporting Analyst,BI Analyst,ICICI Bank,Banking,Mumbai,Maharashtra,Tier 1,On-Site,5,9,Senior (6-9 yrs),,,,2025-12-09,11,Indeed
JOB-103612,SQL Developer,SQL Developer,KPMG,Consulting,Bengaluru,Karnataka,Tier 1,Hybrid,3,5,Mid-Level (3-5 yrs),6.2,11.8,9.0,2026-01-23,10,LinkedIn
JOB-103613,Senior Python Developer,Python Developer,McKinsey & Company,Strategy Consulting,Bengaluru,Karnataka,Tier 1,On-Site,3,7,Senior (6-9 yrs),,,,2025-11-08,9,LinkedIn
JOB-103614,Junior Data Analyst,Data Analyst,Razorpay,Fintech,Mumbai,Maharashtra,Tier 1,Hybrid,0,2,Entry / Junior (0-2 yrs),2.7,5.5,4.1,2026-02-24,11,Indeed
JOB-103615,Operations Analyst,Data Analyst,Fractal Analytics,Pureplay Analytics,Bengaluru,Karnataka,Tier 1,Hybrid,5,8,Senior (6-9 yrs),,,,2025-12-12,9,Naukri.com
JOB-103616,BI & Analytics Specialist,BI Analyst,CRED,Fintech,Bengaluru,Karnataka,Tier 1,On-Site,4,8,Senior (6-9 yrs),8.1,15.2,11.65,2025-10-30,7,Indeed
JOB-103617,Junior Data Engineer,Data Engineer,Accenture,Consulting / IT,Hyderabad,Telangana,Tier 1,On-Site,5,9,Senior (6-9 yrs),14.6,25.3,19.95,2026-01-15,8,Naukri.com
JOB-103618,Reporting Analyst,BI Analyst,KPMG,Consulting,Pune,Maharashtra,Tier 1,Hybrid,2,5,Mid-Level (3-5 yrs),4.1,7.7,5.9,2026-02-04,9,Naukri.com
JOB-103619,PL/SQL Developer,SQL Developer,PwC,Consulting,Bengaluru,Karnataka,Tier 1,Hybrid,1,4,Mid-Level (3-5 yrs),3.7,7.1,5.4,2025-12-18,11,Indeed
JOB-103620,Business Intelligence Analyst,BI Analyst,Razorpay,Fintech,Bengaluru,Karnataka,Tier 1,On-Site,3,5,Mid-Level (3-5 yrs),7.8,14.7,11.25,2025-10-17,12,LinkedIn
JOB-103621,Analytics Engineer,Data Engineer,HSBC,Banking,Hyderabad,Telangana,Tier 1,Hybrid,2,5,Mid-Level (3-5 yrs),5.3,10.0,7.65,2025-12-19,11,LinkedIn
JOB-103622,Analytics Engineer,Data Engineer,Microsoft,Product / Tech,Noida,Uttar Pradesh,Tier 1,On-Site,5,9,Senior (6-9 yrs),11.0,20.7,15.85,2026-01-10,8,Naukri.com
JOB-103623,Python Developer,Python Developer,CRED,Fintech,Hyderabad,Telangana,Tier 1,On-Site,5,9,Senior (6-9 yrs),15.2,26.3,20.75,2025-11-14,9,Naukri.com
JOB-103624,BI & Analytics Specialist,BI Analyst,Morgan Stanley,Banking / Finance,Bengaluru,Karnataka,Tier 1,Hybrid,5,9,Senior (6-9 yrs),14.6,25.3,19.95,2025-09-15,10,LinkedIn
JOB-103625,Big Data Engineer,Data Engineer,Tiger Analytics,Pureplay Analytics,Chennai,Tamil Nadu,Tier 1,Remote,5,9,Senior (6-9 yrs),,,,2026-02-13,12,Naukri.com
JOB-103626,ETL Developer,Data Engineer,LTIMindtree,IT Services,Bengaluru,Karnataka,Tier 1,Hybrid,5,8,Senior (6-9 yrs),,,,2026-02-15,9,Indeed
JOB-103627,Lead Data Analyst,Data Analyst,Zomato,Tech / Consumer,Hyderabad,Telangana,Tier 1,On-Site,1,3,Mid-Level (3-5 yrs),4.0,7.6,5.8,2025-09-01,10,LinkedIn
JOB-103628,Marketing Data Analyst,Data Analyst,Uber,Tech,Bengaluru,Karnataka,Tier 1,Hybrid,2,4,Mid-Level (3-5 yrs),4.5,8.6,6.55,2025-10-31,6,LinkedIn
JOB-103629,Data Engineer,Data Engineer,LTIMindtree,IT Services,Noida,Uttar Pradesh,Tier 1,On-Site,5,7,Senior (6-9 yrs),7.1,13.4,10.25,2025-10-30,8,Naukri.com
JOB-103630,PL/SQL Developer,SQL Developer,Morgan Stanley,Banking / Finance,Pune,Maharashtra,Tier 1,On-Site,1,3,Mid-Level (3-5 yrs),4.4,8.4,6.4,2025-09-10,12,Naukri.com
JOB-103631,Marketing Data Analyst,Data Analyst,Paytm,Fintech,Chennai,Tamil Nadu,Tier 1,On-Site,1,4,Mid-Level (3-5 yrs),3.8,7.1,5.45,2025-11-02,11,LinkedIn
JOB-103632,Cloud Data Engineer,Data Engineer,Google,Product / Tech,Gurgaon,Haryana,Tier 1,On-Site,7,10,Lead / Principal (10+ yrs),19.8,34.4,27.1,2025-11-16,10,LinkedIn
JOB-103633,Python Data Programmer,Python Developer,Microsoft,Product / Tech,Chennai,Tamil Nadu,Tier 1,Remote,7,10,Lead / Principal (10+ yrs),,,,2026-02-13,9,Naukri.com
JOB-103634,Marketing Data Analyst,Data Analyst,Razorpay,Fintech,Gurgaon,Haryana,Tier 1,On-Site,2,4,Mid-Level (3-5 yrs),4.2,8.1,6.15,2025-09-15,7,LinkedIn
JOB-103635,Python Data Programmer,Python Developer,Accenture,Consulting / IT,Bengaluru,Karnataka,Tier 1,On-Site,5,7,Senior (6-9 yrs),7.0,13.2,10.1,2026-02-09,11,LinkedIn
JOB-103636,Big Data Engineer,Data Engineer,LTIMindtree,IT Services,Pune,Maharashtra,Tier 1,Hybrid,2,5,Mid-Level (3-5 yrs),4.2,8.0,6.1,2025-10-16,13,Company Careers Portal
JOB-103637,Junior Python Engineer,Python Developer,HSBC,Banking,Bengaluru,Karnataka,Tier 1,On-Site,2,5,Mid-Level (3-5 yrs),4.5,8.5,6.5,2025-10-19,10,Naukri.com
JOB-103638,Data Analyst,Data Analyst,McKinsey & Company,Strategy Consulting,Bengaluru,Karnataka,Tier 1,On-Site,1,4,Mid-Level (3-5 yrs),4.8,9.0,6.9,2026-02-19,9,LinkedIn
JOB-103639,Database Administrator & SQL Dev,SQL Developer,HSBC,Banking,Pune,Maharashtra,Tier 1,Hybrid,7,10,Lead / Principal (10+ yrs),11.5,19.9,15.7,2026-01-31,10,Company Careers Portal
JOB-103640,PL/SQL Developer,SQL Developer,Flipkart,E-Commerce,Pune,Maharashtra,Tier 1,On-Site,4,6,Senior (6-9 yrs),7.3,13.8,10.55,2025-09-13,11,Naukri.com
JOB-103641,Python Developer,Python Developer,Flipkart,E-Commerce,Chennai,Tamil Nadu,Tier 1,On-Site,3,6,Senior (6-9 yrs),8.6,16.2,12.4,2025-09-01,8,Company Careers Portal
JOB-103642,Business Intelligence Analyst,BI Analyst,Capgemini,IT Services,Bengaluru,Karnataka,Tier 1,Hybrid,5,8,Senior (6-9 yrs),5.7,10.7,8.2,2026-01-05,11,Naukri.com
JOB-103643,Junior Data Engineer,Data Engineer,Tata Consultancy Services,IT Services,Bengaluru,Karnataka,Tier 1,Hybrid,5,9,Senior (6-9 yrs),,,,2025-10-31,8,LinkedIn
JOB-103644,Marketing Data Analyst,Data Analyst,Flipkart,E-Commerce,Bengaluru,Karnataka,Tier 1,Hybrid,3,5,Mid-Level (3-5 yrs),7.5,14.1,10.8,2026-01-12,8,Naukri.com
JOB-103645,Power BI Developer,BI Analyst,Razorpay,Fintech,Hyderabad,Telangana,Tier 1,Hybrid,5,9,Senior (6-9 yrs),13.8,23.9,18.85,2025-09-07,10,Naukri.com
JOB-103646,Healthcare Data Analyst,Data Analyst,Goldman Sachs,Banking / Finance,Hyderabad,Telangana,Tier 1,Hybrid,1,3,Mid-Level (3-5 yrs),4.6,8.7,6.65,2026-01-25,11,Naukri.com
JOB-103647,Python Backend & Analytics Engineer,Python Developer,Standard Chartered,Banking,Remote,All India,Remote,Remote,1,3,Mid-Level (3-5 yrs),4.3,8.2,6.25,2025-10-28,11,LinkedIn
JOB-103648,Junior Python Engineer,Python Developer,HSBC,Banking,Bengaluru,Karnataka,Tier 1,Hybrid,3,5,Mid-Level (3-5 yrs),7.6,14.4,11.0,2025-11-15,11,Naukri.com
JOB-103649,Senior Data Analyst,Data Analyst,Amazon,Product / Tech,Bengaluru,Karnataka,Tier 1,On-Site,1,4,Mid-Level (3-5 yrs),4.8,9.0,6.9,2026-02-14,9,Indeed
JOB-103650,Senior BI Consultant,BI Analyst,Amazon,Product / Tech,Hyderabad,Telangana,Tier 1,On-Site,2,5,Mid-Level (3-5 yrs),5.1,9.7,7.4,2025-09-12,11,LinkedIn
JOB-103651,Big Data Engineer,Data Engineer,ICICI Bank,Banking,Gurgaon,Haryana,Tier 1,On-Site,2,4,Mid-Level (3-5 yrs),4.4,8.3,6.35,2025-11-10,11,LinkedIn
JOB-103652,Senior Data Analyst,Data Analyst,Accenture,Consulting / IT,Hyderabad,Telangana,Tier 1,Hybrid,0,2,Entry / Junior (0-2 yrs),2.3,4.7,3.5,2025-09-10,8,Indeed
JOB-103653,ETL Developer,Data Engineer,Mu Sigma,Pureplay Analytics,Mumbai,Maharashtra,Tier 1,Hybrid,2,4,Mid-Level (3-5 yrs),4.4,8.3,6.35,2025-12-30,8,LinkedIn
JOB-103654,BI Developer,BI Analyst,Tiger Analytics,Pureplay Analytics,Hyderabad,Telangana,Tier 1,On-Site,4,6,Senior (6-9 yrs),7.3,13.8,10.55,2025-10-14,10,Company Careers Portal
JOB-103655,Associate Analyst - Data,Data Analyst,Goldman Sachs,Banking / Finance,Mumbai,Maharashtra,Tier 1,On-Site,0,1,Entry / Junior (0-2 yrs),2.9,6.0,4.45,2026-02-09,10,Indeed
JOB-103656,Lead Data Analyst,Data Analyst,HCL Technologies,IT Services,Hyderabad,Telangana,Tier 1,On-Site,0,2,Entry / Junior (0-2 yrs),1.9,3.8,2.85,2025-11-07,9,Naukri.com
JOB-103657,BI Developer,BI Analyst,JPMorgan Chase,Banking / Finance,Gurgaon,Haryana,Tier 1,Hybrid,4,6,Senior (6-9 yrs),8.1,15.2,11.65,2026-02-04,8,Company Careers Portal
JOB-103658,Big Data Engineer,Data Engineer,Microsoft,Product / Tech,Pune,Maharashtra,Tier 1,On-Site,1,3,Mid-Level (3-5 yrs),6.5,12.3,9.4,2025-12-11,10,LinkedIn
JOB-103659,Lead Data Analyst,Data Analyst,Accenture,Consulting / IT,Bengaluru,Karnataka,Tier 1,Remote,1,4,Mid-Level (3-5 yrs),3.6,6.8,5.2,2026-01-20,8,LinkedIn
JOB-103660,Power BI Developer,BI Analyst,Zomato,Tech / Consumer,Pune,Maharashtra,Tier 1,Hybrid,0,1,Entry / Junior (0-2 yrs),,,,2025-12-01,10,LinkedIn
JOB-103661,Database Administrator & SQL Dev,SQL Developer,ICICI Bank,Banking,Hyderabad,Telangana,Tier 1,Hybrid,6,9,Senior (6-9 yrs),9.6,16.6,13.1,2025-11-29,8,Naukri.com
JOB-103662,Lead Data Analyst,Data Analyst,HSBC,Banking,Bengaluru,Karnataka,Tier 1,Hybrid,0,1,Entry / Junior (0-2 yrs),,,,2025-12-22,7,LinkedIn
JOB-103663,Python Backend & Analytics Engineer,Python Developer,Flipkart,E-Commerce,Chennai,Tamil Nadu,Tier 1,Hybrid,4,8,Senior (6-9 yrs),8.6,16.2,12.4,2025-10-07,10,Naukri.com
JOB-103664,PL/SQL Developer,SQL Developer,Accenture,Consulting / IT,Mumbai,Maharashtra,Tier 1,Remote,5,7,Senior (6-9 yrs),6.0,11.3,8.65,2026-02-16,11,Naukri.com
JOB-103665,Python Developer,Python Developer,Mu Sigma,Pureplay Analytics,Mumbai,Maharashtra,Tier 1,On-Site,4,6,Senior (6-9 yrs),6.4,12.0,9.2,2025-12-24,11,Indeed
JOB-103666,Lead Data Analyst,Data Analyst,LTIMindtree,IT Services,Noida,Uttar Pradesh,Tier 1,Hybrid,2,5,Mid-Level (3-5 yrs),,,,2025-11-22,11,Company Careers Portal
JOB-103667,BI & Analytics Specialist,BI Analyst,Barclays,Banking,Bengaluru,Karnataka,Tier 1,Hybrid,2,5,Mid-Level (3-5 yrs),,,,2026-01-12,7,Naukri.com
JOB-103668,Power BI Developer,BI Analyst,Capgemini,IT Services,Bengaluru,Karnataka,Tier 1,Hybrid,5,8,Senior (6-9 yrs),10.0,17.4,13.7,2026-02-08,10,Indeed
JOB-103669,PL/SQL Developer,SQL Developer,Microsoft,Product / Tech,Pune,Maharashtra,Tier 1,Hybrid,0,2,Entry / Junior (0-2 yrs),3.0,6.1,4.55,2025-09-06,14,Naukri.com
JOB-103670,Marketing Data Analyst,Data Analyst,McKinsey & Company,Strategy Consulting,Mumbai,Maharashtra,Tier 1,Hybrid,2,5,Mid-Level (3-5 yrs),4.8,9.0,6.9,2025-11-19,12,Naukri.com
JOB-103671,Senior BI Consultant,BI Analyst,HDFC Bank,Banking,Bengaluru,Karnataka,Tier 1,Hybrid,7,10,Lead / Principal (10+ yrs),11.0,19.1,15.05,2026-01-28,12,Naukri.com
JOB-103672,Big Data Engineer,Data Engineer,LTIMindtree,IT Services,Chennai,Tamil Nadu,Tier 1,Hybrid,5,7,Senior (6-9 yrs),7.1,13.4,10.25,2026-01-19,10,LinkedIn
JOB-103673,Lead Data Analyst,Data Analyst,Goldman Sachs,Banking / Finance,Gurgaon,Haryana,Tier 1,On-Site,10,14,Lead / Principal (10+ yrs),22.1,38.6,30.35,2026-01-02,10,LinkedIn
JOB-103674,Senior T-SQL Developer,SQL Developer,Mu Sigma,Pureplay Analytics,Pune,Maharashtra,Tier 1,On-Site,7,10,Lead / Principal (10+ yrs),9.6,16.6,13.1,2025-09-02,11,LinkedIn
JOB-103675,Associate Analyst - Data,Data Analyst,HCL Technologies,IT Services,Remote,All India,Remote,Remote,1,3,Mid-Level (3-5 yrs),2.9,5.5,4.2,2025-09-15,7,Indeed
JOB-103676,ETL Developer,Data Engineer,ICICI Bank,Banking,Pune,Maharashtra,Tier 1,On-Site,0,2,Entry / Junior (0-2 yrs),2.8,5.7,4.25,2025-09-01,8,LinkedIn
JOB-103677,Reporting Analyst,BI Analyst,McKinsey & Company,Strategy Consulting,Gurgaon,Haryana,Tier 1,Remote,1,3,Mid-Level (3-5 yrs),5.1,9.7,7.4,2025-11-19,11,Naukri.com
JOB-103678,Operations Analyst,Data Analyst,LTIMindtree,IT Services,Pune,Maharashtra,Tier 1,Remote,4,6,Senior (6-9 yrs),5.3,9.9,7.6,2025-12-31,10,Indeed
JOB-103679,ETL Developer,Data Engineer,Wipro,IT Services,Remote,All India,Remote,Remote,0,2,Entry / Junior (0-2 yrs),,,,2025-12-22,11,LinkedIn
JOB-103680,Analytics Engineer,Data Engineer,HSBC,Banking,Remote,All India,Remote,Remote,0,2,Entry / Junior (0-2 yrs),3.4,6.8,5.1,2026-02-07,8,Naukri.com
JOB-103681,Junior Python Engineer,Python Developer,JPMorgan Chase,Banking / Finance,Bengaluru,Karnataka,Tier 1,Hybrid,0,2,Entry / Junior (0-2 yrs),3.2,6.6,4.9,2025-10-21,10,LinkedIn
JOB-103682,Big Data Engineer,Data Engineer,CRED,Fintech,Bengaluru,Karnataka,Tier 1,Remote,4,7,Senior (6-9 yrs),,,,2026-01-23,7,Naukri.com
JOB-103683,Junior Python Engineer,Python Developer,Barclays,Banking,Bengaluru,Karnataka,Tier 1,Hybrid,5,7,Senior (6-9 yrs),7.8,14.7,11.25,2026-02-28,8,Naukri.com
JOB-103684,Python Developer,Python Developer,EY,Consulting,Mumbai,Maharashtra,Tier 1,Hybrid,10,14,Lead / Principal (10+ yrs),20.7,36.2,28.45,2026-01-06,10,Naukri.com
JOB-103685,ETL Developer,Data Engineer,Standard Chartered,Banking,Hyderabad,Telangana,Tier 1,On-Site,2,5,Mid-Level (3-5 yrs),,,,2025-11-01,10,LinkedIn
JOB-103686,PL/SQL Developer,SQL Developer,ICICI Bank,Banking,Mumbai,Maharashtra,Tier 1,Hybrid,3,7,Senior (6-9 yrs),5.4,10.2,7.8,2026-02-14,14,LinkedIn
JOB-103687,BI Developer,BI Analyst,Cognizant,IT Services,Bengaluru,Karnataka,Tier 1,Remote,5,7,Senior (6-9 yrs),5.5,10.4,7.95,2025-10-06,8,Indeed
JOB-103688,Healthcare Data Analyst,Data Analyst,CRED,Fintech,Hyderabad,Telangana,Tier 1,Remote,3,5,Mid-Level (3-5 yrs),7.5,14.1,10.8,2025-11-18,12,Indeed
JOB-103689,Junior Data Engineer,Data Engineer,LTIMindtree,IT Services,Pune,Maharashtra,Tier 1,On-Site,2,5,Mid-Level (3-5 yrs),4.2,8.0,6.1,2025-09-25,9,Naukri.com
JOB-103690,Database Administrator & SQL Dev,SQL Developer,Infosys,IT Services,Bengaluru,Karnataka,Tier 1,On-Site,3,7,Senior (6-9 yrs),4.8,9.1,6.95,2025-10-14,8,Naukri.com
JOB-103691,Data Engineer,Data Engineer,HCL Technologies,IT Services,Bengaluru,Karnataka,Tier 1,Hybrid,2,4,Mid-Level (3-5 yrs),3.9,7.4,5.65,2025-11-20,9,Indeed
JOB-103692,Python Data Programmer,Python Developer,JPMorgan Chase,Banking / Finance,Pune,Maharashtra,Tier 1,Hybrid,5,9,Senior (6-9 yrs),15.2,26.3,20.75,2026-01-13,8,LinkedIn
JOB-103693,Database Administrator & SQL Dev,SQL Developer,Google,Product / Tech,Mumbai,Maharashtra,Tier 1,Hybrid,1,3,Mid-Level (3-5 yrs),,,,2025-09-14,7,Naukri.com
JOB-103694,Python Data Programmer,Python Developer,Meesho,E-Commerce,Bengaluru,Karnataka,Tier 1,On-Site,0,1,Entry / Junior (0-2 yrs),2.9,6.0,4.45,2025-11-04,11,Naukri.com
JOB-103695,Database Administrator & SQL Dev,SQL Developer,Wipro,IT Services,Pune,Maharashtra,Tier 1,On-Site,3,7,Senior (6-9 yrs),4.6,8.6,6.6,2025-10-24,10,Indeed
JOB-103696,Reporting Analyst,BI Analyst,Accenture,Consulting / IT,Mumbai,Maharashtra,Tier 1,Hybrid,7,11,Lead / Principal (10+ yrs),11.7,20.2,15.95,2026-02-22,11,Naukri.com
JOB-103697,Cloud Data Engineer,Data Engineer,Standard Chartered,Banking,Bengaluru,Karnataka,Tier 1,On-Site,0,2,Entry / Junior (0-2 yrs),,,,2025-11-09,8,LinkedIn
JOB-103698,Cloud Data Engineer,Data Engineer,Zomato,Tech / Consumer,Gurgaon,Haryana,Tier 1,Hybrid,1,4,Mid-Level (3-5 yrs),5.4,10.3,7.85,2025-12-11,9,LinkedIn
JOB-103699,Database Developer (SQL),SQL Developer,Barclays,Banking,Bengaluru,Karnataka,Tier 1,On-Site,2,4,Mid-Level (3-5 yrs),,,,2026-01-14,12,LinkedIn
JOB-103700,Junior Data Analyst,Data Analyst,Capgemini,IT Services,Chennai,Tamil Nadu,Tier 1,Hybrid,1,3,Mid-Level (3-5 yrs),,,,2026-02-01,9,Naukri.com
JOB-103701,Junior Python Engineer,Python Developer,Zomato,Tech / Consumer,Bengaluru,Karnataka,Tier 1,On-Site,4,7,Senior (6-9 yrs),7.8,14.7,11.25,2026-02-20,9,LinkedIn
JOB-103702,Data Analyst,Data Analyst,Tiger Analytics,Pureplay Analytics,Mumbai,Maharashtra,Tier 1,On-Site,1,3,Mid-Level (3-5 yrs),4.0,7.6,5.8,2025-11-16,9,LinkedIn
JOB-103703,Database Developer (SQL),SQL Developer,Standard Chartered,Banking,Bengaluru,Karnataka,Tier 1,On-Site,1,4,Mid-Level (3-5 yrs),3.7,7.0,5.35,2025-12-21,10,LinkedIn
JOB-103704,Python Developer,Python Developer,Mu Sigma,Pureplay Analytics,Chennai,Tamil Nadu,Tier 1,Remote,2,4,Mid-Level (3-5 yrs),3.7,7.1,5.4,2025-12-18,11,LinkedIn
JOB-103705,Big Data Engineer,Data Engineer,Barclays,Banking,Bengaluru,Karnataka,Tier 1,Hybrid,2,5,Mid-Level (3-5 yrs),5.4,10.3,7.85,2026-01-21,14,Naukri.com
JOB-103706,Operations Analyst,Data Analyst,Standard Chartered,Banking,Bengaluru,Karnataka,Tier 1,Hybrid,5,9,Senior (6-9 yrs),,,,2026-01-21,7,Indeed
JOB-103707,Python Data Programmer,Python Developer,Razorpay,Fintech,Hyderabad,Telangana,Tier 1,Remote,3,5,Mid-Level (3-5 yrs),8.3,15.6,11.95,2025-10-07,8,Indeed
JOB-103708,BI Developer,BI Analyst,Goldman Sachs,Banking / Finance,Gurgaon,Haryana,Tier 1,On-Site,5,7,Senior (6-9 yrs),8.4,15.9,12.15,2025-12-05,12,LinkedIn
JOB-103709,Operations Analyst,Data Analyst,Capgemini,IT Services,Hyderabad,Telangana,Tier 1,On-Site,1,3,Mid-Level (3-5 yrs),3.1,5.9,4.5,2026-02-11,9,LinkedIn
JOB-103710,Junior Data Analyst,Data Analyst,Swiggy,Tech / Consumer,Remote,All India,Remote,Remote,5,8,Senior (6-9 yrs),,,,2025-10-13,13,Naukri.com
JOB-103711,Senior Python Developer,Python Developer,Cognizant,IT Services,Hyderabad,Telangana,Tier 1,Hybrid,2,4,Mid-Level (3-5 yrs),3.4,6.6,5.0,2026-01-04,13,LinkedIn
JOB-103712,Python Developer,Python Developer,LTIMindtree,IT Services,Mumbai,Maharashtra,Tier 1,Hybrid,0,2,Entry / Junior (0-2 yrs),2.3,4.6,3.45,2025-12-22,13,LinkedIn
JOB-103713,Senior Data Analyst,Data Analyst,PwC,Consulting,Hyderabad,Telangana,Tier 1,Hybrid,5,9,Senior (6-9 yrs),,,,2025-11-26,10,LinkedIn
JOB-103714,Cloud Data Engineer,Data Engineer,Fractal Analytics,Pureplay Analytics,Gurgaon,Haryana,Tier 1,Remote,5,9,Senior (6-9 yrs),,,,2025-11-28,7,LinkedIn
JOB-103715,Junior Data Analyst,Data Analyst,Meesho,E-Commerce,Hyderabad,Telangana,Tier 1,Hybrid,3,6,Senior (6-9 yrs),6.8,12.8,9.8,2025-10-29,11,Naukri.com
JOB-103716,BI Developer,BI Analyst,Barclays,Banking,Bengaluru,Karnataka,Tier 1,On-Site,3,7,Senior (6-9 yrs),7.3,13.8,10.55,2025-12-16,9,LinkedIn
JOB-103717,Associate Analyst - Data,Data Analyst,Flipkart,E-Commerce,Bengaluru,Karnataka,Tier 1,Hybrid,6,10,Lead / Principal (10+ yrs),13.2,22.9,18.05,2025-11-14,11,LinkedIn
JOB-103718,Analytics Engineer,Data Engineer,Barclays,Banking,Mumbai,Maharashtra,Tier 1,Hybrid,0,1,Entry / Junior (0-2 yrs),3.5,7.0,5.25,2026-02-24,11,Naukri.com
JOB-103719,Healthcare Data Analyst,Data Analyst,Meesho,E-Commerce,Pune,Maharashtra,Tier 1,On-Site,0,1,Entry / Junior (0-2 yrs),2.6,5.2,3.9,2025-12-15,10,Naukri.com
JOB-103720,Cloud Data Engineer,Data Engineer,Fractal Analytics,Pureplay Analytics,Hyderabad,Telangana,Tier 1,On-Site,1,4,Mid-Level (3-5 yrs),5.5,10.5,8.0,2025-11-17,9,Company Careers Portal
JOB-103721,BI & Analytics Specialist,BI Analyst,HDFC Bank,Banking,Bengaluru,Karnataka,Tier 1,On-Site,0,2,Entry / Junior (0-2 yrs),2.4,4.8,3.6,2026-02-20,11,LinkedIn
JOB-103722,Junior Data Analyst,Data Analyst,HCL Technologies,IT Services,Pune,Maharashtra,Tier 1,On-Site,0,2,Entry / Junior (0-2 yrs),1.9,3.8,2.85,2026-01-20,11,Naukri.com
JOB-103723,Senior T-SQL Developer,SQL Developer,Deloitte,Consulting,Gurgaon,Haryana,Tier 1,On-Site,2,5,Mid-Level (3-5 yrs),3.8,7.3,5.55,2025-12-16,9,Naukri.com
JOB-103724,Python Backend & Analytics Engineer,Python Developer,Zomato,Tech / Consumer,Hyderabad,Telangana,Tier 1,On-Site,0,2,Entry / Junior (0-2 yrs),2.9,6.0,4.45,2026-01-03,11,LinkedIn
JOB-103725,Junior Python Engineer,Python Developer,Deloitte,Consulting,Hyderabad,Telangana,Tier 1,On-Site,9,14,Lead / Principal (10+ yrs),21.5,37.7,29.6,2026-01-27,6,LinkedIn
JOB-103726,Data Engineer,Data Engineer,Morgan Stanley,Banking / Finance,Mumbai,Maharashtra,Tier 1,On-Site,2,5,Mid-Level (3-5 yrs),6.1,11.5,8.8,2026-02-07,10,LinkedIn
JOB-103727,BI & Analytics Specialist,BI Analyst,Mu Sigma,Pureplay Analytics,Bengaluru,Karnataka,Tier 1,Hybrid,4,7,Senior (6-9 yrs),,,,2025-09-19,8,Naukri.com
JOB-103728,Python Backend & Analytics Engineer,Python Developer,Fractal Analytics,Pureplay Analytics,Hyderabad,Telangana,Tier 1,On-Site,2,4,Mid-Level (3-5 yrs),4.7,9.0,6.85,2025-09-26,10,Company Careers Portal
JOB-103729,Business Intelligence Analyst,BI Analyst,LTIMindtree,IT Services,Bengaluru,Karnataka,Tier 1,On-Site,5,7,Senior (6-9 yrs),5.7,10.7,8.2,2025-12-25,9,Naukri.com
JOB-103730,Financial Data Analyst,Data Analyst,Accenture,Consulting / IT,Gurgaon,Haryana,Tier 1,On-Site,5,9,Senior (6-9 yrs),10.8,18.7,14.75,2025-11-08,11,Naukri.com
JOB-103731,BI Developer,BI Analyst,Microsoft,Product / Tech,Bengaluru,Karnataka,Tier 1,Hybrid,6,9,Senior (6-9 yrs),,,,2025-11-21,11,Company Careers Portal
JOB-103732,Data Engineer,Data Engineer,HSBC,Banking,Hyderabad,Telangana,Tier 1,On-Site,7,10,Lead / Principal (10+ yrs),15.8,27.4,21.6,2025-11-25,12,Naukri.com
JOB-103733,Junior Data Analyst,Data Analyst,KPMG,Consulting,Bengaluru,Karnataka,Tier 1,On-Site,2,5,Mid-Level (3-5 yrs),3.8,7.1,5.45,2025-12-03,8,Naukri.com
JOB-103734,Junior Data Engineer,Data Engineer,McKinsey & Company,Strategy Consulting,Gurgaon,Haryana,Tier 1,Hybrid,4,8,Senior (6-9 yrs),,,,2025-10-12,9,Naukri.com
JOB-103735,Marketing Data Analyst,Data Analyst,McKinsey & Company,Strategy Consulting,Bengaluru,Karnataka,Tier 1,Hybrid,1,3,Mid-Level (3-5 yrs),4.8,9.0,6.9,2025-12-30,10,LinkedIn
JOB-103736,Financial Data Analyst,Data Analyst,ICICI Bank,Banking,Bengaluru,Karnataka,Tier 1,Remote,8,13,Lead / Principal (10+ yrs),15.6,27.3,21.45,2025-10-06,12,LinkedIn
JOB-103737,Senior Python Developer,Python Developer,EY,Consulting,Bengaluru,Karnataka,Tier 1,Hybrid,0,1,Entry / Junior (0-2 yrs),2.8,5.6,4.2,2025-09-07,6,Indeed
JOB-103738,Senior Data Analyst,Data Analyst,Barclays,Banking,Pune,Maharashtra,Tier 1,On-Site,2,4,Mid-Level (3-5 yrs),4.0,7.6,5.8,2026-01-05,9,Naukri.com
JOB-103739,Senior Data Analyst,Data Analyst,EY,Consulting,Bengaluru,Karnataka,Tier 1,On-Site,10,15,Lead / Principal (10+ yrs),18.0,31.5,24.75,2025-12-14,10,Naukri.com
JOB-103740,Marketing Data Analyst,Data Analyst,Meesho,E-Commerce,Hyderabad,Telangana,Tier 1,Hybrid,2,4,Mid-Level (3-5 yrs),4.0,7.6,5.8,2025-10-19,6,Naukri.com
JOB-103741,Senior T-SQL Developer,SQL Developer,Infosys,IT Services,Hyderabad,Telangana,Tier 1,Remote,2,4,Mid-Level (3-5 yrs),2.8,5.4,4.1,2025-10-10,11,LinkedIn
JOB-103742,Python Data Programmer,Python Developer,EY,Consulting,Mumbai,Maharashtra,Tier 1,On-Site,0,2,Entry / Junior (0-2 yrs),2.8,5.6,4.2,2025-09-25,7,LinkedIn
JOB-103743,Python Developer,Python Developer,CRED,Fintech,Mumbai,Maharashtra,Tier 1,Hybrid,3,5,Mid-Level (3-5 yrs),8.6,16.2,12.4,2026-01-04,9,Naukri.com
JOB-103744,Business Intelligence Analyst,BI Analyst,Paytm,Fintech,Hyderabad,Telangana,Tier 1,On-Site,7,11,Lead / Principal (10+ yrs),12.2,21.1,16.65,2025-12-08,10,LinkedIn
JOB-103745,Business Intelligence Analyst,BI Analyst,HCL Technologies,IT Services,Mumbai,Maharashtra,Tier 1,On-Site,7,11,Lead / Principal (10+ yrs),9.4,16.3,12.85,2025-10-13,10,LinkedIn
JOB-103746,Reporting Analyst,BI Analyst,EY,Consulting,Pune,Maharashtra,Tier 1,On-Site,2,5,Mid-Level (3-5 yrs),4.1,7.7,5.9,2025-11-14,9,LinkedIn
JOB-103747,Financial Data Analyst,Data Analyst,EY,Consulting,Bengaluru,Karnataka,Tier 1,On-Site,0,1,Entry / Junior (0-2 yrs),2.4,4.9,3.65,2025-12-19,11,Naukri.com
JOB-103748,Data Engineer,Data Engineer,ICICI Bank,Banking,Remote,All India,Remote,Remote,1,4,Mid-Level (3-5 yrs),,,,2025-10-11,11,LinkedIn
JOB-103749,Senior BI Consultant,BI Analyst,Cognizant,IT Services,Bengaluru,Karnataka,Tier 1,Hybrid,1,4,Mid-Level (3-5 yrs),3.2,6.2,4.7,2025-12-26,10,Naukri.com
JOB-103750,Tableau Developer,BI Analyst,EY,Consulting,Bengaluru,Karnataka,Tier 1,On-Site,5,9,Senior (6-9 yrs),12.2,21.1,16.65,2025-09-08,10,LinkedIn
JOB-103751,Senior Python Developer,Python Developer,Mu Sigma,Pureplay Analytics,Bengaluru,Karnataka,Tier 1,Hybrid,2,5,Mid-Level (3-5 yrs),,,,2026-01-26,8,LinkedIn
JOB-103752,Associate Analyst - Data,Data Analyst,Tata Consultancy Services,IT Services,Bengaluru,Karnataka,Tier 1,On-Site,3,5,Mid-Level (3-5 yrs),4.7,8.8,6.75,2025-10-27,8,LinkedIn
JOB-103753,Data Analyst,Data Analyst,HSBC,Banking,Remote,All India,Remote,Remote,4,7,Senior (6-9 yrs),6.6,12.5,9.55,2025-11-01,9,LinkedIn
JOB-103754,Junior Data Engineer,Data Engineer,Razorpay,Fintech,Noida,Uttar Pradesh,Tier 1,On-Site,7,11,Lead / Principal (10+ yrs),17.2,29.8,23.5,2026-01-29,6,Naukri.com
JOB-103755,Senior Data Analyst,Data Analyst,Cognizant,IT Services,Bengaluru,Karnataka,Tier 1,Remote,3,7,Senior (6-9 yrs),,,,2025-10-22,13,Naukri.com
JOB-103756,Python Developer,Python Developer,HDFC Bank,Banking,Hyderabad,Telangana,Tier 1,On-Site,2,5,Mid-Level (3-5 yrs),3.9,7.4,5.65,2026-01-22,9,Company Careers Portal
JOB-103757,Business Intelligence Analyst,BI Analyst,Capgemini,IT Services,Pune,Maharashtra,Tier 1,On-Site,1,4,Mid-Level (3-5 yrs),,,,2025-11-01,10,Indeed
JOB-103758,Power BI Developer,BI Analyst,Fractal Analytics,Pureplay Analytics,Mumbai,Maharashtra,Tier 1,Hybrid,5,8,Senior (6-9 yrs),7.5,14.2,10.85,2025-11-09,10,Indeed
JOB-103759,Junior Python Engineer,Python Developer,Tiger Analytics,Pureplay Analytics,Bengaluru,Karnataka,Tier 1,On-Site,7,10,Lead / Principal (10+ yrs),13.8,23.9,18.85,2026-02-16,8,Naukri.com
JOB-103760,Analytics Engineer,Data Engineer,PhonePe,Fintech,Bengaluru,Karnataka,Tier 1,Hybrid,3,5,Mid-Level (3-5 yrs),9.9,18.6,14.25,2025-10-04,8,Naukri.com
JOB-103761,Marketing Data Analyst,Data Analyst,JPMorgan Chase,Banking / Finance,Chennai,Tamil Nadu,Tier 1,Hybrid,3,7,Senior (6-9 yrs),7.5,14.1,10.8,2025-09-27,11,LinkedIn
JOB-103762,Python Backend & Analytics Engineer,Python Developer,CRED,Fintech,Gurgaon,Haryana,Tier 1,Hybrid,4,6,Senior (6-9 yrs),8.6,16.2,12.4,2025-12-20,10,Naukri.com
JOB-103763,Operations Analyst,Data Analyst,CRED,Fintech,Hyderabad,Telangana,Tier 1,Hybrid,2,4,Mid-Level (3-5 yrs),4.4,8.4,6.4,2025-09-07,10,Indeed
JOB-103764,Big Data Engineer,Data Engineer,Microsoft,Product / Tech,Hyderabad,Telangana,Tier 1,On-Site,4,8,Senior (6-9 yrs),11.0,20.7,15.85,2025-09-18,10,LinkedIn
JOB-103765,Database Developer (SQL),SQL Developer,Amazon,Product / Tech,Bengaluru,Karnataka,Tier 1,On-Site,8,13,Lead / Principal (10+ yrs),22.3,39.1,30.7,2025-11-26,10,Indeed
JOB-103766,Reporting Analyst,BI Analyst,Capgemini,IT Services,Hyderabad,Telangana,Tier 1,Hybrid,1,3,Mid-Level (3-5 yrs),3.3,6.4,4.85,2026-01-25,11,LinkedIn
JOB-103767,Tableau Developer,BI Analyst,Wipro,IT Services,Chennai,Tamil Nadu,Tier 1,On-Site,1,3,Mid-Level (3-5 yrs),3.0,5.6,4.3,2026-01-21,9,Naukri.com
JOB-103768,Associate Analyst - Data,Data Analyst,Fractal Analytics,Pureplay Analytics,Gurgaon,Haryana,Tier 1,On-Site,7,11,Lead / Principal (10+ yrs),12.3,21.3,16.8,2025-10-12,7,LinkedIn
JOB-103769,Database Developer (SQL),SQL Developer,Google,Product / Tech,Chennai,Tamil Nadu,Tier 1,On-Site,2,4,Mid-Level (3-5 yrs),4.8,9.1,6.95,2026-01-15,13,Naukri.com
JOB-103770,Analytics Engineer,Data Engineer,Tata Consultancy Services,IT Services,Pune,Maharashtra,Tier 1,Hybrid,1,3,Mid-Level (3-5 yrs),3.7,7.1,5.4,2026-01-13,7,Naukri.com
JOB-103771,Senior T-SQL Developer,SQL Developer,Accenture,Consulting / IT,Hyderabad,Telangana,Tier 1,Hybrid,2,5,Mid-Level (3-5 yrs),3.5,6.7,5.1,2026-01-24,11,Naukri.com
JOB-103772,Financial Data Analyst,Data Analyst,Zomato,Tech / Consumer,Gurgaon,Haryana,Tier 1,On-Site,2,5,Mid-Level (3-5 yrs),4.0,7.6,5.8,2025-11-26,10,LinkedIn
JOB-103773,Senior BI Consultant,BI Analyst,Swiggy,Tech / Consumer,Pune,Maharashtra,Tier 1,Hybrid,3,6,Senior (6-9 yrs),7.5,14.2,10.85,2025-09-29,10,LinkedIn
JOB-103774,Analytics Engineer,Data Engineer,Zomato,Tech / Consumer,Bengaluru,Karnataka,Tier 1,Hybrid,1,4,Mid-Level (3-5 yrs),5.4,10.3,7.85,2025-12-20,8,LinkedIn
JOB-103775,Big Data Engineer,Data Engineer,Razorpay,Fintech,Hyderabad,Telangana,Tier 1,On-Site,6,9,Senior (6-9 yrs),17.2,29.8,23.5,2025-10-12,10,LinkedIn
JOB-103776,Operations Analyst,Data Analyst,Capgemini,IT Services,Pune,Maharashtra,Tier 1,On-Site,2,5,Mid-Level (3-5 yrs),3.1,5.9,4.5,2026-01-22,11,Naukri.com
JOB-103777,BI Developer,BI Analyst,LTIMindtree,IT Services,Bengaluru,Karnataka,Tier 1,On-Site,4,7,Senior (6-9 yrs),,,,2025-10-20,10,LinkedIn
JOB-103778,Senior Data Analyst,Data Analyst,Wipro,IT Services,Bengaluru,Karnataka,Tier 1,Hybrid,0,2,Entry / Junior (0-2 yrs),1.8,3.6,2.7,2026-01-25,10,LinkedIn
JOB-103779,Big Data Engineer,Data Engineer,Fractal Analytics,Pureplay Analytics,Noida,Uttar Pradesh,Tier 1,Hybrid,9,13,Lead / Principal (10+ yrs),,,,2026-02-01,8,LinkedIn
JOB-103780,Lead Data Analyst,Data Analyst,Wipro,IT Services,Gurgaon,Haryana,Tier 1,On-Site,2,4,Mid-Level (3-5 yrs),2.8,5.2,4.0,2025-09-01,11,Indeed
JOB-103781,BI Developer,BI Analyst,Mu Sigma,Pureplay Analytics,Mumbai,Maharashtra,Tier 1,On-Site,1,3,Mid-Level (3-5 yrs),3.5,6.7,5.1,2025-09-28,11,Naukri.com
JOB-103782,Power BI Developer,BI Analyst,Wipro,IT Services,Hyderabad,Telangana,Tier 1,On-Site,5,8,Senior (6-9 yrs),5.0,9.5,7.25,2025-09-16,10,Naukri.com
JOB-103783,Senior Python Developer,Python Developer,Google,Product / Tech,Gurgaon,Haryana,Tier 1,On-Site,3,7,Senior (6-9 yrs),9.6,18.0,13.8,2025-11-10,9,Company Careers Portal
JOB-103784,Python Backend & Analytics Engineer,Python Developer,Flipkart,E-Commerce,Pune,Maharashtra,Tier 1,Hybrid,5,8,Senior (6-9 yrs),15.2,26.3,20.75,2025-12-12,10,LinkedIn
JOB-103785,Database Developer (SQL),SQL Developer,Swiggy,Tech / Consumer,Bengaluru,Karnataka,Tier 1,Hybrid,5,9,Senior (6-9 yrs),,,,2025-10-20,11,Naukri.com
JOB-103786,Data Analyst,Data Analyst,Tata Consultancy Services,IT Services,Gurgaon,Haryana,Tier 1,On-Site,6,9,Senior (6-9 yrs),8.2,14.3,11.25,2026-01-19,12,Indeed
JOB-103787,Senior Python Developer,Python Developer,Zomato,Tech / Consumer,Noida,Uttar Pradesh,Tier 1,On-Site,4,6,Senior (6-9 yrs),7.8,14.7,11.25,2025-09-03,6,LinkedIn
JOB-103788,Junior Data Analyst,Data Analyst,Morgan Stanley,Banking / Finance,Mumbai,Maharashtra,Tier 1,On-Site,0,1,Entry / Junior (0-2 yrs),2.9,5.9,4.4,2025-12-18,9,LinkedIn
JOB-103789,Financial Data Analyst,Data Analyst,ICICI Bank,Banking,Mumbai,Maharashtra,Tier 1,On-Site,3,7,Senior (6-9 yrs),5.5,10.4,7.95,2025-09-23,12,Naukri.com
JOB-103790,Junior Python Engineer,Python Developer,HSBC,Banking,Bengaluru,Karnataka,Tier 1,On-Site,4,8,Senior (6-9 yrs),7.6,14.4,11.0,2025-10-14,11,LinkedIn
JOB-103791,BI & Analytics Specialist,BI Analyst,KPMG,Consulting,Pune,Maharashtra,Tier 1,Hybrid,2,4,Mid-Level (3-5 yrs),4.1,7.7,5.9,2025-12-02,11,Indeed
JOB-103792,Junior Python Engineer,Python Developer,Google,Product / Tech,Chennai,Tamil Nadu,Tier 1,Remote,1,3,Mid-Level (3-5 yrs),5.6,10.7,8.15,2026-02-02,10,Naukri.com
JOB-103793,Junior Data Engineer,Data Engineer,Paytm,Fintech,Mumbai,Maharashtra,Tier 1,Hybrid,3,7,Senior (6-9 yrs),,,,2026-01-30,10,Company Careers Portal
JOB-103794,Senior Data Engineer,Data Engineer,Razorpay,Fintech,Bengaluru,Karnataka,Tier 1,Hybrid,3,6,Senior (6-9 yrs),9.8,18.4,14.1,2025-10-08,8,LinkedIn
JOB-103795,SQL Developer,SQL Developer,Fractal Analytics,Pureplay Analytics,Bengaluru,Karnataka,Tier 1,On-Site,1,4,Mid-Level (3-5 yrs),4.0,7.6,5.8,2025-10-06,8,Naukri.com
JOB-103796,Python Backend & Analytics Engineer,Python Developer,Paytm,Fintech,Hyderabad,Telangana,Tier 1,Hybrid,0,2,Entry / Junior (0-2 yrs),,,,2025-11-01,9,LinkedIn
JOB-103797,Junior Data Analyst,Data Analyst,EY,Consulting,Hyderabad,Telangana,Tier 1,Hybrid,4,7,Senior (6-9 yrs),6.4,12.0,9.2,2025-10-04,12,Naukri.com
JOB-103798,BI Developer,BI Analyst,Mu Sigma,Pureplay Analytics,Mumbai,Maharashtra,Tier 1,On-Site,1,3,Mid-Level (3-5 yrs),3.5,6.7,5.1,2026-02-01,8,LinkedIn
JOB-103799,Power BI Developer,BI Analyst,Zomato,Tech / Consumer,Bengaluru,Karnataka,Tier 1,Hybrid,8,12,Lead / Principal (10+ yrs),20.7,36.3,28.5,2026-01-24,9,Naukri.com
JOB-103800,Lead Data Analyst,Data Analyst,Accenture,Consulting / IT,Bengaluru,Karnataka,Tier 1,On-Site,6,10,Lead / Principal (10+ yrs),10.8,18.7,14.75,2025-11-19,9,LinkedIn
JOB-103801,Database Administrator & SQL Dev,SQL Developer,Meesho,E-Commerce,Bengaluru,Karnataka,Tier 1,On-Site,2,5,Mid-Level (3-5 yrs),3.9,7.4,5.65,2026-01-24,11,LinkedIn
JOB-103802,Senior Data Analyst,Data Analyst,McKinsey & Company,Strategy Consulting,Mumbai,Maharashtra,Tier 1,On-Site,4,7,Senior (6-9 yrs),,,,2026-02-10,8,LinkedIn
JOB-103803,Healthcare Data Analyst,Data Analyst,JPMorgan Chase,Banking / Finance,Mumbai,Maharashtra,Tier 1,Remote,4,6,Senior (6-9 yrs),,,,2026-01-11,11,LinkedIn
JOB-103804,Cloud Data Engineer,Data Engineer,KPMG,Consulting,Gurgaon,Haryana,Tier 1,Remote,5,8,Senior (6-9 yrs),8.6,16.2,12.4,2025-11-13,8,LinkedIn
JOB-103805,Junior Data Analyst,Data Analyst,HSBC,Banking,Hyderabad,Telangana,Tier 1,On-Site,3,5,Mid-Level (3-5 yrs),,,,2025-09-05,9,Naukri.com
JOB-103806,Business Intelligence Analyst,BI Analyst,PhonePe,Fintech,Gurgaon,Haryana,Tier 1,Hybrid,0,2,Entry / Junior (0-2 yrs),3.0,6.0,4.5,2026-02-11,10,LinkedIn
JOB-103807,Junior Data Analyst,Data Analyst,Mu Sigma,Pureplay Analytics,Hyderabad,Telangana,Tier 1,Hybrid,10,15,Lead / Principal (10+ yrs),15.6,27.3,21.45,2025-11-27,8,LinkedIn
JOB-103808,SQL Developer,SQL Developer,Deloitte,Consulting,Bengaluru,Karnataka,Tier 1,Hybrid,5,9,Senior (6-9 yrs),11.5,19.9,15.7,2025-11-01,13,Naukri.com
JOB-103809,Healthcare Data Analyst,Data Analyst,Paytm,Fintech,Pune,Maharashtra,Tier 1,Remote,2,4,Mid-Level (3-5 yrs),3.8,7.1,5.45,2025-12-29,12,Naukri.com
JOB-103810,Reporting Analyst,BI Analyst,Wipro,IT Services,Gurgaon,Haryana,Tier 1,Remote,2,4,Mid-Level (3-5 yrs),3.0,5.6,4.3,2025-12-01,10,Company Careers Portal
JOB-103811,Senior Data Analyst,Data Analyst,Capgemini,IT Services,Hyderabad,Telangana,Tier 1,Hybrid,6,9,Senior (6-9 yrs),9.3,16.1,12.7,2025-09-12,12,LinkedIn
JOB-103812,Database Developer (SQL),SQL Developer,Accenture,Consulting / IT,Gurgaon,Haryana,Tier 1,Hybrid,0,1,Entry / Junior (0-2 yrs),2.3,4.6,3.45,2026-02-27,10,Indeed
JOB-103813,Business Intelligence Analyst,BI Analyst,CRED,Fintech,Mumbai,Maharashtra,Tier 1,On-Site,9,14,Lead / Principal (10+ yrs),,,,2026-02-10,8,Indeed
JOB-103814,Data Engineer,Data Engineer,Morgan Stanley,Banking / Finance,Pune,Maharashtra,Tier 1,Hybrid,4,6,Senior (6-9 yrs),10.3,19.4,14.85,2026-02-08,7,Naukri.com
JOB-103815,Business Intelligence Analyst,BI Analyst,HSBC,Banking,Hyderabad,Telangana,Tier 1,Hybrid,8,12,Lead / Principal (10+ yrs),20.2,35.4,27.8,2025-12-19,12,LinkedIn
JOB-103816,Cloud Data Engineer,Data Engineer,Standard Chartered,Banking,Bengaluru,Karnataka,Tier 1,Hybrid,3,7,Senior (6-9 yrs),,,,2025-11-25,8,Indeed
JOB-103817,Marketing Data Analyst,Data Analyst,Capgemini,IT Services,Bengaluru,Karnataka,Tier 1,Remote,0,1,Entry / Junior (0-2 yrs),2.0,4.0,3.0,2026-02-24,6,Indeed
JOB-103818,Associate Analyst - Data,Data Analyst,Goldman Sachs,Banking / Finance,Pune,Maharashtra,Tier 1,On-Site,2,4,Mid-Level (3-5 yrs),4.6,8.7,6.65,2025-10-14,9,LinkedIn
JOB-103819,BI Developer,BI Analyst,Razorpay,Fintech,Chennai,Tamil Nadu,Tier 1,Hybrid,4,6,Senior (6-9 yrs),7.8,14.7,11.25,2025-10-31,8,Naukri.com
JOB-103820,Junior Python Engineer,Python Developer,HDFC Bank,Banking,Gurgaon,Haryana,Tier 1,Hybrid,1,3,Mid-Level (3-5 yrs),3.9,7.4,5.65,2025-09-24,9,Naukri.com
JOB-103821,Data Analyst,Data Analyst,Microsoft,Product / Tech,Hyderabad,Telangana,Tier 1,On-Site,2,5,Mid-Level (3-5 yrs),4.8,9.1,6.95,2025-12-24,14,Indeed
JOB-103822,BI Developer,BI Analyst,Tiger Analytics,Pureplay Analytics,Bengaluru,Karnataka,Tier 1,On-Site,4,6,Senior (6-9 yrs),7.3,13.8,10.55,2025-10-07,11,Naukri.com
JOB-103823,Operations Analyst,Data Analyst,HDFC Bank,Banking,Noida,Uttar Pradesh,Tier 1,Hybrid,5,9,Senior (6-9 yrs),10.2,17.7,13.95,2025-12-07,6,LinkedIn
JOB-103824,Python Data Programmer,Python Developer,Google,Product / Tech,Pune,Maharashtra,Tier 1,On-Site,10,15,Lead / Principal (10+ yrs),,,,2025-11-23,13,Indeed
JOB-103825,Power BI Developer,BI Analyst,PwC,Consulting,Bengaluru,Karnataka,Tier 1,Hybrid,1,4,Mid-Level (3-5 yrs),4.1,7.8,5.95,2025-12-21,11,Naukri.com
JOB-103826,ETL Developer,Data Engineer,Fractal Analytics,Pureplay Analytics,Gurgaon,Haryana,Tier 1,On-Site,1,3,Mid-Level (3-5 yrs),5.5,10.5,8.0,2025-11-11,11,LinkedIn
JOB-103827,SQL Developer,SQL Developer,LTIMindtree,IT Services,Bengaluru,Karnataka,Tier 1,Hybrid,4,6,Senior (6-9 yrs),5.2,9.7,7.45,2025-11-27,11,LinkedIn
JOB-103828,Python Backend & Analytics Engineer,Python Developer,HCL Technologies,IT Services,Pune,Maharashtra,Tier 1,Remote,0,2,Entry / Junior (0-2 yrs),2.1,4.3,3.2,2026-01-22,10,LinkedIn
JOB-103829,Financial Data Analyst,Data Analyst,Zomato,Tech / Consumer,Pune,Maharashtra,Tier 1,On-Site,3,7,Senior (6-9 yrs),6.8,12.8,9.8,2025-09-24,10,Indeed
JOB-103830,Senior Data Engineer,Data Engineer,McKinsey & Company,Strategy Consulting,Bengaluru,Karnataka,Tier 1,Hybrid,0,1,Entry / Junior (0-2 yrs),4.1,8.3,6.2,2026-01-06,9,LinkedIn
JOB-103831,Tableau Developer,BI Analyst,Microsoft,Product / Tech,Mumbai,Maharashtra,Tier 1,Hybrid,2,4,Mid-Level (3-5 yrs),,,,2026-02-09,13,Naukri.com
JOB-103832,Power BI Developer,BI Analyst,JPMorgan Chase,Banking / Finance,Bengaluru,Karnataka,Tier 1,On-Site,3,6,Senior (6-9 yrs),8.1,15.2,11.65,2025-10-22,12,Company Careers Portal
JOB-103833,Financial Data Analyst,Data Analyst,Deloitte,Consulting,Bengaluru,Karnataka,Tier 1,Remote,3,6,Senior (6-9 yrs),6.6,12.5,9.55,2025-09-27,10,Naukri.com
JOB-103834,Tableau Developer,BI Analyst,HCL Technologies,IT Services,Noida,Uttar Pradesh,Tier 1,Hybrid,5,8,Senior (6-9 yrs),,,,2025-12-03,10,LinkedIn
JOB-103835,Data Analyst,Data Analyst,ICICI Bank,Banking,Bengaluru,Karnataka,Tier 1,Hybrid,5,9,Senior (6-9 yrs),9.8,16.9,13.35,2025-10-14,9,Naukri.com
JOB-103836,Senior Data Engineer,Data Engineer,Standard Chartered,Banking,Pune,Maharashtra,Tier 1,On-Site,7,11,Lead / Principal (10+ yrs),15.2,26.3,20.75,2025-10-07,9,LinkedIn
JOB-103837,Senior BI Consultant,BI Analyst,Barclays,Banking,Gurgaon,Haryana,Tier 1,Hybrid,3,6,Senior (6-9 yrs),7.3,13.8,10.55,2025-11-18,9,Naukri.com
JOB-103838,Marketing Data Analyst,Data Analyst,CRED,Fintech,Pune,Maharashtra,Tier 1,On-Site,5,8,Senior (6-9 yrs),7.5,14.1,10.8,2025-10-30,9,LinkedIn
JOB-103839,Lead Data Analyst,Data Analyst,PwC,Consulting,Chennai,Tamil Nadu,Tier 1,Hybrid,2,4,Mid-Level (3-5 yrs),3.8,7.2,5.5,2025-11-29,10,Indeed
JOB-103840,Python Data Programmer,Python Developer,CRED,Fintech,Bengaluru,Karnataka,Tier 1,Hybrid,2,4,Mid-Level (3-5 yrs),,,,2025-10-12,10,Naukri.com
JOB-103841,Junior Python Engineer,Python Developer,Swiggy,Tech / Consumer,Hyderabad,Telangana,Tier 1,On-Site,3,7,Senior (6-9 yrs),8.0,15.1,11.55,2025-12-07,11,LinkedIn
JOB-103842,Tableau Developer,BI Analyst,Tiger Analytics,Pureplay Analytics,Remote,All India,Remote,Remote,4,7,Senior (6-9 yrs),7.3,13.8,10.55,2026-02-16,9,Company Careers Portal
JOB-103843,Senior T-SQL Developer,SQL Developer,Flipkart,E-Commerce,Mumbai,Maharashtra,Tier 1,Hybrid,1,3,Mid-Level (3-5 yrs),4.3,8.2,6.25,2026-01-02,13,LinkedIn
JOB-103844,Cloud Data Engineer,Data Engineer,Goldman Sachs,Banking / Finance,Hyderabad,Telangana,Tier 1,Hybrid,0,2,Entry / Junior (0-2 yrs),4.0,8.1,6.05,2026-01-11,13,Naukri.com
JOB-103845,BI & Analytics Specialist,BI Analyst,Accenture,Consulting / IT,Bengaluru,Karnataka,Tier 1,Hybrid,4,8,Senior (6-9 yrs),,,,2025-12-30,9,Naukri.com
JOB-103846,Power BI Developer,BI Analyst,Morgan Stanley,Banking / Finance,Bengaluru,Karnataka,Tier 1,Remote,0,1,Entry / Junior (0-2 yrs),3.1,6.3,4.7,2026-01-05,10,Naukri.com
JOB-103847,Senior BI Consultant,BI Analyst,Morgan Stanley,Banking / Finance,Bengaluru,Karnataka,Tier 1,On-Site,2,4,Mid-Level (3-5 yrs),4.9,9.2,7.05,2025-12-24,10,Indeed
JOB-103848,Senior Data Analyst,Data Analyst,CRED,Fintech,Bengaluru,Karnataka,Tier 1,On-Site,5,8,Senior (6-9 yrs),7.5,14.1,10.8,2025-12-29,7,LinkedIn
JOB-103849,Healthcare Data Analyst,Data Analyst,HSBC,Banking,Pune,Maharashtra,Tier 1,On-Site,1,4,Mid-Level (3-5 yrs),3.9,7.4,5.65,2026-02-25,11,LinkedIn
JOB-103850,Data Analyst,Data Analyst,Microsoft,Product / Tech,Remote,All India,Remote,Remote,2,5,Mid-Level (3-5 yrs),4.8,9.1,6.95,2025-09-15,7,Naukri.com
JOB-103851,Junior Python Engineer,Python Developer,Tiger Analytics,Pureplay Analytics,Bengaluru,Karnataka,Tier 1,On-Site,4,7,Senior (6-9 yrs),7.8,14.7,11.25,2025-10-11,11,Company Careers Portal
JOB-103852,Data Analyst,Data Analyst,Tiger Analytics,Pureplay Analytics,Bengaluru,Karnataka,Tier 1,Remote,4,7,Senior (6-9 yrs),,,,2025-09-17,7,Naukri.com
JOB-103853,Power BI Developer,BI Analyst,Meesho,E-Commerce,Mumbai,Maharashtra,Tier 1,Remote,5,7,Senior (6-9 yrs),,,,2026-02-02,10,Indeed
JOB-103854,ETL Developer,Data Engineer,EY,Consulting,Hyderabad,Telangana,Tier 1,On-Site,6,10,Lead / Principal (10+ yrs),15.2,26.3,20.75,2026-01-20,12,LinkedIn
JOB-103855,Python Data Programmer,Python Developer,Zomato,Tech / Consumer,Hyderabad,Telangana,Tier 1,Hybrid,3,6,Senior (6-9 yrs),7.8,14.7,11.25,2026-01-26,10,Company Careers Portal
JOB-103856,Senior BI Consultant,BI Analyst,LTIMindtree,IT Services,Bengaluru,Karnataka,Tier 1,Remote,5,7,Senior (6-9 yrs),,,,2025-09-01,10,LinkedIn
JOB-103857,Operations Analyst,Data Analyst,Razorpay,Fintech,Hyderabad,Telangana,Tier 1,Hybrid,0,1,Entry / Junior (0-2 yrs),,,,2026-01-28,9,Indeed
JOB-103858,Associate Analyst - Data,Data Analyst,Google,Product / Tech,Bengaluru,Karnataka,Tier 1,Hybrid,4,8,Senior (6-9 yrs),,,,2026-01-23,8,LinkedIn
JOB-103859,BI Developer,BI Analyst,Swiggy,Tech / Consumer,Hyderabad,Telangana,Tier 1,On-Site,1,4,Mid-Level (3-5 yrs),4.4,8.4,6.4,2025-10-13,10,Indeed
JOB-103860,SQL Developer,SQL Developer,Amazon,Product / Tech,Bengaluru,Karnataka,Tier 1,Hybrid,4,8,Senior (6-9 yrs),7.9,14.9,11.4,2025-09-15,12,LinkedIn
JOB-103861,Associate Analyst - Data,Data Analyst,Paytm,Fintech,Bengaluru,Karnataka,Tier 1,On-Site,3,5,Mid-Level (3-5 yrs),6.4,12.0,9.2,2026-01-14,8,Naukri.com
JOB-103862,SQL Developer,SQL Developer,Goldman Sachs,Banking / Finance,Gurgaon,Haryana,Tier 1,On-Site,1,4,Mid-Level (3-5 yrs),4.5,8.6,6.55,2025-10-18,11,Naukri.com
JOB-103863,Data Engineer,Data Engineer,HCL Technologies,IT Services,Hyderabad,Telangana,Tier 1,Remote,5,8,Senior (6-9 yrs),11.7,20.4,16.05,2026-01-24,11,Naukri.com
JOB-103864,Senior T-SQL Developer,SQL Developer,Zomato,Tech / Consumer,Pune,Maharashtra,Tier 1,Remote,8,12,Lead / Principal (10+ yrs),,,,2025-12-24,10,LinkedIn
JOB-103865,Python Backend & Analytics Engineer,Python Developer,HSBC,Banking,Hyderabad,Telangana,Tier 1,On-Site,5,9,Senior (6-9 yrs),13.5,23.3,18.4,2025-10-01,12,LinkedIn
JOB-103866,Junior Python Engineer,Python Developer,JPMorgan Chase,Banking / Finance,Hyderabad,Telangana,Tier 1,Remote,5,7,Senior (6-9 yrs),8.6,16.2,12.4,2025-12-05,12,LinkedIn
JOB-103867,Marketing Data Analyst,Data Analyst,Swiggy,Tech / Consumer,Bengaluru,Karnataka,Tier 1,Hybrid,1,4,Mid-Level (3-5 yrs),4.1,7.8,5.95,2026-02-19,11,LinkedIn
JOB-103868,ETL Developer,Data Engineer,Goldman Sachs,Banking / Finance,Mumbai,Maharashtra,Tier 1,On-Site,4,6,Senior (6-9 yrs),10.6,19.9,15.25,2025-09-13,13,LinkedIn
JOB-103869,Senior Data Analyst,Data Analyst,HDFC Bank,Banking,Pune,Maharashtra,Tier 1,On-Site,0,2,Entry / Junior (0-2 yrs),,,,2025-09-09,9,LinkedIn
JOB-103870,Data Engineer,Data Engineer,Paytm,Fintech,Bengaluru,Karnataka,Tier 1,On-Site,4,7,Senior (6-9 yrs),8.6,16.2,12.4,2026-02-24,9,LinkedIn
JOB-103871,Junior Data Analyst,Data Analyst,Barclays,Banking,Bengaluru,Karnataka,Tier 1,Hybrid,5,8,Senior (6-9 yrs),6.8,12.8,9.8,2026-02-14,9,LinkedIn
JOB-103872,Python Backend & Analytics Engineer,Python Developer,Meesho,E-Commerce,Bengaluru,Karnataka,Tier 1,Hybrid,0,1,Entry / Junior (0-2 yrs),2.9,6.0,4.45,2025-12-28,11,Indeed
JOB-103873,PL/SQL Developer,SQL Developer,Fractal Analytics,Pureplay Analytics,Pune,Maharashtra,Tier 1,Hybrid,0,1,Entry / Junior (0-2 yrs),2.6,5.2,3.9,2026-02-06,10,LinkedIn
JOB-103874,SQL Developer,SQL Developer,Wipro,IT Services,Hyderabad,Telangana,Tier 1,Hybrid,1,4,Mid-Level (3-5 yrs),2.7,5.1,3.9,2025-11-30,9,LinkedIn
JOB-103875,Python Backend & Analytics Engineer,Python Developer,Tiger Analytics,Pureplay Analytics,Mumbai,Maharashtra,Tier 1,On-Site,6,9,Senior (6-9 yrs),13.8,23.9,18.85,2025-10-06,7,LinkedIn
JOB-103876,Tableau Developer,BI Analyst,Razorpay,Fintech,Pune,Maharashtra,Tier 1,Hybrid,1,3,Mid-Level (3-5 yrs),,,,2025-12-22,10,Indeed
JOB-103877,Junior Python Engineer,Python Developer,Uber,Tech,Mumbai,Maharashtra,Tier 1,Hybrid,2,4,Mid-Level (3-5 yrs),5.2,9.8,7.5,2025-12-12,11,Naukri.com
JOB-103878,Database Administrator & SQL Dev,SQL Developer,CRED,Fintech,Hyderabad,Telangana,Tier 1,Hybrid,1,3,Mid-Level (3-5 yrs),4.3,8.2,6.25,2025-10-11,10,Naukri.com
JOB-103879,Cloud Data Engineer,Data Engineer,Standard Chartered,Banking,Bengaluru,Karnataka,Tier 1,Hybrid,1,4,Mid-Level (3-5 yrs),5.1,9.6,7.35,2025-11-17,10,Naukri.com
JOB-103880,PL/SQL Developer,SQL Developer,Amazon,Product / Tech,Bengaluru,Karnataka,Tier 1,On-Site,1,4,Mid-Level (3-5 yrs),4.7,8.8,6.75,2025-12-29,9,LinkedIn
JOB-103881,Senior Data Engineer,Data Engineer,HSBC,Banking,Bengaluru,Karnataka,Tier 1,Hybrid,1,4,Mid-Level (3-5 yrs),5.3,10.0,7.65,2025-09-28,10,LinkedIn
JOB-103882,Analytics Engineer,Data Engineer,Accenture,Consulting / IT,Pune,Maharashtra,Tier 1,Hybrid,5,9,Senior (6-9 yrs),8.3,15.6,11.95,2025-12-03,7,LinkedIn
JOB-103883,Junior Data Analyst,Data Analyst,HCL Technologies,IT Services,Mumbai,Maharashtra,Tier 1,On-Site,1,4,Mid-Level (3-5 yrs),,,,2025-11-11,10,LinkedIn
JOB-103884,Database Administrator & SQL Dev,SQL Developer,Morgan Stanley,Banking / Finance,Pune,Maharashtra,Tier 1,Remote,0,1,Entry / Junior (0-2 yrs),,,,2025-10-10,11,LinkedIn
JOB-103885,Junior Data Engineer,Data Engineer,PhonePe,Fintech,Gurgaon,Haryana,Tier 1,Remote,9,13,Lead / Principal (10+ yrs),27.9,48.8,38.35,2025-10-06,12,Naukri.com
JOB-103886,Database Administrator & SQL Dev,SQL Developer,Amazon,Product / Tech,Bengaluru,Karnataka,Tier 1,On-Site,0,2,Entry / Junior (0-2 yrs),,,,2025-09-30,12,Naukri.com
JOB-103887,Operations Analyst,Data Analyst,Fractal Analytics,Pureplay Analytics,Gurgaon,Haryana,Tier 1,Hybrid,10,15,Lead / Principal (10+ yrs),19.7,34.4,27.05,2025-09-20,8,LinkedIn
JOB-103888,Data Analyst,Data Analyst,Goldman Sachs,Banking / Finance,Bengaluru,Karnataka,Tier 1,On-Site,2,5,Mid-Level (3-5 yrs),4.6,8.7,6.65,2025-11-26,10,Indeed
JOB-103889,Senior Data Analyst,Data Analyst,Deloitte,Consulting,Hyderabad,Telangana,Tier 1,Hybrid,0,2,Entry / Junior (0-2 yrs),,,,2025-12-22,10,LinkedIn
JOB-103890,Senior BI Consultant,BI Analyst,Wipro,IT Services,Chennai,Tamil Nadu,Tier 1,Hybrid,7,11,Lead / Principal (10+ yrs),8.9,15.4,12.15,2026-02-14,10,LinkedIn
JOB-103891,Python Data Programmer,Python Developer,Standard Chartered,Banking,Chennai,Tamil Nadu,Tier 1,Hybrid,2,5,Mid-Level (3-5 yrs),4.3,8.2,6.25,2025-09-07,11,LinkedIn
JOB-103892,Data Analyst,Data Analyst,JPMorgan Chase,Banking / Finance,Gurgaon,Haryana,Tier 1,Hybrid,0,1,Entry / Junior (0-2 yrs),2.8,5.7,4.25,2026-02-10,9,LinkedIn
JOB-103893,Junior Python Engineer,Python Developer,Google,Product / Tech,Gurgaon,Haryana,Tier 1,On-Site,10,14,Lead / Principal (10+ yrs),27.0,47.3,37.15,2026-01-07,10,LinkedIn
JOB-103894,BI & Analytics Specialist,BI Analyst,Deloitte,Consulting,Noida,Uttar Pradesh,Tier 1,Hybrid,1,4,Mid-Level (3-5 yrs),,,,2025-11-12,12,LinkedIn
JOB-103895,Senior Data Engineer,Data Engineer,Google,Product / Tech,Gurgaon,Haryana,Tier 1,Hybrid,0,2,Entry / Junior (0-2 yrs),4.2,8.6,6.4,2025-09-03,9,LinkedIn
JOB-103896,Lead Data Analyst,Data Analyst,Flipkart,E-Commerce,Noida,Uttar Pradesh,Tier 1,On-Site,5,8,Senior (6-9 yrs),13.2,22.9,18.05,2025-11-16,8,LinkedIn
JOB-103897,Python Data Programmer,Python Developer,Fractal Analytics,Pureplay Analytics,Bengaluru,Karnataka,Tier 1,Hybrid,3,5,Mid-Level (3-5 yrs),,,,2026-02-26,12,Indeed
JOB-103898,Data Engineer,Data Engineer,Barclays,Banking,Pune,Maharashtra,Tier 1,On-Site,3,7,Senior (6-9 yrs),9.2,17.3,13.25,2025-10-10,9,Naukri.com
JOB-103899,Senior T-SQL Developer,SQL Developer,Barclays,Banking,Bengaluru,Karnataka,Tier 1,On-Site,4,6,Senior (6-9 yrs),6.7,12.5,9.6,2025-11-29,11,Naukri.com
JOB-103900,BI & Analytics Specialist,BI Analyst,Wipro,IT Services,Bengaluru,Karnataka,Tier 1,Hybrid,4,6,Senior (6-9 yrs),5.0,9.5,7.25,2025-12-18,12,Indeed
JOB-103901,Senior Python Developer,Python Developer,Meesho,E-Commerce,Hyderabad,Telangana,Tier 1,Remote,0,1,Entry / Junior (0-2 yrs),2.9,6.0,4.45,2026-02-28,5,Company Careers Portal
JOB-103902,Data Engineer,Data Engineer,Standard Chartered,Banking,Bengaluru,Karnataka,Tier 1,Remote,5,9,Senior (6-9 yrs),,,,2025-09-20,8,Naukri.com
JOB-103903,Tableau Developer,BI Analyst,Tata Consultancy Services,IT Services,Mumbai,Maharashtra,Tier 1,On-Site,2,5,Mid-Level (3-5 yrs),3.0,5.6,4.3,2025-09-22,9,Naukri.com
JOB-103904,Reporting Analyst,BI Analyst,HCL Technologies,IT Services,Bengaluru,Karnataka,Tier 1,On-Site,5,9,Senior (6-9 yrs),,,,2025-11-23,13,Indeed
JOB-103905,Data Analyst,Data Analyst,Accenture,Consulting / IT,Pune,Maharashtra,Tier 1,Hybrid,3,7,Senior (6-9 yrs),,,,2025-12-17,8,Naukri.com
JOB-103906,Senior Data Engineer,Data Engineer,LTIMindtree,IT Services,Chennai,Tamil Nadu,Tier 1,Hybrid,7,10,Lead / Principal (10+ yrs),12.6,21.8,17.2,2026-01-13,12,Naukri.com
JOB-103907,Healthcare Data Analyst,Data Analyst,EY,Consulting,Noida,Uttar Pradesh,Tier 1,Hybrid,0,2,Entry / Junior (0-2 yrs),2.4,4.9,3.65,2025-12-06,9,Indeed
JOB-103908,Power BI Developer,BI Analyst,Flipkart,E-Commerce,Bengaluru,Karnataka,Tier 1,Hybrid,8,12,Lead / Principal (10+ yrs),,,,2025-11-08,12,LinkedIn
JOB-103909,Healthcare Data Analyst,Data Analyst,Wipro,IT Services,Hyderabad,Telangana,Tier 1,Hybrid,3,7,Senior (6-9 yrs),4.7,8.8,6.75,2025-12-22,10,Indeed
JOB-103910,Senior BI Consultant,BI Analyst,Swiggy,Tech / Consumer,Bengaluru,Karnataka,Tier 1,Remote,2,4,Mid-Level (3-5 yrs),4.4,8.4,6.4,2025-09-22,13,LinkedIn
JOB-103911,Junior Data Analyst,Data Analyst,Wipro,IT Services,Pune,Maharashtra,Tier 1,Hybrid,3,7,Senior (6-9 yrs),4.7,8.8,6.75,2025-10-02,8,Naukri.com
JOB-103912,ETL Developer,Data Engineer,Amazon,Product / Tech,Bengaluru,Karnataka,Tier 1,On-Site,3,6,Senior (6-9 yrs),10.9,20.5,15.7,2026-01-30,9,Naukri.com
JOB-103913,Big Data Engineer,Data Engineer,Tiger Analytics,Pureplay Analytics,Bengaluru,Karnataka,Tier 1,On-Site,1,3,Mid-Level (3-5 yrs),5.4,10.3,7.85,2025-11-18,11,LinkedIn
JOB-103914,ETL Developer,Data Engineer,HDFC Bank,Banking,Gurgaon,Haryana,Tier 1,On-Site,0,1,Entry / Junior (0-2 yrs),2.9,6.0,4.45,2025-11-04,13,LinkedIn
JOB-103915,Financial Data Analyst,Data Analyst,Goldman Sachs,Banking / Finance,Pune,Maharashtra,Tier 1,On-Site,5,9,Senior (6-9 yrs),7.8,14.7,11.25,2025-12-05,9,Naukri.com
JOB-103916,Junior Data Engineer,Data Engineer,Morgan Stanley,Banking / Finance,Hyderabad,Telangana,Tier 1,On-Site,3,6,Senior (6-9 yrs),,,,2026-01-10,11,LinkedIn
JOB-103917,Big Data Engineer,Data Engineer,HDFC Bank,Banking,Gurgaon,Haryana,Tier 1,On-Site,5,8,Senior (6-9 yrs),,,,2025-09-05,8,Company Careers Portal
JOB-103918,Senior Data Analyst,Data Analyst,Zomato,Tech / Consumer,Bengaluru,Karnataka,Tier 1,Remote,10,14,Lead / Principal (10+ yrs),,,,2025-10-05,10,LinkedIn
JOB-103919,Python Backend & Analytics Engineer,Python Developer,Tiger Analytics,Pureplay Analytics,Hyderabad,Telangana,Tier 1,On-Site,5,9,Senior (6-9 yrs),13.8,23.9,18.85,2025-09-14,11,LinkedIn
JOB-103920,Operations Analyst,Data Analyst,Morgan Stanley,Banking / Finance,Mumbai,Maharashtra,Tier 1,On-Site,4,7,Senior (6-9 yrs),,,,2025-11-16,9,LinkedIn
JOB-103921,Python Backend & Analytics Engineer,Python Developer,Accenture,Consulting / IT,Gurgaon,Haryana,Tier 1,Remote,6,10,Lead / Principal (10+ yrs),12.4,21.5,16.95,2026-02-11,11,LinkedIn
JOB-103922,Cloud Data Engineer,Data Engineer,McKinsey & Company,Strategy Consulting,Hyderabad,Telangana,Tier 1,Remote,3,7,Senior (6-9 yrs),10.9,20.5,15.7,2026-01-01,8,LinkedIn
JOB-103923,Power BI Developer,BI Analyst,KPMG,Consulting,Bengaluru,Karnataka,Tier 1,Hybrid,3,7,Senior (6-9 yrs),6.9,13.0,9.95,2025-10-05,9,LinkedIn
JOB-103924,Database Developer (SQL),SQL Developer,KPMG,Consulting,Chennai,Tamil Nadu,Tier 1,Hybrid,3,5,Mid-Level (3-5 yrs),,,,2026-01-20,9,Indeed
JOB-103925,Big Data Engineer,Data Engineer,Swiggy,Tech / Consumer,Bengaluru,Karnataka,Tier 1,On-Site,4,8,Senior (6-9 yrs),9.4,17.7,13.55,2025-09-09,9,LinkedIn
JOB-103926,PL/SQL Developer,SQL Developer,Accenture,Consulting / IT,Hyderabad,Telangana,Tier 1,Hybrid,4,6,Senior (6-9 yrs),,,,2025-09-16,11,LinkedIn
JOB-103927,Lead Data Analyst,Data Analyst,HSBC,Banking,Bengaluru,Karnataka,Tier 1,On-Site,0,1,Entry / Junior (0-2 yrs),2.5,5.1,3.8,2026-02-01,11,Indeed
JOB-103928,Senior BI Consultant,BI Analyst,Fractal Analytics,Pureplay Analytics,Bengaluru,Karnataka,Tier 1,On-Site,2,5,Mid-Level (3-5 yrs),4.4,8.4,6.4,2025-10-19,10,Naukri.com
JOB-103929,Junior Data Engineer,Data Engineer,Tiger Analytics,Pureplay Analytics,Bengaluru,Karnataka,Tier 1,On-Site,1,4,Mid-Level (3-5 yrs),5.4,10.3,7.85,2026-02-09,11,Indeed
JOB-103930,Power BI Developer,BI Analyst,PhonePe,Fintech,Hyderabad,Telangana,Tier 1,Hybrid,2,4,Mid-Level (3-5 yrs),4.6,8.8,6.7,2025-12-21,9,Indeed
JOB-103931,Python Backend & Analytics Engineer,Python Developer,HDFC Bank,Banking,Mumbai,Maharashtra,Tier 1,Hybrid,6,10,Lead / Principal (10+ yrs),11.7,20.3,16.0,2025-10-06,11,LinkedIn
JOB-103932,Python Backend & Analytics Engineer,Python Developer,Paytm,Fintech,Bengaluru,Karnataka,Tier 1,On-Site,2,4,Mid-Level (3-5 yrs),4.3,8.2,6.25,2026-02-05,9,Naukri.com
JOB-103933,Data Analyst,Data Analyst,JPMorgan Chase,Banking / Finance,Hyderabad,Telangana,Tier 1,On-Site,3,5,Mid-Level (3-5 yrs),7.5,14.1,10.8,2026-01-23,10,Indeed
JOB-103934,Python Data Programmer,Python Developer,PwC,Consulting,Bengaluru,Karnataka,Tier 1,Hybrid,0,1,Entry / Junior (0-2 yrs),2.8,5.7,4.25,2025-12-29,11,LinkedIn
JOB-103935,Tableau Developer,BI Analyst,Razorpay,Fintech,Bengaluru,Karnataka,Tier 1,Hybrid,5,7,Senior (6-9 yrs),7.8,14.7,11.25,2025-09-24,12,LinkedIn
JOB-103936,BI & Analytics Specialist,BI Analyst,PwC,Consulting,Bengaluru,Karnataka,Tier 1,Hybrid,4,7,Senior (6-9 yrs),7.0,13.1,10.05,2025-09-21,9,LinkedIn
JOB-103937,Cloud Data Engineer,Data Engineer,Tiger Analytics,Pureplay Analytics,Bengaluru,Karnataka,Tier 1,Hybrid,2,5,Mid-Level (3-5 yrs),5.4,10.3,7.85,2025-11-24,8,Naukri.com
JOB-103938,Senior T-SQL Developer,SQL Developer,Amazon,Product / Tech,Remote,All India,Remote,Remote,3,6,Senior (6-9 yrs),7.9,14.9,11.4,2025-10-19,11,Naukri.com
JOB-103939,SQL Developer,SQL Developer,Razorpay,Fintech,Bengaluru,Karnataka,Tier 1,Hybrid,2,4,Mid-Level (3-5 yrs),4.2,7.9,6.05,2025-11-16,7,Indeed
JOB-103940,Python Backend & Analytics Engineer,Python Developer,HCL Technologies,IT Services,Hyderabad,Telangana,Tier 1,On-Site,7,10,Lead / Principal (10+ yrs),10.0,17.3,13.65,2026-02-21,11,Naukri.com
JOB-103941,Senior T-SQL Developer,SQL Developer,Fractal Analytics,Pureplay Analytics,Bengaluru,Karnataka,Tier 1,Hybrid,2,5,Mid-Level (3-5 yrs),4.0,7.6,5.8,2025-12-17,13,LinkedIn
JOB-103942,Senior Data Engineer,Data Engineer,Tiger Analytics,Pureplay Analytics,Bengaluru,Karnataka,Tier 1,Hybrid,5,9,Senior (6-9 yrs),16.2,28.1,22.15,2026-01-03,15,LinkedIn
JOB-103943,Tableau Developer,BI Analyst,Deloitte,Consulting,Pune,Maharashtra,Tier 1,On-Site,3,6,Senior (6-9 yrs),7.2,13.5,10.35,2025-12-24,11,LinkedIn
JOB-103944,Junior Python Engineer,Python Developer,KPMG,Consulting,Bengaluru,Karnataka,Tier 1,On-Site,4,7,Senior (6-9 yrs),7.3,13.8,10.55,2025-10-29,10,Naukri.com
JOB-103945,Senior BI Consultant,BI Analyst,Razorpay,Fintech,Mumbai,Maharashtra,Tier 1,On-Site,2,4,Mid-Level (3-5 yrs),4.6,8.7,6.65,2026-02-08,9,Naukri.com
JOB-103946,Junior Python Engineer,Python Developer,Meesho,E-Commerce,Hyderabad,Telangana,Tier 1,On-Site,0,1,Entry / Junior (0-2 yrs),2.9,6.0,4.45,2026-01-14,11,LinkedIn
JOB-103947,Senior Data Engineer,Data Engineer,HDFC Bank,Banking,Bengaluru,Karnataka,Tier 1,Remote,5,9,Senior (6-9 yrs),7.8,14.7,11.25,2025-10-09,12,LinkedIn
JOB-103948,Senior BI Consultant,BI Analyst,JPMorgan Chase,Banking / Finance,Mumbai,Maharashtra,Tier 1,On-Site,1,3,Mid-Level (3-5 yrs),4.8,9.0,6.9,2026-02-02,8,Naukri.com
JOB-103949,Python Developer,Python Developer,Accenture,Consulting / IT,Mumbai,Maharashtra,Tier 1,Hybrid,3,6,Senior (6-9 yrs),,,,2025-12-16,9,Naukri.com
JOB-103950,Data Engineer,Data Engineer,Tata Consultancy Services,IT Services,Gurgaon,Haryana,Tier 1,On-Site,2,5,Mid-Level (3-5 yrs),3.7,7.1,5.4,2026-01-05,8,Naukri.com
JOB-103951,Tableau Developer,BI Analyst,KPMG,Consulting,Mumbai,Maharashtra,Tier 1,On-Site,4,7,Senior (6-9 yrs),,,,2025-11-21,13,LinkedIn
JOB-103952,Marketing Data Analyst,Data Analyst,PhonePe,Fintech,Pune,Maharashtra,Tier 1,On-Site,2,4,Mid-Level (3-5 yrs),4.3,8.2,6.25,2025-12-30,11,LinkedIn
JOB-103953,Python Data Programmer,Python Developer,HCL Technologies,IT Services,Mumbai,Maharashtra,Tier 1,Hybrid,2,5,Mid-Level (3-5 yrs),3.3,6.3,4.8,2025-12-02,13,Indeed
JOB-103954,Healthcare Data Analyst,Data Analyst,LTIMindtree,IT Services,Bengaluru,Karnataka,Tier 1,On-Site,2,4,Mid-Level (3-5 yrs),3.1,5.9,4.5,2025-09-04,9,Naukri.com
JOB-103955,Python Data Programmer,Python Developer,Accenture,Consulting / IT,Bengaluru,Karnataka,Tier 1,On-Site,0,1,Entry / Junior (0-2 yrs),,,,2025-12-29,9,Indeed
JOB-103956,Financial Data Analyst,Data Analyst,Tata Consultancy Services,IT Services,Noida,Uttar Pradesh,Tier 1,On-Site,0,1,Entry / Junior (0-2 yrs),1.8,3.6,2.7,2026-01-19,8,Naukri.com
JOB-103957,Reporting Analyst,BI Analyst,Microsoft,Product / Tech,Pune,Maharashtra,Tier 1,On-Site,2,5,Mid-Level (3-5 yrs),5.2,9.8,7.5,2026-02-13,6,Naukri.com
JOB-103958,Data Analyst,Data Analyst,Zomato,Tech / Consumer,Pune,Maharashtra,Tier 1,Hybrid,1,4,Mid-Level (3-5 yrs),4.0,7.6,5.8,2025-11-04,9,Naukri.com
JOB-103959,Junior Data Engineer,Data Engineer,Morgan Stanley,Banking / Finance,Noida,Uttar Pradesh,Tier 1,On-Site,5,8,Senior (6-9 yrs),,,,2026-02-15,10,LinkedIn
JOB-103960,Senior Python Developer,Python Developer,JPMorgan Chase,Banking / Finance,Hyderabad,Telangana,Tier 1,Hybrid,0,1,Entry / Junior (0-2 yrs),3.2,6.6,4.9,2025-10-08,12,LinkedIn
JOB-103961,Tableau Developer,BI Analyst,CRED,Fintech,Hyderabad,Telangana,Tier 1,Remote,2,4,Mid-Level (3-5 yrs),4.8,9.0,6.9,2025-10-23,13,Naukri.com
JOB-103962,BI Developer,BI Analyst,ICICI Bank,Banking,Gurgaon,Haryana,Tier 1,On-Site,4,7,Senior (6-9 yrs),6.0,11.2,8.6,2025-12-19,11,Naukri.com
JOB-103963,Python Developer,Python Developer,Capgemini,IT Services,Bengaluru,Karnataka,Tier 1,On-Site,2,4,Mid-Level (3-5 yrs),3.6,6.8,5.2,2026-01-25,10,Naukri.com
JOB-103964,Associate Analyst - Data,Data Analyst,CRED,Fintech,Hyderabad,Telangana,Tier 1,Hybrid,5,8,Senior (6-9 yrs),7.5,14.1,10.8,2026-02-02,10,Indeed
JOB-103965,Healthcare Data Analyst,Data Analyst,Cognizant,IT Services,Bengaluru,Karnataka,Tier 1,On-Site,5,8,Senior (6-9 yrs),5.1,9.6,7.35,2025-11-19,7,Naukri.com
JOB-103966,SQL Developer,SQL Developer,Swiggy,Tech / Consumer,Remote,All India,Remote,Remote,0,2,Entry / Junior (0-2 yrs),,,,2025-10-27,12,LinkedIn
JOB-103967,Python Backend & Analytics Engineer,Python Developer,EY,Consulting,Gurgaon,Haryana,Tier 1,On-Site,2,5,Mid-Level (3-5 yrs),4.3,8.2,6.25,2025-10-02,7,LinkedIn
JOB-103968,Analytics Engineer,Data Engineer,Zomato,Tech / Consumer,Gurgaon,Haryana,Tier 1,On-Site,0,1,Entry / Junior (0-2 yrs),3.5,7.0,5.25,2025-11-10,10,LinkedIn
JOB-103969,Senior T-SQL Developer,SQL Developer,Amazon,Product / Tech,Hyderabad,Telangana,Tier 1,Remote,4,7,Senior (6-9 yrs),7.9,14.9,11.4,2025-09-15,14,Naukri.com
JOB-103970,Senior Data Analyst,Data Analyst,Microsoft,Product / Tech,Bengaluru,Karnataka,Tier 1,Remote,5,8,Senior (6-9 yrs),8.2,15.4,11.8,2025-12-05,9,LinkedIn
JOB-103971,Junior Data Engineer,Data Engineer,Tata Consultancy Services,IT Services,Hyderabad,Telangana,Tier 1,Hybrid,10,15,Lead / Principal (10+ yrs),,,,2025-10-26,12,LinkedIn
JOB-103972,Analytics Engineer,Data Engineer,CRED,Fintech,Mumbai,Maharashtra,Tier 1,On-Site,5,9,Senior (6-9 yrs),10.1,19.0,14.55,2025-10-04,7,LinkedIn
JOB-103973,Senior Data Analyst,Data Analyst,Deloitte,Consulting,Noida,Uttar Pradesh,Tier 1,On-Site,1,3,Mid-Level (3-5 yrs),3.9,7.4,5.65,2025-09-16,8,LinkedIn
JOB-103974,SQL Developer,SQL Developer,Tata Consultancy Services,IT Services,Bengaluru,Karnataka,Tier 1,Hybrid,1,4,Mid-Level (3-5 yrs),2.7,5.1,3.9,2025-10-26,10,LinkedIn
JOB-103975,Financial Data Analyst,Data Analyst,HSBC,Banking,Bengaluru,Karnataka,Tier 1,Hybrid,1,4,Mid-Level (3-5 yrs),,,,2026-01-20,8,Naukri.com
JOB-103976,PL/SQL Developer,SQL Developer,PwC,Consulting,Pune,Maharashtra,Tier 1,On-Site,2,5,Mid-Level (3-5 yrs),3.7,7.1,5.4,2026-01-21,10,LinkedIn
JOB-103977,Big Data Engineer,Data Engineer,Tata Consultancy Services,IT Services,Mumbai,Maharashtra,Tier 1,On-Site,5,9,Senior (6-9 yrs),11.1,19.3,15.2,2025-09-17,14,Indeed
JOB-103978,BI & Analytics Specialist,BI Analyst,Google,Product / Tech,Mumbai,Maharashtra,Tier 1,Hybrid,0,2,Entry / Junior (0-2 yrs),3.4,6.9,5.15,2025-11-04,10,LinkedIn
JOB-103979,Marketing Data Analyst,Data Analyst,Barclays,Banking,Bengaluru,Karnataka,Tier 1,On-Site,0,1,Entry / Junior (0-2 yrs),2.6,5.2,3.9,2025-11-20,11,Indeed
JOB-103980,Financial Data Analyst,Data Analyst,Amazon,Product / Tech,Mumbai,Maharashtra,Tier 1,Remote,2,4,Mid-Level (3-5 yrs),4.8,9.0,6.9,2025-10-20,12,LinkedIn
JOB-103981,Senior BI Consultant,BI Analyst,PwC,Consulting,Hyderabad,Telangana,Tier 1,Hybrid,5,9,Senior (6-9 yrs),7.0,13.1,10.05,2025-11-08,10,Company Careers Portal
JOB-103982,Associate Analyst - Data,Data Analyst,Microsoft,Product / Tech,Noida,Uttar Pradesh,Tier 1,Hybrid,5,7,Senior (6-9 yrs),,,,2026-01-01,15,Naukri.com
JOB-103983,Senior Data Analyst,Data Analyst,Meesho,E-Commerce,Bengaluru,Karnataka,Tier 1,On-Site,1,3,Mid-Level (3-5 yrs),4.0,7.6,5.8,2026-02-02,9,LinkedIn
JOB-103984,Lead Data Analyst,Data Analyst,Morgan Stanley,Banking / Finance,Bengaluru,Karnataka,Tier 1,On-Site,2,4,Mid-Level (3-5 yrs),,,,2026-01-25,10,LinkedIn
JOB-103985,Python Developer,Python Developer,Infosys,IT Services,Bengaluru,Karnataka,Tier 1,On-Site,0,2,Entry / Junior (0-2 yrs),2.1,4.3,3.2,2026-02-18,9,Indeed
JOB-103986,Senior Data Engineer,Data Engineer,Cognizant,IT Services,Bengaluru,Karnataka,Tier 1,Hybrid,7,11,Lead / Principal (10+ yrs),12.2,21.1,16.65,2025-12-26,8,LinkedIn
JOB-103987,Marketing Data Analyst,Data Analyst,Morgan Stanley,Banking / Finance,Bengaluru,Karnataka,Tier 1,Hybrid,6,9,Senior (6-9 yrs),13.5,23.4,18.45,2026-02-24,9,Indeed
JOB-103988,Reporting Analyst,BI Analyst,Capgemini,IT Services,Bengaluru,Karnataka,Tier 1,Hybrid,3,6,Senior (6-9 yrs),5.7,10.7,8.2,2025-10-04,6,Naukri.com
JOB-103989,Financial Data Analyst,Data Analyst,Cognizant,IT Services,Hyderabad,Telangana,Tier 1,On-Site,2,4,Mid-Level (3-5 yrs),3.0,5.7,4.35,2025-12-16,13,LinkedIn
JOB-103990,BI Developer,BI Analyst,LTIMindtree,IT Services,Pune,Maharashtra,Tier 1,Hybrid,7,10,Lead / Principal (10+ yrs),10.0,17.4,13.7,2025-12-18,9,LinkedIn
JOB-103991,ETL Developer,Data Engineer,Flipkart,E-Commerce,Bengaluru,Karnataka,Tier 1,Remote,6,9,Senior (6-9 yrs),17.8,30.9,24.35,2025-12-01,12,Naukri.com
JOB-103992,Lead Data Analyst,Data Analyst,Goldman Sachs,Banking / Finance,Remote,All India,Remote,Remote,6,9,Senior (6-9 yrs),,,,2026-02-20,7,LinkedIn
JOB-103993,BI Developer,BI Analyst,Google,Product / Tech,Mumbai,Maharashtra,Tier 1,Hybrid,1,4,Mid-Level (3-5 yrs),5.3,10.1,7.7,2025-12-17,11,Naukri.com
JOB-103994,Database Developer (SQL),SQL Developer,Goldman Sachs,Banking / Finance,Mumbai,Maharashtra,Tier 1,Hybrid,0,2,Entry / Junior (0-2 yrs),2.9,5.9,4.4,2026-02-07,7,Naukri.com
JOB-103995,Analytics Engineer,Data Engineer,ICICI Bank,Banking,Bengaluru,Karnataka,Tier 1,Hybrid,3,7,Senior (6-9 yrs),7.5,14.0,10.75,2026-02-08,11,LinkedIn
JOB-103996,Reporting Analyst,BI Analyst,Wipro,IT Services,Pune,Maharashtra,Tier 1,Hybrid,5,9,Senior (6-9 yrs),5.0,9.5,7.25,2026-01-06,8,Naukri.com
JOB-103997,Junior Python Engineer,Python Developer,Amazon,Product / Tech,Remote,All India,Remote,Remote,3,6,Senior (6-9 yrs),9.3,17.5,13.4,2025-09-20,12,Indeed
JOB-103998,Healthcare Data Analyst,Data Analyst,Barclays,Banking,Bengaluru,Karnataka,Tier 1,Hybrid,5,9,Senior (6-9 yrs),,,,2025-09-01,8,Indeed
JOB-103999,Python Data Programmer,Python Developer,Cognizant,IT Services,Pune,Maharashtra,Tier 1,On-Site,5,9,Senior (6-9 yrs),5.9,11.0,8.45,2025-09-10,11,LinkedIn
JOB-104000,Database Developer (SQL),SQL Developer,Standard Chartered,Banking,Bengaluru,Karnataka,Tier 1,Hybrid,2,4,Mid-Level (3-5 yrs),3.7,7.0,5.35,2025-12-18,10,Indeed
JOB-104001,Database Developer (SQL),SQL Developer,Mu Sigma,Pureplay Analytics,Pune,Maharashtra,Tier 1,On-Site,1,4,Mid-Level (3-5 yrs),3.2,6.1,4.65,2025-09-18,12,Company Careers Portal
JOB-104002,Junior Python Engineer,Python Developer,Wipro,IT Services,Mumbai,Maharashtra,Tier 1,On-Site,1,4,Mid-Level (3-5 yrs),3.2,6.0,4.6,2025-09-27,13,Indeed
JOB-104003,ETL Developer,Data Engineer,Tata Consultancy Services,IT Services,Bengaluru,Karnataka,Tier 1,On-Site,5,9,Senior (6-9 yrs),11.1,19.3,15.2,2025-10-22,12,Naukri.com
JOB-104004,Operations Analyst,Data Analyst,Razorpay,Fintech,Pune,Maharashtra,Tier 1,On-Site,0,1,Entry / Junior (0-2 yrs),2.7,5.5,4.1,2025-12-12,10,LinkedIn
JOB-104005,Tableau Developer,BI Analyst,PhonePe,Fintech,Bengaluru,Karnataka,Tier 1,Hybrid,7,10,Lead / Principal (10+ yrs),13.9,24.1,19.0,2025-12-12,13,LinkedIn
JOB-104006,Senior BI Consultant,BI Analyst,Cognizant,IT Services,Hyderabad,Telangana,Tier 1,Remote,2,4,Mid-Level (3-5 yrs),3.2,6.2,4.7,2026-01-12,10,Naukri.com
JOB-104007,ETL Developer,Data Engineer,Tiger Analytics,Pureplay Analytics,Bengaluru,Karnataka,Tier 1,Hybrid,0,1,Entry / Junior (0-2 yrs),,,,2025-11-03,11,Naukri.com
JOB-104008,Reporting Analyst,BI Analyst,Tata Consultancy Services,IT Services,Bengaluru,Karnataka,Tier 1,Hybrid,7,10,Lead / Principal (10+ yrs),8.9,15.4,12.15,2026-02-15,9,LinkedIn
JOB-104009,Business Intelligence Analyst,BI Analyst,Accenture,Consulting / IT,Bengaluru,Karnataka,Tier 1,Hybrid,1,3,Mid-Level (3-5 yrs),3.9,7.4,5.65,2025-09-09,14,Naukri.com
JOB-104010,Reporting Analyst,BI Analyst,LTIMindtree,IT Services,Bengaluru,Karnataka,Tier 1,Hybrid,6,9,Senior (6-9 yrs),10.0,17.4,13.7,2025-09-04,10,LinkedIn
JOB-104011,Python Data Programmer,Python Developer,Cognizant,IT Services,Pune,Maharashtra,Tier 1,On-Site,5,7,Senior (6-9 yrs),5.9,11.0,8.45,2025-10-03,10,Naukri.com
JOB-104012,Senior Data Engineer,Data Engineer,HDFC Bank,Banking,Hyderabad,Telangana,Tier 1,Hybrid,3,5,Mid-Level (3-5 yrs),7.8,14.7,11.25,2026-01-23,9,LinkedIn
JOB-104013,Senior Data Analyst,Data Analyst,Barclays,Banking,Pune,Maharashtra,Tier 1,On-Site,2,5,Mid-Level (3-5 yrs),,,,2025-11-13,9,LinkedIn
JOB-104014,Associate Analyst - Data,Data Analyst,Wipro,IT Services,Hyderabad,Telangana,Tier 1,On-Site,1,3,Mid-Level (3-5 yrs),2.8,5.2,4.0,2025-12-23,9,Naukri.com
JOB-104015,Senior Data Engineer,Data Engineer,HDFC Bank,Banking,Bengaluru,Karnataka,Tier 1,On-Site,2,5,Mid-Level (3-5 yrs),4.6,8.7,6.65,2026-01-30,12,Indeed
JOB-104016,Cloud Data Engineer,Data Engineer,Wipro,IT Services,Bengaluru,Karnataka,Tier 1,On-Site,6,10,Lead / Principal (10+ yrs),,,,2025-09-22,11,Naukri.com
JOB-104017,Senior Python Developer,Python Developer,PhonePe,Fintech,Hyderabad,Telangana,Tier 1,Hybrid,6,9,Senior (6-9 yrs),14.8,25.7,20.25,2025-11-09,8,LinkedIn
JOB-104018,Senior BI Consultant,BI Analyst,Wipro,IT Services,Pune,Maharashtra,Tier 1,Hybrid,10,15,Lead / Principal (10+ yrs),,,,2025-09-21,10,Indeed
JOB-104019,Data Analyst,Data Analyst,Microsoft,Product / Tech,Bengaluru,Karnataka,Tier 1,Remote,0,2,Entry / Junior (0-2 yrs),3.1,6.2,4.65,2025-10-18,9,LinkedIn
JOB-104020,BI & Analytics Specialist,BI Analyst,Goldman Sachs,Banking / Finance,Bengaluru,Karnataka,Tier 1,On-Site,6,9,Senior (6-9 yrs),14.9,25.8,20.35,2025-09-05,13,Naukri.com
JOB-104021,Tableau Developer,BI Analyst,KPMG,Consulting,Bengaluru,Karnataka,Tier 1,On-Site,0,2,Entry / Junior (0-2 yrs),2.6,5.3,3.95,2026-01-25,7,LinkedIn
JOB-104022,Database Administrator & SQL Dev,SQL Developer,Paytm,Fintech,Gurgaon,Haryana,Tier 1,Hybrid,0,1,Entry / Junior (0-2 yrs),2.4,4.8,3.6,2025-11-25,8,Naukri.com
JOB-104023,BI Developer,BI Analyst,Tata Consultancy Services,IT Services,Pune,Maharashtra,Tier 1,Hybrid,0,2,Entry / Junior (0-2 yrs),1.9,3.9,2.9,2026-02-05,12,LinkedIn
JOB-104024,Senior BI Consultant,BI Analyst,McKinsey & Company,Strategy Consulting,Noida,Uttar Pradesh,Tier 1,Hybrid,6,10,Lead / Principal (10+ yrs),,,,2025-12-30,10,LinkedIn
JOB-104025,Junior Python Engineer,Python Developer,Capgemini,IT Services,Gurgaon,Haryana,Tier 1,Hybrid,1,4,Mid-Level (3-5 yrs),3.6,6.8,5.2,2026-01-28,8,LinkedIn
JOB-104026,Cloud Data Engineer,Data Engineer,LTIMindtree,IT Services,Mumbai,Maharashtra,Tier 1,On-Site,2,4,Mid-Level (3-5 yrs),4.2,8.0,6.1,2026-01-28,8,LinkedIn
JOB-104027,Financial Data Analyst,Data Analyst,Infosys,IT Services,Bengaluru,Karnataka,Tier 1,On-Site,1,3,Mid-Level (3-5 yrs),,,,2025-12-10,8,LinkedIn
JOB-104028,BI & Analytics Specialist,BI Analyst,HSBC,Banking,Bengaluru,Karnataka,Tier 1,On-Site,2,5,Mid-Level (3-5 yrs),,,,2025-11-18,5,LinkedIn
JOB-104029,Operations Analyst,Data Analyst,Accenture,Consulting / IT,Bengaluru,Karnataka,Tier 1,On-Site,1,3,Mid-Level (3-5 yrs),3.6,6.8,5.2,2025-10-11,8,LinkedIn
JOB-104030,BI & Analytics Specialist,BI Analyst,Meesho,E-Commerce,Hyderabad,Telangana,Tier 1,On-Site,10,15,Lead / Principal (10+ yrs),20.7,36.3,28.5,2025-10-12,10,Naukri.com
JOB-104031,Lead Data Analyst,Data Analyst,Goldman Sachs,Banking / Finance,Bengaluru,Karnataka,Tier 1,Hybrid,4,7,Senior (6-9 yrs),7.8,14.7,11.25,2026-01-23,11,Indeed
JOB-104032,Data Engineer,Data Engineer,Meesho,E-Commerce,Hyderabad,Telangana,Tier 1,On-Site,5,8,Senior (6-9 yrs),9.2,17.3,13.25,2025-11-21,11,LinkedIn
JOB-104033,Data Analyst,Data Analyst,Meesho,E-Commerce,Bengaluru,Karnataka,Tier 1,On-Site,7,10,Lead / Principal (10+ yrs),12.0,20.8,16.4,2025-10-15,8,LinkedIn
JOB-104034,Cloud Data Engineer,Data Engineer,Amazon,Product / Tech,Chennai,Tamil Nadu,Tier 1,Hybrid,3,6,Senior (6-9 yrs),10.9,20.5,15.7,2026-01-07,11,LinkedIn
JOB-104035,Tableau Developer,BI Analyst,HSBC,Banking,Noida,Uttar Pradesh,Tier 1,Hybrid,0,2,Entry / Junior (0-2 yrs),,,,2025-12-09,13,Naukri.com
JOB-104036,BI Developer,BI Analyst,Flipkart,E-Commerce,Bengaluru,Karnataka,Tier 1,On-Site,2,4,Mid-Level (3-5 yrs),4.8,9.0,6.9,2025-12-24,10,Naukri.com
JOB-104037,BI Developer,BI Analyst,HCL Technologies,IT Services,Gurgaon,Haryana,Tier 1,On-Site,3,6,Senior (6-9 yrs),,,,2026-01-24,11,Indeed
JOB-104038,Lead Data Analyst,Data Analyst,CRED,Fintech,Hyderabad,Telangana,Tier 1,Hybrid,5,7,Senior (6-9 yrs),7.5,14.1,10.8,2025-12-24,8,Indeed
JOB-104039,Data Analyst,Data Analyst,Amazon,Product / Tech,Pune,Maharashtra,Tier 1,On-Site,6,9,Senior (6-9 yrs),14.2,24.7,19.45,2025-10-22,12,Naukri.com
JOB-104040,Senior Data Analyst,Data Analyst,Barclays,Banking,Bengaluru,Karnataka,Tier 1,Hybrid,2,4,Mid-Level (3-5 yrs),4.0,7.6,5.8,2026-01-10,8,LinkedIn
JOB-104041,Associate Analyst - Data,Data Analyst,Flipkart,E-Commerce,Hyderabad,Telangana,Tier 1,On-Site,5,9,Senior (6-9 yrs),7.5,14.1,10.8,2025-11-14,10,Indeed
JOB-104042,Lead Data Analyst,Data Analyst,HSBC,Banking,Noida,Uttar Pradesh,Tier 1,On-Site,7,10,Lead / Principal (10+ yrs),11.7,20.3,16.0,2025-12-14,6,Naukri.com
JOB-104043,Senior Python Developer,Python Developer,Google,Product / Tech,Pune,Maharashtra,Tier 1,Hybrid,4,8,Senior (6-9 yrs),9.6,18.0,13.8,2025-12-26,8,Naukri.com
JOB-104044,Database Administrator & SQL Dev,SQL Developer,Cognizant,IT Services,Pune,Maharashtra,Tier 1,Remote,3,6,Senior (6-9 yrs),5.0,9.4,7.2,2025-12-08,10,LinkedIn
JOB-104045,Junior Data Analyst,Data Analyst,Fractal Analytics,Pureplay Analytics,Bengaluru,Karnataka,Tier 1,Hybrid,4,7,Senior (6-9 yrs),7.0,13.1,10.05,2025-10-05,10,Naukri.com
JOB-104046,PL/SQL Developer,SQL Developer,ICICI Bank,Banking,Pune,Maharashtra,Tier 1,Hybrid,7,10,Lead / Principal (10+ yrs),9.6,16.6,13.1,2026-01-25,11,Naukri.com
JOB-104047,Big Data Engineer,Data Engineer,PwC,Consulting,Hyderabad,Telangana,Tier 1,Hybrid,1,4,Mid-Level (3-5 yrs),5.1,9.7,7.4,2026-01-09,7,Naukri.com
JOB-104048,SQL Developer,SQL Developer,HSBC,Banking,Chennai,Tamil Nadu,Tier 1,Hybrid,3,7,Senior (6-9 yrs),6.5,12.2,9.35,2026-01-02,13,LinkedIn
JOB-104049,Python Developer,Python Developer,PwC,Consulting,Bengaluru,Karnataka,Tier 1,Hybrid,3,7,Senior (6-9 yrs),7.4,14.0,10.7,2025-10-12,10,Naukri.com
JOB-104050,Financial Data Analyst,Data Analyst,ICICI Bank,Banking,Bengaluru,Karnataka,Tier 1,Hybrid,7,11,Lead / Principal (10+ yrs),,,,2025-09-05,11,LinkedIn
JOB-104051,Financial Data Analyst,Data Analyst,Swiggy,Tech / Consumer,Hyderabad,Telangana,Tier 1,On-Site,2,5,Mid-Level (3-5 yrs),4.1,7.8,5.95,2026-01-29,12,Indeed
JOB-104052,Python Developer,Python Developer,Accenture,Consulting / IT,Mumbai,Maharashtra,Tier 1,Hybrid,3,7,Senior (6-9 yrs),7.0,13.2,10.1,2025-11-02,11,Naukri.com
JOB-104053,PL/SQL Developer,SQL Developer,Paytm,Fintech,Noida,Uttar Pradesh,Tier 1,On-Site,1,3,Mid-Level (3-5 yrs),3.7,7.0,5.35,2025-10-11,10,LinkedIn
JOB-104054,Data Analyst,Data Analyst,EY,Consulting,Bengaluru,Karnataka,Tier 1,On-Site,3,6,Senior (6-9 yrs),,,,2025-09-26,12,Naukri.com
JOB-104055,Power BI Developer,BI Analyst,Infosys,IT Services,Gurgaon,Haryana,Tier 1,On-Site,6,9,Senior (6-9 yrs),9.4,16.3,12.85,2025-11-09,15,Indeed
JOB-104056,BI & Analytics Specialist,BI Analyst,JPMorgan Chase,Banking / Finance,Bengaluru,Karnataka,Tier 1,Hybrid,1,3,Mid-Level (3-5 yrs),4.8,9.0,6.9,2025-09-07,7,Naukri.com
JOB-104057,Lead Data Analyst,Data Analyst,CRED,Fintech,Bengaluru,Karnataka,Tier 1,Remote,0,2,Entry / Junior (0-2 yrs),2.8,5.7,4.25,2026-02-18,7,Company Careers Portal
JOB-104058,Database Developer (SQL),SQL Developer,Deloitte,Consulting,Hyderabad,Telangana,Tier 1,On-Site,0,2,Entry / Junior (0-2 yrs),,,,2025-12-02,11,LinkedIn
JOB-104059,Senior BI Consultant,BI Analyst,Barclays,Banking,Bengaluru,Karnataka,Tier 1,On-Site,3,6,Senior (6-9 yrs),,,,2026-02-16,10,Naukri.com
JOB-104060,Lead Data Analyst,Data Analyst,Meesho,E-Commerce,Bengaluru,Karnataka,Tier 1,On-Site,0,1,Entry / Junior (0-2 yrs),2.6,5.2,3.9,2026-01-15,9,LinkedIn
JOB-104061,Data Engineer,Data Engineer,Swiggy,Tech / Consumer,Noida,Uttar Pradesh,Tier 1,Hybrid,3,7,Senior (6-9 yrs),9.4,17.7,13.55,2026-02-03,16,LinkedIn
JOB-104062,Marketing Data Analyst,Data Analyst,Zomato,Tech / Consumer,Mumbai,Maharashtra,Tier 1,Hybrid,1,4,Mid-Level (3-5 yrs),4.0,7.6,5.8,2025-09-29,9,Naukri.com
JOB-104063,BI & Analytics Specialist,BI Analyst,Google,Product / Tech,Bengaluru,Karnataka,Tier 1,On-Site,4,8,Senior (6-9 yrs),9.0,16.9,12.95,2025-09-29,10,Naukri.com
JOB-104064,Cloud Data Engineer,Data Engineer,Tiger Analytics,Pureplay Analytics,Hyderabad,Telangana,Tier 1,Hybrid,0,1,Entry / Junior (0-2 yrs),,,,2026-02-09,9,LinkedIn
JOB-104065,Big Data Engineer,Data Engineer,Mu Sigma,Pureplay Analytics,Gurgaon,Haryana,Tier 1,On-Site,1,4,Mid-Level (3-5 yrs),4.4,8.3,6.35,2025-11-27,11,Company Careers Portal
JOB-104066,SQL Developer,SQL Developer,Flipkart,E-Commerce,Bengaluru,Karnataka,Tier 1,Hybrid,0,1,Entry / Junior (0-2 yrs),2.8,5.6,4.2,2025-12-11,9,Naukri.com
JOB-104067,Operations Analyst,Data Analyst,EY,Consulting,Bengaluru,Karnataka,Tier 1,On-Site,7,10,Lead / Principal (10+ yrs),11.2,19.5,15.35,2025-10-17,10,Naukri.com
JOB-104068,Database Administrator & SQL Dev,SQL Developer,Mu Sigma,Pureplay Analytics,Hyderabad,Telangana,Tier 1,On-Site,4,6,Senior (6-9 yrs),5.4,10.2,7.8,2025-10-17,9,Naukri.com
JOB-104069,Senior BI Consultant,BI Analyst,Wipro,IT Services,Bengaluru,Karnataka,Tier 1,Hybrid,2,4,Mid-Level (3-5 yrs),,,,2025-09-11,9,LinkedIn
JOB-104070,PL/SQL Developer,SQL Developer,Flipkart,E-Commerce,Bengaluru,Karnataka,Tier 1,On-Site,2,4,Mid-Level (3-5 yrs),,,,2025-12-17,11,Naukri.com
JOB-104071,Senior Data Analyst,Data Analyst,Meesho,E-Commerce,Noida,Uttar Pradesh,Tier 1,On-Site,1,4,Mid-Level (3-5 yrs),4.0,7.6,5.8,2026-02-20,9,LinkedIn
JOB-104072,Junior Python Engineer,Python Developer,EY,Consulting,Noida,Uttar Pradesh,Tier 1,Hybrid,1,3,Mid-Level (3-5 yrs),4.3,8.2,6.25,2026-01-19,10,LinkedIn
JOB-104073,Analytics Engineer,Data Engineer,Fractal Analytics,Pureplay Analytics,Pune,Maharashtra,Tier 1,Remote,5,7,Senior (6-9 yrs),9.4,17.7,13.55,2025-10-13,11,LinkedIn
JOB-104074,Operations Analyst,Data Analyst,PhonePe,Fintech,Pune,Maharashtra,Tier 1,Hybrid,2,4,Mid-Level (3-5 yrs),4.3,8.2,6.25,2025-10-11,7,Naukri.com
JOB-104075,Junior Data Engineer,Data Engineer,Uber,Tech,Gurgaon,Haryana,Tier 1,Remote,1,4,Mid-Level (3-5 yrs),6.1,11.5,8.8,2026-01-08,10,LinkedIn
JOB-104076,Senior Data Engineer,Data Engineer,CRED,Fintech,Chennai,Tamil Nadu,Tier 1,On-Site,10,14,Lead / Principal (10+ yrs),28.5,49.9,39.2,2025-12-18,8,Naukri.com
JOB-104077,Cloud Data Engineer,Data Engineer,Amazon,Product / Tech,Hyderabad,Telangana,Tier 1,Remote,2,5,Mid-Level (3-5 yrs),6.4,12.2,9.3,2025-10-14,13,LinkedIn
JOB-104078,Analytics Engineer,Data Engineer,McKinsey & Company,Strategy Consulting,Pune,Maharashtra,Tier 1,Remote,1,3,Mid-Level (3-5 yrs),6.4,12.2,9.3,2025-09-01,10,Naukri.com
JOB-104079,Reporting Analyst,BI Analyst,Mu Sigma,Pureplay Analytics,Hyderabad,Telangana,Tier 1,Hybrid,1,4,Mid-Level (3-5 yrs),,,,2025-10-25,10,Naukri.com
JOB-104080,Database Developer (SQL),SQL Developer,Wipro,IT Services,Hyderabad,Telangana,Tier 1,Hybrid,2,5,Mid-Level (3-5 yrs),2.7,5.1,3.9,2025-10-08,12,Naukri.com
JOB-104081,Financial Data Analyst,Data Analyst,Swiggy,Tech / Consumer,Gurgaon,Haryana,Tier 1,On-Site,10,15,Lead / Principal (10+ yrs),19.7,34.4,27.05,2025-09-05,12,Indeed
JOB-104082,Data Analyst,Data Analyst,Mu Sigma,Pureplay Analytics,Hyderabad,Telangana,Tier 1,Hybrid,2,5,Mid-Level (3-5 yrs),3.2,6.2,4.7,2026-01-03,9,LinkedIn
JOB-104083,BI Developer,BI Analyst,Standard Chartered,Banking,Mumbai,Maharashtra,Tier 1,Hybrid,0,1,Entry / Junior (0-2 yrs),2.6,5.3,3.95,2026-01-30,11,Naukri.com
JOB-104084,Data Engineer,Data Engineer,KPMG,Consulting,Bengaluru,Karnataka,Tier 1,Hybrid,5,9,Senior (6-9 yrs),8.6,16.2,12.4,2025-09-02,13,LinkedIn
JOB-104085,Cloud Data Engineer,Data Engineer,Tiger Analytics,Pureplay Analytics,Bengaluru,Karnataka,Tier 1,Remote,0,1,Entry / Junior (0-2 yrs),3.5,7.0,5.25,2025-11-11,11,Naukri.com
JOB-104086,Associate Analyst - Data,Data Analyst,McKinsey & Company,Strategy Consulting,Bengaluru,Karnataka,Tier 1,On-Site,0,2,Entry / Junior (0-2 yrs),,,,2026-01-26,9,Naukri.com
JOB-104087,Senior T-SQL Developer,SQL Developer,Razorpay,Fintech,Bengaluru,Karnataka,Tier 1,On-Site,4,6,Senior (6-9 yrs),7.1,13.3,10.2,2025-11-23,11,LinkedIn
JOB-104088,Tableau Developer,BI Analyst,Razorpay,Fintech,Gurgaon,Haryana,Tier 1,Hybrid,8,13,Lead / Principal (10+ yrs),22.0,38.6,30.3,2026-01-04,14,LinkedIn
JOB-104089,BI & Analytics Specialist,BI Analyst,JPMorgan Chase,Banking / Finance,Hyderabad,Telangana,Tier 1,On-Site,3,5,Mid-Level (3-5 yrs),8.1,15.2,11.65,2025-12-20,10,Naukri.com
JOB-104090,SQL Developer,SQL Developer,HDFC Bank,Banking,Bengaluru,Karnataka,Tier 1,Hybrid,0,1,Entry / Junior (0-2 yrs),2.1,4.3,3.2,2026-01-05,10,Indeed
JOB-104091,Cloud Data Engineer,Data Engineer,PhonePe,Fintech,Noida,Uttar Pradesh,Tier 1,On-Site,0,1,Entry / Junior (0-2 yrs),3.7,7.5,5.6,2025-10-26,10,Naukri.com
JOB-104092,BI Developer,BI Analyst,LTIMindtree,IT Services,Hyderabad,Telangana,Tier 1,Hybrid,1,3,Mid-Level (3-5 yrs),3.3,6.4,4.85,2025-12-08,11,LinkedIn
JOB-104093,Tableau Developer,BI Analyst,PwC,Consulting,Hyderabad,Telangana,Tier 1,On-Site,0,1,Entry / Junior (0-2 yrs),2.6,5.3,3.95,2025-09-27,12,Indeed
JOB-104094,Healthcare Data Analyst,Data Analyst,HDFC Bank,Banking,Hyderabad,Telangana,Tier 1,Remote,2,5,Mid-Level (3-5 yrs),3.4,6.5,4.95,2025-09-24,10,Naukri.com
JOB-104095,Python Backend & Analytics Engineer,Python Developer,Cognizant,IT Services,Bengaluru,Karnataka,Tier 1,Hybrid,6,10,Lead / Principal (10+ yrs),10.3,17.9,14.1,2025-11-03,12,Indeed
JOB-104096,Senior BI Consultant,BI Analyst,JPMorgan Chase,Banking / Finance,Gurgaon,Haryana,Tier 1,Hybrid,1,3,Mid-Level (3-5 yrs),4.8,9.0,6.9,2025-11-09,8,Indeed
JOB-104097,Python Backend & Analytics Engineer,Python Developer,Paytm,Fintech,Hyderabad,Telangana,Tier 1,On-Site,3,7,Senior (6-9 yrs),7.3,13.8,10.55,2025-10-03,13,Naukri.com
JOB-104098,Marketing Data Analyst,Data Analyst,HCL Technologies,IT Services,Bengaluru,Karnataka,Tier 1,Hybrid,3,7,Senior (6-9 yrs),4.9,9.3,7.1,2025-09-02,10,Naukri.com
JOB-104099,Healthcare Data Analyst,Data Analyst,Swiggy,Tech / Consumer,Hyderabad,Telangana,Tier 1,On-Site,2,4,Mid-Level (3-5 yrs),,,,2025-10-05,8,LinkedIn
JOB-104100,Cloud Data Engineer,Data Engineer,Cognizant,IT Services,Pune,Maharashtra,Tier 1,Hybrid,0,1,Entry / Junior (0-2 yrs),2.6,5.3,3.95,2025-11-26,12,Indeed
JOB-104101,Senior T-SQL Developer,SQL Developer,Barclays,Banking,Mumbai,Maharashtra,Tier 1,On-Site,1,3,Mid-Level (3-5 yrs),3.9,7.4,5.65,2025-09-27,12,LinkedIn
JOB-104102,Power BI Developer,BI Analyst,Uber,Tech,Hyderabad,Telangana,Tier 1,Hybrid,0,1,Entry / Junior (0-2 yrs),3.1,6.3,4.7,2026-02-23,9,Naukri.com
JOB-104103,Data Analyst,Data Analyst,Standard Chartered,Banking,Bengaluru,Karnataka,Tier 1,On-Site,0,1,Entry / Junior (0-2 yrs),2.4,4.9,3.65,2026-01-13,9,Company Careers Portal
JOB-104104,Senior Python Developer,Python Developer,Goldman Sachs,Banking / Finance,Mumbai,Maharashtra,Tier 1,Hybrid,0,1,Entry / Junior (0-2 yrs),3.4,6.9,5.15,2025-09-12,13,LinkedIn
JOB-104105,Analytics Engineer,Data Engineer,Uber,Tech,Hyderabad,Telangana,Tier 1,Hybrid,0,1,Entry / Junior (0-2 yrs),3.9,7.9,5.9,2025-11-20,13,Indeed
JOB-104106,Associate Analyst - Data,Data Analyst,HCL Technologies,IT Services,Hyderabad,Telangana,Tier 1,Remote,1,3,Mid-Level (3-5 yrs),2.9,5.5,4.2,2025-12-21,9,Indeed
JOB-104107,Data Analyst,Data Analyst,JPMorgan Chase,Banking / Finance,Gurgaon,Haryana,Tier 1,On-Site,5,7,Senior (6-9 yrs),7.5,14.1,10.8,2025-11-17,10,LinkedIn
JOB-104108,Cloud Data Engineer,Data Engineer,JPMorgan Chase,Banking / Finance,Bengaluru,Karnataka,Tier 1,Hybrid,0,2,Entry / Junior (0-2 yrs),3.8,7.7,5.75,2025-10-22,8,LinkedIn
JOB-104109,Tableau Developer,BI Analyst,Infosys,IT Services,Pune,Maharashtra,Tier 1,Hybrid,4,7,Senior (6-9 yrs),5.3,10.0,7.65,2025-11-09,11,Naukri.com
JOB-104110,Database Administrator & SQL Dev,SQL Developer,Swiggy,Tech / Consumer,Pune,Maharashtra,Tier 1,On-Site,6,9,Senior (6-9 yrs),12.1,20.9,16.5,2026-02-15,10,LinkedIn
JOB-104111,Analytics Engineer,Data Engineer,HDFC Bank,Banking,Mumbai,Maharashtra,Tier 1,On-Site,2,5,Mid-Level (3-5 yrs),,,,2025-10-19,9,Indeed
JOB-104112,Analytics Engineer,Data Engineer,Mu Sigma,Pureplay Analytics,Pune,Maharashtra,Tier 1,Hybrid,6,9,Senior (6-9 yrs),,,,2025-12-03,9,Indeed
JOB-104113,Marketing Data Analyst,Data Analyst,PhonePe,Fintech,Hyderabad,Telangana,Tier 1,On-Site,1,3,Mid-Level (3-5 yrs),4.3,8.2,6.25,2025-09-17,11,Naukri.com
JOB-104114,Analytics Engineer,Data Engineer,PwC,Consulting,Hyderabad,Telangana,Tier 1,Hybrid,4,8,Senior (6-9 yrs),8.7,16.4,12.55,2025-10-18,11,LinkedIn
JOB-104115,Database Developer (SQL),SQL Developer,LTIMindtree,IT Services,Pune,Maharashtra,Tier 1,On-Site,1,3,Mid-Level (3-5 yrs),,,,2026-02-05,9,Indeed
JOB-104116,Junior Data Analyst,Data Analyst,Microsoft,Product / Tech,Hyderabad,Telangana,Tier 1,On-Site,5,7,Senior (6-9 yrs),8.2,15.4,11.8,2025-10-07,9,Naukri.com
JOB-104117,Data Engineer,Data Engineer,LTIMindtree,IT Services,Mumbai,Maharashtra,Tier 1,Remote,3,6,Senior (6-9 yrs),7.1,13.4,10.25,2025-10-26,13,Naukri.com
JOB-104118,Database Developer (SQL),SQL Developer,PwC,Consulting,Pune,Maharashtra,Tier 1,Hybrid,1,3,Mid-Level (3-5 yrs),3.7,7.1,5.4,2025-09-22,11,LinkedIn
JOB-104119,Marketing Data Analyst,Data Analyst,Uber,Tech,Gurgaon,Haryana,Tier 1,On-Site,4,6,Senior (6-9 yrs),,,,2025-11-14,9,Naukri.com
JOB-104120,Reporting Analyst,BI Analyst,Goldman Sachs,Banking / Finance,Chennai,Tamil Nadu,Tier 1,On-Site,5,8,Senior (6-9 yrs),8.4,15.9,12.15,2025-12-23,11,LinkedIn
JOB-104121,Financial Data Analyst,Data Analyst,Meesho,E-Commerce,Mumbai,Maharashtra,Tier 1,On-Site,0,1,Entry / Junior (0-2 yrs),2.6,5.2,3.9,2026-02-24,11,LinkedIn
JOB-104122,BI Developer,BI Analyst,LTIMindtree,IT Services,Bengaluru,Karnataka,Tier 1,Remote,5,9,Senior (6-9 yrs),10.0,17.4,13.7,2025-09-04,8,Naukri.com
JOB-104123,Python Developer,Python Developer,HCL Technologies,IT Services,Hyderabad,Telangana,Tier 1,Hybrid,3,6,Senior (6-9 yrs),5.7,10.7,8.2,2026-01-09,9,LinkedIn
JOB-104124,Python Backend & Analytics Engineer,Python Developer,McKinsey & Company,Strategy Consulting,Bengaluru,Karnataka,Tier 1,Hybrid,3,5,Mid-Level (3-5 yrs),9.3,17.5,13.4,2025-09-11,10,Naukri.com
JOB-104125,Python Data Programmer,Python Developer,Tata Consultancy Services,IT Services,Remote,All India,Remote,Remote,5,7,Senior (6-9 yrs),5.4,10.1,7.75,2025-10-02,10,LinkedIn
JOB-104126,Senior Python Developer,Python Developer,LTIMindtree,IT Services,Gurgaon,Haryana,Tier 1,On-Site,2,4,Mid-Level (3-5 yrs),3.6,6.8,5.2,2025-09-03,8,LinkedIn
JOB-104127,Junior Data Engineer,Data Engineer,Tiger Analytics,Pureplay Analytics,Hyderabad,Telangana,Tier 1,On-Site,5,9,Senior (6-9 yrs),9.2,17.3,13.25,2025-11-27,11,LinkedIn
JOB-104128,Associate Analyst - Data,Data Analyst,Zomato,Tech / Consumer,Bengaluru,Karnataka,Tier 1,On-Site,5,9,Senior (6-9 yrs),12.0,20.8,16.4,2025-11-16,9,LinkedIn
JOB-104129,Junior Data Analyst,Data Analyst,Tata Consultancy Services,IT Services,Bengaluru,Karnataka,Tier 1,On-Site,5,7,Senior (6-9 yrs),4.7,8.8,6.75,2026-02-09,11,LinkedIn
JOB-104130,Tableau Developer,BI Analyst,EY,Consulting,Chennai,Tamil Nadu,Tier 1,Remote,2,5,Mid-Level (3-5 yrs),4.1,7.7,5.9,2025-11-26,11,LinkedIn
JOB-104131,Financial Data Analyst,Data Analyst,EY,Consulting,Mumbai,Maharashtra,Tier 1,On-Site,2,4,Mid-Level (3-5 yrs),,,,2025-09-05,10,Indeed
JOB-104132,Cloud Data Engineer,Data Engineer,Capgemini,IT Services,Bengaluru,Karnataka,Tier 1,Remote,3,7,Senior (6-9 yrs),,,,2026-02-12,10,Indeed
JOB-104133,Junior Python Engineer,Python Developer,Accenture,Consulting / IT,Bengaluru,Karnataka,Tier 1,On-Site,0,1,Entry / Junior (0-2 yrs),2.6,5.4,4.0,2025-09-26,12,Naukri.com
JOB-104134,Data Analyst,Data Analyst,Goldman Sachs,Banking / Finance,Mumbai,Maharashtra,Tier 1,On-Site,1,4,Mid-Level (3-5 yrs),,,,2026-02-24,10,LinkedIn
JOB-104135,Associate Analyst - Data,Data Analyst,Morgan Stanley,Banking / Finance,Gurgaon,Haryana,Tier 1,On-Site,2,5,Mid-Level (3-5 yrs),4.5,8.6,6.55,2025-11-23,9,LinkedIn
JOB-104136,SQL Developer,SQL Developer,PhonePe,Fintech,Bengaluru,Karnataka,Tier 1,On-Site,4,7,Senior (6-9 yrs),7.2,13.5,10.35,2025-12-08,11,Naukri.com
JOB-104137,ETL Developer,Data Engineer,Infosys,IT Services,Hyderabad,Telangana,Tier 1,On-Site,5,7,Senior (6-9 yrs),6.7,12.5,9.6,2025-09-19,9,LinkedIn
JOB-104138,Senior BI Consultant,BI Analyst,Standard Chartered,Banking,Bengaluru,Karnataka,Tier 1,Hybrid,1,3,Mid-Level (3-5 yrs),,,,2025-09-02,11,Indeed
JOB-104139,Python Backend & Analytics Engineer,Python Developer,Tata Consultancy Services,IT Services,Chennai,Tamil Nadu,Tier 1,On-Site,2,4,Mid-Level (3-5 yrs),3.2,6.0,4.6,2026-02-17,9,LinkedIn
JOB-104140,Tableau Developer,BI Analyst,Swiggy,Tech / Consumer,Bengaluru,Karnataka,Tier 1,On-Site,2,4,Mid-Level (3-5 yrs),4.4,8.4,6.4,2026-01-08,11,Naukri.com
JOB-104141,Financial Data Analyst,Data Analyst,Tiger Analytics,Pureplay Analytics,Hyderabad,Telangana,Tier 1,On-Site,4,7,Senior (6-9 yrs),6.8,12.8,9.8,2026-01-20,10,LinkedIn
JOB-104142,BI & Analytics Specialist,BI Analyst,Swiggy,Tech / Consumer,Noida,Uttar Pradesh,Tier 1,On-Site,0,1,Entry / Junior (0-2 yrs),,,,2026-01-10,12,Naukri.com
JOB-104143,Senior BI Consultant,BI Analyst,Meesho,E-Commerce,Pune,Maharashtra,Tier 1,On-Site,4,8,Senior (6-9 yrs),7.3,13.8,10.55,2025-11-07,8,Naukri.com
JOB-104144,Python Data Programmer,Python Developer,Razorpay,Fintech,Bengaluru,Karnataka,Tier 1,On-Site,0,2,Entry / Junior (0-2 yrs),3.1,6.4,4.75,2026-01-01,10,Naukri.com
JOB-104145,Senior Python Developer,Python Developer,HDFC Bank,Banking,Mumbai,Maharashtra,Tier 1,Hybrid,3,6,Senior (6-9 yrs),6.6,12.5,9.55,2025-12-28,11,Naukri.com
JOB-104146,Data Engineer,Data Engineer,Fractal Analytics,Pureplay Analytics,Bengaluru,Karnataka,Tier 1,On-Site,0,1,Entry / Junior (0-2 yrs),,,,2025-09-05,12,LinkedIn
JOB-104147,Marketing Data Analyst,Data Analyst,Microsoft,Product / Tech,Pune,Maharashtra,Tier 1,On-Site,2,5,Mid-Level (3-5 yrs),,,,2026-02-12,9,Naukri.com
JOB-104148,Lead Data Analyst,Data Analyst,Morgan Stanley,Banking / Finance,Bengaluru,Karnataka,Tier 1,On-Site,3,5,Mid-Level (3-5 yrs),7.7,14.4,11.05,2025-11-30,9,Indeed
JOB-104149,Healthcare Data Analyst,Data Analyst,Google,Product / Tech,Bengaluru,Karnataka,Tier 1,Hybrid,5,7,Senior (6-9 yrs),8.3,15.7,12.0,2025-12-10,8,LinkedIn
JOB-104150,Senior BI Consultant,BI Analyst,PwC,Consulting,Bengaluru,Karnataka,Tier 1,Hybrid,3,7,Senior (6-9 yrs),7.0,13.1,10.05,2025-09-15,10,LinkedIn
JOB-104151,Business Intelligence Analyst,BI Analyst,Morgan Stanley,Banking / Finance,Bengaluru,Karnataka,Tier 1,Remote,4,6,Senior (6-9 yrs),8.3,15.6,11.95,2025-12-30,11,Naukri.com
JOB-104152,Senior T-SQL Developer,SQL Developer,Amazon,Product / Tech,Bengaluru,Karnataka,Tier 1,On-Site,1,3,Mid-Level (3-5 yrs),4.7,8.8,6.75,2025-10-11,10,LinkedIn
JOB-104153,BI & Analytics Specialist,BI Analyst,Tiger Analytics,Pureplay Analytics,Bengaluru,Karnataka,Tier 1,Remote,6,10,Lead / Principal (10+ yrs),13.0,22.5,17.75,2025-11-13,10,LinkedIn
JOB-104154,Analytics Engineer,Data Engineer,Meesho,E-Commerce,Mumbai,Maharashtra,Tier 1,Hybrid,1,4,Mid-Level (3-5 yrs),5.4,10.3,7.85,2025-09-03,9,LinkedIn
JOB-104155,Healthcare Data Analyst,Data Analyst,Zomato,Tech / Consumer,Bengaluru,Karnataka,Tier 1,On-Site,3,6,Senior (6-9 yrs),6.8,12.8,9.8,2025-11-29,9,Naukri.com
JOB-104156,Cloud Data Engineer,Data Engineer,Fractal Analytics,Pureplay Analytics,Pune,Maharashtra,Tier 1,On-Site,7,10,Lead / Principal (10+ yrs),16.6,28.8,22.7,2025-10-26,8,Naukri.com
JOB-104157,Healthcare Data Analyst,Data Analyst,PwC,Consulting,Bengaluru,Karnataka,Tier 1,Hybrid,4,7,Senior (6-9 yrs),6.5,12.2,9.35,2026-01-08,11,Naukri.com
JOB-104158,Data Analyst,Data Analyst,HDFC Bank,Banking,Bengaluru,Karnataka,Tier 1,On-Site,1,4,Mid-Level (3-5 yrs),3.4,6.5,4.95,2025-12-18,8,Naukri.com
JOB-104159,Python Data Programmer,Python Developer,Cognizant,IT Services,Bengaluru,Karnataka,Tier 1,On-Site,4,7,Senior (6-9 yrs),5.9,11.0,8.45,2026-01-06,11,LinkedIn
JOB-104160,Associate Analyst - Data,Data Analyst,Razorpay,Fintech,Chennai,Tamil Nadu,Tier 1,Hybrid,5,8,Senior (6-9 yrs),7.2,13.6,10.4,2025-10-13,10,Company Careers Portal
JOB-104161,Senior Python Developer,Python Developer,Paytm,Fintech,Mumbai,Maharashtra,Tier 1,Hybrid,0,1,Entry / Junior (0-2 yrs),2.8,5.6,4.2,2025-11-08,10,LinkedIn
JOB-104162,Analytics Engineer,Data Engineer,Razorpay,Fintech,Bengaluru,Karnataka,Tier 1,Hybrid,1,3,Mid-Level (3-5 yrs),,,,2025-09-10,10,Naukri.com
JOB-104163,ETL Developer,Data Engineer,Standard Chartered,Banking,Bengaluru,Karnataka,Tier 1,Hybrid,6,9,Senior (6-9 yrs),15.2,26.3,20.75,2025-11-19,8,LinkedIn
JOB-104164,Healthcare Data Analyst,Data Analyst,Standard Chartered,Banking,Chennai,Tamil Nadu,Tier 1,Remote,0,1,Entry / Junior (0-2 yrs),2.4,4.9,3.65,2025-11-02,10,LinkedIn
JOB-104165,SQL Developer,SQL Developer,PwC,Consulting,Gurgaon,Haryana,Tier 1,Hybrid,2,4,Mid-Level (3-5 yrs),3.7,7.1,5.4,2025-10-20,6,Naukri.com
JOB-104166,Senior BI Consultant,BI Analyst,Zomato,Tech / Consumer,Hyderabad,Telangana,Tier 1,On-Site,0,1,Entry / Junior (0-2 yrs),2.8,5.6,4.2,2025-11-17,13,LinkedIn
JOB-104167,Python Data Programmer,Python Developer,ICICI Bank,Banking,Bengaluru,Karnataka,Tier 1,Hybrid,1,3,Mid-Level (3-5 yrs),3.7,7.1,5.4,2025-10-19,8,Naukri.com
JOB-104168,Associate Analyst - Data,Data Analyst,Morgan Stanley,Banking / Finance,Pune,Maharashtra,Tier 1,Hybrid,5,8,Senior (6-9 yrs),7.7,14.4,11.05,2025-11-19,9,Naukri.com
JOB-104169,Python Developer,Python Developer,Microsoft,Product / Tech,Bengaluru,Karnataka,Tier 1,Hybrid,2,4,Mid-Level (3-5 yrs),5.5,10.5,8.0,2025-11-06,7,Indeed
JOB-104170,Python Backend & Analytics Engineer,Python Developer,Zomato,Tech / Consumer,Hyderabad,Telangana,Tier 1,On-Site,6,9,Senior (6-9 yrs),13.8,23.9,18.85,2025-09-06,9,LinkedIn
JOB-104171,Data Analyst,Data Analyst,Cognizant,IT Services,Bengaluru,Karnataka,Tier 1,Hybrid,2,4,Mid-Level (3-5 yrs),3.0,5.7,4.35,2026-01-12,11,LinkedIn
JOB-104172,Python Developer,Python Developer,Infosys,IT Services,Bengaluru,Karnataka,Tier 1,Hybrid,4,7,Senior (6-9 yrs),5.7,10.7,8.2,2025-10-15,11,LinkedIn
JOB-104173,Senior BI Consultant,BI Analyst,HCL Technologies,IT Services,Hyderabad,Telangana,Tier 1,Hybrid,0,2,Entry / Junior (0-2 yrs),2.0,4.1,3.05,2025-11-18,9,Indeed
JOB-104174,Junior Python Engineer,Python Developer,Google,Product / Tech,Mumbai,Maharashtra,Tier 1,Hybrid,5,8,Senior (6-9 yrs),9.6,18.0,13.8,2026-01-13,9,LinkedIn
JOB-104175,PL/SQL Developer,SQL Developer,Cognizant,IT Services,Mumbai,Maharashtra,Tier 1,Remote,0,1,Entry / Junior (0-2 yrs),1.9,3.8,2.85,2025-12-03,10,LinkedIn
JOB-104176,BI Developer,BI Analyst,Fractal Analytics,Pureplay Analytics,Hyderabad,Telangana,Tier 1,Hybrid,3,7,Senior (6-9 yrs),7.5,14.2,10.85,2026-02-26,7,LinkedIn
JOB-104177,Senior T-SQL Developer,SQL Developer,EY,Consulting,Hyderabad,Telangana,Tier 1,On-Site,5,8,Senior (6-9 yrs),6.2,11.8,9.0,2025-10-10,11,Naukri.com
JOB-104178,Python Backend & Analytics Engineer,Python Developer,Razorpay,Fintech,Bengaluru,Karnataka,Tier 1,Hybrid,0,2,Entry / Junior (0-2 yrs),,,,2026-01-27,10,LinkedIn
JOB-104179,Junior Data Engineer,Data Engineer,Paytm,Fintech,Bengaluru,Karnataka,Tier 1,Hybrid,0,2,Entry / Junior (0-2 yrs),3.2,6.6,4.9,2025-10-28,12,Company Careers Portal
JOB-104180,Power BI Developer,BI Analyst,ICICI Bank,Banking,Hyderabad,Telangana,Tier 1,On-Site,2,5,Mid-Level (3-5 yrs),,,,2025-09-12,8,Naukri.com
JOB-104181,Big Data Engineer,Data Engineer,Standard Chartered,Banking,Chennai,Tamil Nadu,Tier 1,On-Site,3,6,Senior (6-9 yrs),,,,2026-02-24,10,Naukri.com
JOB-104182,Senior Python Developer,Python Developer,Uber,Tech,Gurgaon,Haryana,Tier 1,Hybrid,4,6,Senior (6-9 yrs),8.8,16.6,12.7,2026-01-21,10,LinkedIn
JOB-104183,Python Data Programmer,Python Developer,Amazon,Product / Tech,Bengaluru,Karnataka,Tier 1,Remote,1,3,Mid-Level (3-5 yrs),5.5,10.4,7.95,2026-01-11,14,LinkedIn
JOB-104184,Junior Python Engineer,Python Developer,Infosys,IT Services,Bengaluru,Karnataka,Tier 1,On-Site,3,6,Senior (6-9 yrs),5.7,10.7,8.2,2026-02-06,10,LinkedIn
JOB-104185,Senior T-SQL Developer,SQL Developer,Morgan Stanley,Banking / Finance,Bengaluru,Karnataka,Tier 1,On-Site,4,6,Senior (6-9 yrs),7.5,14.1,10.8,2025-12-26,7,LinkedIn
JOB-104186,Healthcare Data Analyst,Data Analyst,Deloitte,Consulting,Bengaluru,Karnataka,Tier 1,Remote,1,3,Mid-Level (3-5 yrs),3.9,7.4,5.65,2025-12-15,10,LinkedIn
JOB-104187,Senior BI Consultant,BI Analyst,Amazon,Product / Tech,Hyderabad,Telangana,Tier 1,Hybrid,5,8,Senior (6-9 yrs),8.7,16.4,12.55,2026-02-18,7,Naukri.com
JOB-104188,Python Backend & Analytics Engineer,Python Developer,JPMorgan Chase,Banking / Finance,Hyderabad,Telangana,Tier 1,On-Site,7,10,Lead / Principal (10+ yrs),15.2,26.3,20.75,2025-11-01,9,Naukri.com
JOB-104189,Operations Analyst,Data Analyst,Amazon,Product / Tech,Hyderabad,Telangana,Tier 1,Remote,5,8,Senior (6-9 yrs),14.2,24.7,19.45,2026-02-21,8,Naukri.com
JOB-104190,Associate Analyst - Data,Data Analyst,Microsoft,Product / Tech,Bengaluru,Karnataka,Tier 1,Hybrid,0,1,Entry / Junior (0-2 yrs),,,,2025-11-10,8,Naukri.com
JOB-104191,BI & Analytics Specialist,BI Analyst,Microsoft,Product / Tech,Bengaluru,Karnataka,Tier 1,Hybrid,2,5,Mid-Level (3-5 yrs),5.2,9.8,7.5,2026-01-12,9,LinkedIn
JOB-104192,Senior Data Engineer,Data Engineer,Paytm,Fintech,Bengaluru,Karnataka,Tier 1,Hybrid,1,4,Mid-Level (3-5 yrs),5.1,9.6,7.35,2025-12-22,11,Naukri.com
JOB-104193,Senior T-SQL Developer,SQL Developer,PhonePe,Fintech,Pune,Maharashtra,Tier 1,On-Site,3,5,Mid-Level (3-5 yrs),7.2,13.5,10.35,2026-02-09,8,Naukri.com
JOB-104194,ETL Developer,Data Engineer,Deloitte,Consulting,Hyderabad,Telangana,Tier 1,On-Site,1,4,Mid-Level (3-5 yrs),5.3,10.0,7.65,2025-10-18,14,LinkedIn
JOB-104195,Python Developer,Python Developer,LTIMindtree,IT Services,Hyderabad,Telangana,Tier 1,On-Site,4,6,Senior (6-9 yrs),6.1,11.4,8.75,2025-09-10,10,LinkedIn
JOB-104196,SQL Developer,SQL Developer,Tiger Analytics,Pureplay Analytics,Pune,Maharashtra,Tier 1,On-Site,2,5,Mid-Level (3-5 yrs),,,,2026-02-19,10,Indeed
JOB-104197,Power BI Developer,BI Analyst,Tiger Analytics,Pureplay Analytics,Mumbai,Maharashtra,Tier 1,Hybrid,8,12,Lead / Principal (10+ yrs),20.7,36.3,28.5,2025-09-18,7,Naukri.com
JOB-104198,Reporting Analyst,BI Analyst,CRED,Fintech,Pune,Maharashtra,Tier 1,On-Site,4,7,Senior (6-9 yrs),8.1,15.2,11.65,2025-11-29,9,LinkedIn
JOB-104199,Operations Analyst,Data Analyst,PwC,Consulting,Hyderabad,Telangana,Tier 1,Remote,1,3,Mid-Level (3-5 yrs),3.8,7.2,5.5,2025-09-21,10,LinkedIn
JOB-104200,Python Backend & Analytics Engineer,Python Developer,Goldman Sachs,Banking / Finance,Hyderabad,Telangana,Tier 1,On-Site,1,3,Mid-Level (3-5 yrs),5.3,10.1,7.7,2026-01-16,9,LinkedIn
JOB-104201,Business Intelligence Analyst,BI Analyst,JPMorgan Chase,Banking / Finance,Hyderabad,Telangana,Tier 1,On-Site,1,3,Mid-Level (3-5 yrs),4.8,9.0,6.9,2025-12-08,10,LinkedIn
JOB-104202,Analytics Engineer,Data Engineer,PwC,Consulting,Hyderabad,Telangana,Tier 1,On-Site,5,8,Senior (6-9 yrs),8.7,16.4,12.55,2025-10-06,8,LinkedIn
JOB-104203,Python Backend & Analytics Engineer,Python Developer,Barclays,Banking,Gurgaon,Haryana,Tier 1,On-Site,0,1,Entry / Junior (0-2 yrs),2.9,6.0,4.45,2025-09-21,10,Indeed
JOB-104204,Data Analyst,Data Analyst,Tata Consultancy Services,IT Services,Bengaluru,Karnataka,Tier 1,On-Site,0,2,Entry / Junior (0-2 yrs),1.8,3.6,2.7,2026-01-18,12,Naukri.com
JOB-104205,Data Engineer,Data Engineer,HCL Technologies,IT Services,Bengaluru,Karnataka,Tier 1,On-Site,5,7,Senior (6-9 yrs),6.7,12.5,9.6,2025-11-05,13,Naukri.com
JOB-104206,SQL Developer,SQL Developer,Wipro,IT Services,Pune,Maharashtra,Tier 1,On-Site,7,10,Lead / Principal (10+ yrs),8.1,14.0,11.05,2026-02-20,10,LinkedIn
JOB-104207,Senior Python Developer,Python Developer,Deloitte,Consulting,Hyderabad,Telangana,Tier 1,Hybrid,0,1,Entry / Junior (0-2 yrs),2.9,5.8,4.35,2026-01-07,11,LinkedIn
JOB-104208,Database Developer (SQL),SQL Developer,Mu Sigma,Pureplay Analytics,Gurgaon,Haryana,Tier 1,Hybrid,6,10,Lead / Principal (10+ yrs),9.6,16.6,13.1,2026-02-06,10,Naukri.com
JOB-104209,Senior Python Developer,Python Developer,Google,Product / Tech,Bengaluru,Karnataka,Tier 1,On-Site,5,9,Senior (6-9 yrs),,,,2026-02-12,10,LinkedIn
JOB-104210,Senior Python Developer,Python Developer,Swiggy,Tech / Consumer,Noida,Uttar Pradesh,Tier 1,Remote,4,8,Senior (6-9 yrs),8.0,15.1,11.55,2025-12-10,8,LinkedIn
JOB-104211,SQL Developer,SQL Developer,Zomato,Tech / Consumer,Bengaluru,Karnataka,Tier 1,Hybrid,5,8,Senior (6-9 yrs),6.7,12.5,9.6,2025-11-12,13,LinkedIn
JOB-104212,Cloud Data Engineer,Data Engineer,Morgan Stanley,Banking / Finance,Bengaluru,Karnataka,Tier 1,On-Site,3,5,Mid-Level (3-5 yrs),10.3,19.4,14.85,2026-02-19,8,LinkedIn
JOB-104213,Junior Data Analyst,Data Analyst,HDFC Bank,Banking,Pune,Maharashtra,Tier 1,On-Site,4,7,Senior (6-9 yrs),5.8,10.9,8.35,2025-10-05,9,Naukri.com
JOB-104214,Big Data Engineer,Data Engineer,Flipkart,E-Commerce,Noida,Uttar Pradesh,Tier 1,On-Site,5,9,Senior (6-9 yrs),,,,2025-11-27,10,LinkedIn
JOB-104215,BI & Analytics Specialist,BI Analyst,Goldman Sachs,Banking / Finance,Pune,Maharashtra,Tier 1,Remote,3,7,Senior (6-9 yrs),8.4,15.9,12.15,2025-12-19,11,LinkedIn
JOB-104216,Senior Python Developer,Python Developer,Tata Consultancy Services,IT Services,Bengaluru,Karnataka,Tier 1,Hybrid,0,2,Entry / Junior (0-2 yrs),2.0,4.1,3.05,2026-02-12,12,LinkedIn
JOB-104217,Data Engineer,Data Engineer,Standard Chartered,Banking,Bengaluru,Karnataka,Tier 1,Remote,2,4,Mid-Level (3-5 yrs),5.1,9.6,7.35,2025-09-01,9,Naukri.com
JOB-104218,BI Developer,BI Analyst,Meesho,E-Commerce,Bengaluru,Karnataka,Tier 1,On-Site,5,8,Senior (6-9 yrs),7.3,13.8,10.55,2025-09-05,6,Naukri.com
JOB-104219,Python Data Programmer,Python Developer,Swiggy,Tech / Consumer,Hyderabad,Telangana,Tier 1,On-Site,6,10,Lead / Principal (10+ yrs),14.1,24.5,19.3,2025-09-28,11,Company Careers Portal
JOB-104220,Lead Data Analyst,Data Analyst,McKinsey & Company,Strategy Consulting,Hyderabad,Telangana,Tier 1,Hybrid,10,15,Lead / Principal (10+ yrs),,,,2025-09-15,7,Indeed
JOB-104221,Reporting Analyst,BI Analyst,HDFC Bank,Banking,Chennai,Tamil Nadu,Tier 1,On-Site,5,9,Senior (6-9 yrs),11.0,19.1,15.05,2025-11-30,6,LinkedIn
JOB-104222,Database Developer (SQL),SQL Developer,Capgemini,IT Services,Hyderabad,Telangana,Tier 1,Remote,1,3,Mid-Level (3-5 yrs),3.0,5.8,4.4,2026-01-29,13,Naukri.com
JOB-104223,Database Administrator & SQL Dev,SQL Developer,Amazon,Product / Tech,Bengaluru,Karnataka,Tier 1,Hybrid,1,4,Mid-Level (3-5 yrs),4.7,8.8,6.75,2026-01-04,9,LinkedIn
JOB-104224,Big Data Engineer,Data Engineer,Uber,Tech,Mumbai,Maharashtra,Tier 1,On-Site,2,4,Mid-Level (3-5 yrs),,,,2025-09-08,12,Naukri.com
JOB-104225,PL/SQL Developer,SQL Developer,Wipro,IT Services,Bengaluru,Karnataka,Tier 1,Remote,10,14,Lead / Principal (10+ yrs),12.9,22.6,17.75,2025-10-28,12,LinkedIn
JOB-104226,Senior BI Consultant,BI Analyst,CRED,Fintech,Bengaluru,Karnataka,Tier 1,Hybrid,5,7,Senior (6-9 yrs),,,,2026-01-21,15,Naukri.com
JOB-104227,Senior T-SQL Developer,SQL Developer,Flipkart,E-Commerce,Bengaluru,Karnataka,Tier 1,On-Site,3,5,Mid-Level (3-5 yrs),7.3,13.8,10.55,2025-11-21,11,Company Careers Portal
JOB-104228,Senior Python Developer,Python Developer,Razorpay,Fintech,Hyderabad,Telangana,Tier 1,Hybrid,5,7,Senior (6-9 yrs),8.3,15.6,11.95,2025-12-19,10,Company Careers Portal
JOB-104229,Business Intelligence Analyst,BI Analyst,HSBC,Banking,Bengaluru,Karnataka,Tier 1,Remote,5,9,Senior (6-9 yrs),7.2,13.5,10.35,2025-12-26,8,LinkedIn
JOB-104230,Senior Data Engineer,Data Engineer,PhonePe,Fintech,Mumbai,Maharashtra,Tier 1,Hybrid,5,9,Senior (6-9 yrs),9.9,18.6,14.25,2026-02-15,10,Naukri.com
JOB-104231,Associate Analyst - Data,Data Analyst,Accenture,Consulting / IT,Pune,Maharashtra,Tier 1,Hybrid,6,10,Lead / Principal (10+ yrs),10.8,18.7,14.75,2026-02-26,13,Naukri.com
JOB-104232,Database Developer (SQL),SQL Developer,Infosys,IT Services,Chennai,Tamil Nadu,Tier 1,On-Site,3,6,Senior (6-9 yrs),4.8,9.1,6.95,2025-10-25,8,Indeed
JOB-104233,Power BI Developer,BI Analyst,Barclays,Banking,Bengaluru,Karnataka,Tier 1,On-Site,5,8,Senior (6-9 yrs),7.3,13.8,10.55,2025-10-23,11,Company Careers Portal
JOB-104234,Power BI Developer,BI Analyst,HCL Technologies,IT Services,Hyderabad,Telangana,Tier 1,Hybrid,2,5,Mid-Level (3-5 yrs),,,,2025-11-03,13,Indeed
JOB-104235,Tableau Developer,BI Analyst,Wipro,IT Services,Bengaluru,Karnataka,Tier 1,Hybrid,2,5,Mid-Level (3-5 yrs),3.0,5.6,4.3,2025-09-07,11,Naukri.com
JOB-104236,Senior Data Analyst,Data Analyst,Swiggy,Tech / Consumer,Hyderabad,Telangana,Tier 1,On-Site,2,4,Mid-Level (3-5 yrs),4.1,7.8,5.95,2025-09-12,9,Indeed
JOB-104237,Big Data Engineer,Data Engineer,Swiggy,Tech / Consumer,Pune,Maharashtra,Tier 1,Hybrid,4,7,Senior (6-9 yrs),,,,2026-01-24,7,Naukri.com
JOB-104238,Senior Python Developer,Python Developer,HSBC,Banking,Mumbai,Maharashtra,Tier 1,Hybrid,1,4,Mid-Level (3-5 yrs),4.5,8.5,6.5,2026-02-23,8,LinkedIn
JOB-104239,BI Developer,BI Analyst,Amazon,Product / Tech,Mumbai,Maharashtra,Tier 1,Remote,0,2,Entry / Junior (0-2 yrs),,,,2026-01-26,10,Indeed
JOB-104240,Senior Python Developer,Python Developer,Flipkart,E-Commerce,Hyderabad,Telangana,Tier 1,Hybrid,0,2,Entry / Junior (0-2 yrs),3.2,6.6,4.9,2026-01-23,7,LinkedIn
JOB-104241,Junior Python Engineer,Python Developer,JPMorgan Chase,Banking / Finance,Bengaluru,Karnataka,Tier 1,Hybrid,1,3,Mid-Level (3-5 yrs),5.1,9.6,7.35,2026-02-13,8,LinkedIn
JOB-104242,Senior Data Analyst,Data Analyst,Flipkart,E-Commerce,Bengaluru,Karnataka,Tier 1,Remote,4,6,Senior (6-9 yrs),7.5,14.1,10.8,2025-09-09,13,Indeed
JOB-104243,Cloud Data Engineer,Data Engineer,Google,Product / Tech,Chennai,Tamil Nadu,Tier 1,On-Site,1,3,Mid-Level (3-5 yrs),6.6,12.6,9.6,2025-11-19,12,Naukri.com
JOB-104244,SQL Developer,SQL Developer,Razorpay,Fintech,Gurgaon,Haryana,Tier 1,Hybrid,6,9,Senior (6-9 yrs),12.5,21.7,17.1,2025-10-26,9,Naukri.com
JOB-104245,SQL Developer,SQL Developer,Fractal Analytics,Pureplay Analytics,Hyderabad,Telangana,Tier 1,Hybrid,4,6,Senior (6-9 yrs),6.8,12.9,9.85,2025-12-03,12,Naukri.com
JOB-104246,Reporting Analyst,BI Analyst,Barclays,Banking,Bengaluru,Karnataka,Tier 1,On-Site,0,2,Entry / Junior (0-2 yrs),2.8,5.6,4.2,2025-10-30,7,LinkedIn
JOB-104247,Associate Analyst - Data,Data Analyst,Google,Product / Tech,Bengaluru,Karnataka,Tier 1,On-Site,5,7,Senior (6-9 yrs),,,,2025-11-02,7,LinkedIn
JOB-104248,Analytics Engineer,Data Engineer,Uber,Tech,Hyderabad,Telangana,Tier 1,Hybrid,2,4,Mid-Level (3-5 yrs),6.1,11.5,8.8,2025-11-21,10,LinkedIn
JOB-104249,Junior Python Engineer,Python Developer,ICICI Bank,Banking,Pune,Maharashtra,Tier 1,On-Site,5,9,Senior (6-9 yrs),6.4,12.0,9.2,2025-09-01,8,Naukri.com
JOB-104250,Data Analyst,Data Analyst,Amazon,Product / Tech,Bengaluru,Karnataka,Tier 1,Hybrid,4,8,Senior (6-9 yrs),8.1,15.2,11.65,2026-02-14,7,LinkedIn
JOB-104251,Operations Analyst,Data Analyst,HCL Technologies,IT Services,Gurgaon,Haryana,Tier 1,On-Site,9,14,Lead / Principal (10+ yrs),,,,2026-01-30,11,LinkedIn
JOB-104252,ETL Developer,Data Engineer,LTIMindtree,IT Services,Hyderabad,Telangana,Tier 1,Hybrid,2,5,Mid-Level (3-5 yrs),4.2,8.0,6.1,2026-01-20,11,LinkedIn
JOB-104253,Reporting Analyst,BI Analyst,Cognizant,IT Services,Noida,Uttar Pradesh,Tier 1,Remote,7,11,Lead / Principal (10+ yrs),9.7,16.8,13.25,2025-12-03,12,Naukri.com
JOB-104254,Big Data Engineer,Data Engineer,Amazon,Product / Tech,Hyderabad,Telangana,Tier 1,On-Site,3,5,Mid-Level (3-5 yrs),10.9,20.5,15.7,2025-10-12,11,LinkedIn
JOB-104255,BI Developer,BI Analyst,EY,Consulting,Hyderabad,Telangana,Tier 1,Hybrid,6,10,Lead / Principal (10+ yrs),12.2,21.1,16.65,2026-01-20,9,Indeed
JOB-104256,Senior Data Engineer,Data Engineer,JPMorgan Chase,Banking / Finance,Hyderabad,Telangana,Tier 1,Hybrid,6,9,Senior (6-9 yrs),,,,2026-02-13,13,LinkedIn
JOB-104257,Marketing Data Analyst,Data Analyst,Google,Product / Tech,Gurgaon,Haryana,Tier 1,Hybrid,7,10,Lead / Principal (10+ yrs),14.7,25.5,20.1,2026-02-17,9,Naukri.com
JOB-104258,Database Administrator & SQL Dev,SQL Developer,Amazon,Product / Tech,Bengaluru,Karnataka,Tier 1,On-Site,7,11,Lead / Principal (10+ yrs),14.0,24.2,19.1,2026-02-17,11,LinkedIn
JOB-104259,Senior Data Engineer,Data Engineer,ICICI Bank,Banking,Hyderabad,Telangana,Tier 1,Remote,4,6,Senior (6-9 yrs),,,,2025-10-20,11,Naukri.com
JOB-104260,Cloud Data Engineer,Data Engineer,Razorpay,Fintech,Bengaluru,Karnataka,Tier 1,Hybrid,0,1,Entry / Junior (0-2 yrs),3.7,7.5,5.6,2025-09-13,13,Indeed
JOB-104261,Senior Python Developer,Python Developer,Morgan Stanley,Banking / Finance,Mumbai,Maharashtra,Tier 1,On-Site,7,11,Lead / Principal (10+ yrs),,,,2026-01-02,10,Naukri.com
JOB-104262,Healthcare Data Analyst,Data Analyst,McKinsey & Company,Strategy Consulting,Hyderabad,Telangana,Tier 1,On-Site,4,6,Senior (6-9 yrs),8.1,15.2,11.65,2025-09-12,10,Company Careers Portal
JOB-104263,Healthcare Data Analyst,Data Analyst,Paytm,Fintech,Bengaluru,Karnataka,Tier 1,Hybrid,1,3,Mid-Level (3-5 yrs),3.8,7.1,5.45,2025-09-02,10,Indeed
JOB-104264,ETL Developer,Data Engineer,ICICI Bank,Banking,Remote,All India,Remote,Remote,0,1,Entry / Junior (0-2 yrs),,,,2026-01-17,11,Company Careers Portal
JOB-104265,Big Data Engineer,Data Engineer,KPMG,Consulting,Bengaluru,Karnataka,Tier 1,On-Site,4,8,Senior (6-9 yrs),,,,2025-12-06,8,Company Careers Portal
JOB-104266,Data Analyst,Data Analyst,Wipro,IT Services,Hyderabad,Telangana,Tier 1,Remote,5,8,Senior (6-9 yrs),4.7,8.8,6.75,2025-12-22,8,Naukri.com
JOB-104267,Junior Data Analyst,Data Analyst,LTIMindtree,IT Services,Mumbai,Maharashtra,Tier 1,Hybrid,5,7,Senior (6-9 yrs),5.3,9.9,7.6,2025-09-28,7,LinkedIn
JOB-104268,Senior BI Consultant,BI Analyst,Uber,Tech,Remote,All India,Remote,Remote,5,9,Senior (6-9 yrs),,,,2025-10-26,9,Indeed
JOB-104269,Junior Data Analyst,Data Analyst,PhonePe,Fintech,Hyderabad,Telangana,Tier 1,Hybrid,7,10,Lead / Principal (10+ yrs),12.9,22.4,17.65,2025-09-25,8,Indeed
JOB-104270,Data Engineer,Data Engineer,Standard Chartered,Banking,Hyderabad,Telangana,Tier 1,Hybrid,2,5,Mid-Level (3-5 yrs),5.1,9.6,7.35,2025-10-14,12,LinkedIn
JOB-104271,BI Developer,BI Analyst,PhonePe,Fintech,Hyderabad,Telangana,Tier 1,Hybrid,4,8,Senior (6-9 yrs),7.9,14.9,11.4,2026-02-26,9,LinkedIn
JOB-104272,Senior BI Consultant,BI Analyst,LTIMindtree,IT Services,Gurgaon,Haryana,Tier 1,On-Site,6,9,Senior (6-9 yrs),10.0,17.4,13.7,2025-10-10,13,Naukri.com
JOB-104273,Analytics Engineer,Data Engineer,Infosys,IT Services,Bengaluru,Karnataka,Tier 1,On-Site,1,4,Mid-Level (3-5 yrs),3.9,7.4,5.65,2025-11-27,9,Company Careers Portal
JOB-104274,Data Analyst,Data Analyst,Morgan Stanley,Banking / Finance,Mumbai,Maharashtra,Tier 1,On-Site,0,2,Entry / Junior (0-2 yrs),,,,2025-11-25,10,Naukri.com
JOB-104275,Cloud Data Engineer,Data Engineer,HDFC Bank,Banking,Hyderabad,Telangana,Tier 1,On-Site,4,7,Senior (6-9 yrs),7.8,14.7,11.25,2025-11-25,8,Naukri.com
JOB-104276,Junior Data Analyst,Data Analyst,EY,Consulting,Bengaluru,Karnataka,Tier 1,Hybrid,1,3,Mid-Level (3-5 yrs),3.8,7.1,5.45,2025-12-19,8,Indeed
JOB-104277,Operations Analyst,Data Analyst,ICICI Bank,Banking,Bengaluru,Karnataka,Tier 1,Hybrid,0,1,Entry / Junior (0-2 yrs),,,,2025-10-09,8,Indeed
JOB-104278,Senior T-SQL Developer,SQL Developer,Deloitte,Consulting,Mumbai,Maharashtra,Tier 1,Hybrid,4,7,Senior (6-9 yrs),6.5,12.2,9.35,2025-12-30,12,LinkedIn
JOB-104279,Database Developer (SQL),SQL Developer,Infosys,IT Services,Bengaluru,Karnataka,Tier 1,Remote,0,2,Entry / Junior (0-2 yrs),1.8,3.7,2.75,2025-12-07,8,Naukri.com
JOB-104280,Analytics Engineer,Data Engineer,Meesho,E-Commerce,Hyderabad,Telangana,Tier 1,Hybrid,2,4,Mid-Level (3-5 yrs),5.4,10.3,7.85,2025-12-16,9,Indeed
JOB-104281,BI Developer,BI Analyst,HSBC,Banking,Bengaluru,Karnataka,Tier 1,On-Site,5,8,Senior (6-9 yrs),7.2,13.5,10.35,2025-11-25,7,Indeed
JOB-104282,Associate Analyst - Data,Data Analyst,Tata Consultancy Services,IT Services,Pune,Maharashtra,Tier 1,Remote,0,1,Entry / Junior (0-2 yrs),1.8,3.6,2.7,2026-01-14,9,Indeed
JOB-104283,Big Data Engineer,Data Engineer,Flipkart,E-Commerce,Pune,Maharashtra,Tier 1,On-Site,7,10,Lead / Principal (10+ yrs),17.8,30.9,24.35,2026-01-14,11,Naukri.com
JOB-104284,Database Developer (SQL),SQL Developer,Fractal Analytics,Pureplay Analytics,Pune,Maharashtra,Tier 1,On-Site,6,10,Lead / Principal (10+ yrs),12.1,20.9,16.5,2025-09-08,10,LinkedIn
JOB-104285,Financial Data Analyst,Data Analyst,KPMG,Consulting,Noida,Uttar Pradesh,Tier 1,Hybrid,9,14,Lead / Principal (10+ yrs),18.0,31.5,24.75,2025-10-27,9,Naukri.com
JOB-104286,Reporting Analyst,BI Analyst,McKinsey & Company,Strategy Consulting,Hyderabad,Telangana,Tier 1,Hybrid,3,7,Senior (6-9 yrs),8.7,16.4,12.55,2026-01-29,9,LinkedIn
JOB-104287,Analytics Engineer,Data Engineer,KPMG,Consulting,Hyderabad,Telangana,Tier 1,Hybrid,10,15,Lead / Principal (10+ yrs),,,,2025-12-26,9,Indeed
JOB-104288,Senior Data Engineer,Data Engineer,Uber,Tech,Hyderabad,Telangana,Tier 1,Hybrid,5,9,Senior (6-9 yrs),,,,2025-11-15,12,Naukri.com
JOB-104289,Database Administrator & SQL Dev,SQL Developer,Flipkart,E-Commerce,Bengaluru,Karnataka,Tier 1,Hybrid,3,5,Mid-Level (3-5 yrs),7.3,13.8,10.55,2025-09-08,10,Indeed
JOB-104290,Lead Data Analyst,Data Analyst,Mu Sigma,Pureplay Analytics,Hyderabad,Telangana,Tier 1,Hybrid,8,13,Lead / Principal (10+ yrs),,,,2025-10-10,12,LinkedIn
JOB-104291,Python Backend & Analytics Engineer,Python Developer,Razorpay,Fintech,Noida,Uttar Pradesh,Tier 1,Remote,1,4,Mid-Level (3-5 yrs),4.9,9.3,7.1,2025-11-24,11,Indeed
JOB-104292,Lead Data Analyst,Data Analyst,Cognizant,IT Services,Gurgaon,Haryana,Tier 1,On-Site,3,7,Senior (6-9 yrs),5.1,9.6,7.35,2026-02-01,10,LinkedIn
JOB-104293,Analytics Engineer,Data Engineer,KPMG,Consulting,Mumbai,Maharashtra,Tier 1,Hybrid,7,11,Lead / Principal (10+ yrs),,,,2025-12-20,7,Naukri.com
JOB-104294,Marketing Data Analyst,Data Analyst,KPMG,Consulting,Bengaluru,Karnataka,Tier 1,Hybrid,6,10,Lead / Principal (10+ yrs),11.2,19.5,15.35,2025-12-26,11,Naukri.com
JOB-104295,BI Developer,BI Analyst,Microsoft,Product / Tech,Hyderabad,Telangana,Tier 1,Remote,3,6,Senior (6-9 yrs),8.8,16.6,12.7,2025-12-03,11,Naukri.com
JOB-104296,Operations Analyst,Data Analyst,Microsoft,Product / Tech,Noida,Uttar Pradesh,Tier 1,Hybrid,0,2,Entry / Junior (0-2 yrs),,,,2025-11-13,10,LinkedIn
JOB-104297,Operations Analyst,Data Analyst,Fractal Analytics,Pureplay Analytics,Hyderabad,Telangana,Tier 1,Hybrid,0,1,Entry / Junior (0-2 yrs),,,,2026-02-09,11,LinkedIn
JOB-104298,Cloud Data Engineer,Data Engineer,Accenture,Consulting / IT,Bengaluru,Karnataka,Tier 1,On-Site,10,14,Lead / Principal (10+ yrs),23.3,40.8,32.05,2026-01-17,7,Indeed
JOB-104299,Python Data Programmer,Python Developer,Barclays,Banking,Bengaluru,Karnataka,Tier 1,On-Site,5,7,Senior (6-9 yrs),7.8,14.7,11.25,2025-12-23,11,Naukri.com
JOB-104300,PL/SQL Developer,SQL Developer,KPMG,Consulting,Pune,Maharashtra,Tier 1,Hybrid,1,4,Mid-Level (3-5 yrs),3.7,7.0,5.35,2025-09-23,12,Indeed
JOB-104301,SQL Developer,SQL Developer,HCL Technologies,IT Services,Bengaluru,Karnataka,Tier 1,On-Site,3,7,Senior (6-9 yrs),,,,2026-01-15,9,Naukri.com
JOB-104302,Financial Data Analyst,Data Analyst,LTIMindtree,IT Services,Pune,Maharashtra,Tier 1,On-Site,0,2,Entry / Junior (0-2 yrs),2.0,4.0,3.0,2026-02-05,8,Naukri.com
JOB-104303,Business Intelligence Analyst,BI Analyst,Goldman Sachs,Banking / Finance,Bengaluru,Karnataka,Tier 1,Remote,5,8,Senior (6-9 yrs),14.9,25.8,20.35,2025-11-18,10,LinkedIn
JOB-104304,Lead Data Analyst,Data Analyst,LTIMindtree,IT Services,Bengaluru,Karnataka,Tier 1,On-Site,5,8,Senior (6-9 yrs),5.3,9.9,7.6,2025-11-04,11,Company Careers Portal
JOB-104305,Senior Python Developer,Python Developer,Morgan Stanley,Banking / Finance,Hyderabad,Telangana,Tier 1,Hybrid,6,9,Senior (6-9 yrs),15.5,26.9,21.2,2025-10-09,10,Naukri.com
JOB-104306,Associate Analyst - Data,Data Analyst,Uber,Tech,Gurgaon,Haryana,Tier 1,On-Site,7,10,Lead / Principal (10+ yrs),,,,2025-09-13,8,Naukri.com
JOB-104307,Associate Analyst - Data,Data Analyst,CRED,Fintech,Chennai,Tamil Nadu,Tier 1,Remote,1,4,Mid-Level (3-5 yrs),4.4,8.4,6.4,2026-02-25,10,Naukri.com
JOB-104308,Tableau Developer,BI Analyst,Tiger Analytics,Pureplay Analytics,Mumbai,Maharashtra,Tier 1,On-Site,5,7,Senior (6-9 yrs),7.3,13.8,10.55,2025-09-30,9,Naukri.com
JOB-104309,Python Data Programmer,Python Developer,Meesho,E-Commerce,Hyderabad,Telangana,Tier 1,Hybrid,4,7,Senior (6-9 yrs),7.8,14.7,11.25,2025-09-14,8,Company Careers Portal
JOB-104310,Lead Data Analyst,Data Analyst,CRED,Fintech,Mumbai,Maharashtra,Tier 1,On-Site,1,4,Mid-Level (3-5 yrs),4.4,8.4,6.4,2025-09-15,12,LinkedIn
JOB-104311,Operations Analyst,Data Analyst,PhonePe,Fintech,Gurgaon,Haryana,Tier 1,On-Site,0,2,Entry / Junior (0-2 yrs),2.8,5.6,4.2,2025-11-06,10,LinkedIn
JOB-104312,Cloud Data Engineer,Data Engineer,Google,Product / Tech,Pune,Maharashtra,Tier 1,On-Site,1,3,Mid-Level (3-5 yrs),6.6,12.6,9.6,2025-12-29,9,LinkedIn
JOB-104313,BI & Analytics Specialist,BI Analyst,CRED,Fintech,Mumbai,Maharashtra,Tier 1,Hybrid,2,5,Mid-Level (3-5 yrs),4.8,9.0,6.9,2025-12-08,13,LinkedIn
JOB-104314,Database Developer (SQL),SQL Developer,KPMG,Consulting,Pune,Maharashtra,Tier 1,On-Site,4,6,Senior (6-9 yrs),6.2,11.8,9.0,2025-09-01,13,Indeed
JOB-104315,Power BI Developer,BI Analyst,Amazon,Product / Tech,Hyderabad,Telangana,Tier 1,Hybrid,5,8,Senior (6-9 yrs),15.4,26.7,21.05,2026-01-29,10,Indeed
JOB-104316,SQL Developer,SQL Developer,Paytm,Fintech,Bengaluru,Karnataka,Tier 1,Hybrid,4,6,Senior (6-9 yrs),6.2,11.8,9.0,2025-09-04,12,LinkedIn
JOB-104317,Analytics Engineer,Data Engineer,KPMG,Consulting,Bengaluru,Karnataka,Tier 1,Hybrid,3,7,Senior (6-9 yrs),8.6,16.2,12.4,2026-01-27,9,Indeed
JOB-104318,Senior BI Consultant,BI Analyst,Paytm,Fintech,Mumbai,Maharashtra,Tier 1,On-Site,0,1,Entry / Junior (0-2 yrs),2.6,5.3,3.95,2025-10-17,12,Naukri.com
JOB-104319,Data Analyst,Data Analyst,PhonePe,Fintech,Bengaluru,Karnataka,Tier 1,Hybrid,9,14,Lead / Principal (10+ yrs),20.6,36.1,28.35,2025-10-09,6,Naukri.com
JOB-104320,Junior Data Engineer,Data Engineer,Tiger Analytics,Pureplay Analytics,Bengaluru,Karnataka,Tier 1,On-Site,4,6,Senior (6-9 yrs),9.2,17.3,13.25,2025-10-18,13,LinkedIn
JOB-104321,Python Backend & Analytics Engineer,Python Developer,Infosys,IT Services,Bengaluru,Karnataka,Tier 1,On-Site,2,5,Mid-Level (3-5 yrs),3.3,6.3,4.8,2025-12-08,8,LinkedIn
JOB-104322,Analytics Engineer,Data Engineer,HSBC,Banking,Bengaluru,Karnataka,Tier 1,Hybrid,1,3,Mid-Level (3-5 yrs),5.3,10.0,7.65,2025-10-16,10,Naukri.com
JOB-104323,Junior Data Analyst,Data Analyst,Fractal Analytics,Pureplay Analytics,Pune,Maharashtra,Tier 1,Hybrid,2,5,Mid-Level (3-5 yrs),4.1,7.8,5.95,2025-10-06,10,LinkedIn
JOB-104324,Big Data Engineer,Data Engineer,Amazon,Product / Tech,Bengaluru,Karnataka,Tier 1,Hybrid,0,2,Entry / Junior (0-2 yrs),4.1,8.3,6.2,2026-02-14,13,Naukri.com
JOB-104325,Associate Analyst - Data,Data Analyst,Accenture,Consulting / IT,Bengaluru,Karnataka,Tier 1,Hybrid,2,4,Mid-Level (3-5 yrs),3.6,6.8,5.2,2025-10-16,9,LinkedIn
JOB-104326,Junior Python Engineer,Python Developer,ICICI Bank,Banking,Bengaluru,Karnataka,Tier 1,Hybrid,1,3,Mid-Level (3-5 yrs),3.7,7.1,5.4,2025-10-26,7,LinkedIn
JOB-104327,Senior BI Consultant,BI Analyst,Razorpay,Fintech,Hyderabad,Telangana,Tier 1,Remote,6,10,Lead / Principal (10+ yrs),13.8,23.9,18.85,2025-12-25,13,LinkedIn
JOB-104328,Big Data Engineer,Data Engineer,Infosys,IT Services,Remote,All India,Remote,Remote,4,6,Senior (6-9 yrs),6.7,12.5,9.6,2026-02-07,10,Naukri.com
JOB-104329,Junior Data Engineer,Data Engineer,Accenture,Consulting / IT,Bengaluru,Karnataka,Tier 1,Hybrid,0,1,Entry / Junior (0-2 yrs),,,,2026-01-04,13,Indeed
JOB-104330,Power BI Developer,BI Analyst,Meesho,E-Commerce,Gurgaon,Haryana,Tier 1,On-Site,1,4,Mid-Level (3-5 yrs),4.3,8.2,6.25,2025-09-01,12,Naukri.com
JOB-104331,Lead Data Analyst,Data Analyst,Mu Sigma,Pureplay Analytics,Gurgaon,Haryana,Tier 1,Hybrid,3,6,Senior (6-9 yrs),5.5,10.4,7.95,2025-09-24,12,Naukri.com
JOB-104332,Python Data Programmer,Python Developer,Capgemini,IT Services,Mumbai,Maharashtra,Tier 1,Hybrid,4,8,Senior (6-9 yrs),,,,2025-10-03,11,LinkedIn
JOB-104333,Python Data Programmer,Python Developer,Goldman Sachs,Banking / Finance,Hyderabad,Telangana,Tier 1,On-Site,0,2,Entry / Junior (0-2 yrs),,,,2025-09-29,7,LinkedIn
JOB-104334,Senior Data Engineer,Data Engineer,Fractal Analytics,Pureplay Analytics,Bengaluru,Karnataka,Tier 1,Remote,3,5,Mid-Level (3-5 yrs),9.4,17.7,13.55,2026-02-12,10,Indeed
JOB-104335,SQL Developer,SQL Developer,Uber,Tech,Pune,Maharashtra,Tier 1,On-Site,1,3,Mid-Level (3-5 yrs),4.4,8.4,6.4,2025-12-10,10,Indeed
JOB-104336,Python Developer,Python Developer,CRED,Fintech,Bengaluru,Karnataka,Tier 1,Hybrid,0,2,Entry / Junior (0-2 yrs),3.2,6.6,4.9,2025-10-10,12,Naukri.com
JOB-104337,Operations Analyst,Data Analyst,Goldman Sachs,Banking / Finance,Mumbai,Maharashtra,Tier 1,On-Site,5,8,Senior (6-9 yrs),,,,2025-12-09,9,Naukri.com
JOB-104338,Business Intelligence Analyst,BI Analyst,Razorpay,Fintech,Bengaluru,Karnataka,Tier 1,On-Site,4,8,Senior (6-9 yrs),7.8,14.7,11.25,2025-11-11,11,Naukri.com
JOB-104339,BI Developer,BI Analyst,EY,Consulting,Gurgaon,Haryana,Tier 1,On-Site,7,11,Lead / Principal (10+ yrs),12.2,21.1,16.65,2025-09-18,9,Naukri.com
JOB-104340,Database Developer (SQL),SQL Developer,CRED,Fintech,Bengaluru,Karnataka,Tier 1,Remote,3,5,Mid-Level (3-5 yrs),7.3,13.8,10.55,2025-10-17,8,Naukri.com
JOB-104341,Database Administrator & SQL Dev,SQL Developer,Accenture,Consulting / IT,Hyderabad,Telangana,Tier 1,On-Site,0,2,Entry / Junior (0-2 yrs),2.3,4.6,3.45,2025-11-17,11,LinkedIn
JOB-104342,Senior T-SQL Developer,SQL Developer,Microsoft,Product / Tech,Chennai,Tamil Nadu,Tier 1,Hybrid,1,4,Mid-Level (3-5 yrs),4.7,8.9,6.8,2025-10-01,12,LinkedIn
JOB-104343,Big Data Engineer,Data Engineer,Tiger Analytics,Pureplay Analytics,Hyderabad,Telangana,Tier 1,On-Site,3,6,Senior (6-9 yrs),9.2,17.3,13.25,2025-09-16,7,LinkedIn
JOB-104344,BI Developer,BI Analyst,PhonePe,Fintech,Bengaluru,Karnataka,Tier 1,On-Site,5,9,Senior (6-9 yrs),7.9,14.9,11.4,2025-11-27,13,LinkedIn
JOB-104345,Power BI Developer,BI Analyst,Infosys,IT Services,Bengaluru,Karnataka,Tier 1,Hybrid,1,3,Mid-Level (3-5 yrs),,,,2025-09-07,9,LinkedIn
JOB-104346,Reporting Analyst,BI Analyst,Mu Sigma,Pureplay Analytics,Hyderabad,Telangana,Tier 1,Hybrid,3,7,Senior (6-9 yrs),6.0,11.2,8.6,2025-09-08,10,Naukri.com
JOB-104347,Data Analyst,Data Analyst,Tata Consultancy Services,IT Services,Bengaluru,Karnataka,Tier 1,Hybrid,5,9,Senior (6-9 yrs),8.2,14.3,11.25,2026-01-26,10,Naukri.com
JOB-104348,Associate Analyst - Data,Data Analyst,Wipro,IT Services,Bengaluru,Karnataka,Tier 1,Hybrid,3,7,Senior (6-9 yrs),4.7,8.8,6.75,2025-10-24,11,LinkedIn
JOB-104349,Power BI Developer,BI Analyst,Standard Chartered,Banking,Bengaluru,Karnataka,Tier 1,Remote,4,8,Senior (6-9 yrs),6.9,13.0,9.95,2025-11-07,10,LinkedIn
JOB-104350,Database Developer (SQL),SQL Developer,Flipkart,E-Commerce,Pune,Maharashtra,Tier 1,Hybrid,2,5,Mid-Level (3-5 yrs),4.3,8.2,6.25,2026-01-22,8,LinkedIn
JOB-104351,Cloud Data Engineer,Data Engineer,Infosys,IT Services,Hyderabad,Telangana,Tier 1,Hybrid,4,8,Senior (6-9 yrs),,,,2025-09-05,8,LinkedIn
JOB-104352,Data Engineer,Data Engineer,Fractal Analytics,Pureplay Analytics,Mumbai,Maharashtra,Tier 1,Hybrid,4,7,Senior (6-9 yrs),9.4,17.7,13.55,2025-12-04,10,LinkedIn
JOB-104353,Tableau Developer,BI Analyst,McKinsey & Company,Strategy Consulting,Hyderabad,Telangana,Tier 1,On-Site,2,4,Mid-Level (3-5 yrs),5.1,9.7,7.4,2026-01-23,10,Naukri.com
JOB-104354,Senior BI Consultant,BI Analyst,Amazon,Product / Tech,Bengaluru,Karnataka,Tier 1,On-Site,1,3,Mid-Level (3-5 yrs),,,,2026-02-03,11,Naukri.com
JOB-104355,Marketing Data Analyst,Data Analyst,Deloitte,Consulting,Hyderabad,Telangana,Tier 1,On-Site,6,9,Senior (6-9 yrs),11.7,20.3,16.0,2025-09-28,11,Indeed
JOB-104356,Junior Data Engineer,Data Engineer,Cognizant,IT Services,Chennai,Tamil Nadu,Tier 1,Hybrid,4,8,Senior (6-9 yrs),6.9,13.0,9.95,2026-01-13,12,LinkedIn
JOB-104357,Data Analyst,Data Analyst,HDFC Bank,Banking,Mumbai,Maharashtra,Tier 1,On-Site,3,5,Mid-Level (3-5 yrs),5.8,10.9,8.35,2025-10-18,12,LinkedIn
JOB-104358,Senior Data Analyst,Data Analyst,KPMG,Consulting,Pune,Maharashtra,Tier 1,Hybrid,8,12,Lead / Principal (10+ yrs),18.0,31.5,24.75,2026-02-22,8,LinkedIn
JOB-104359,Power BI Developer,BI Analyst,Accenture,Consulting / IT,Pune,Maharashtra,Tier 1,On-Site,2,5,Mid-Level (3-5 yrs),,,,2025-12-07,8,Company Careers Portal
JOB-104360,Reporting Analyst,BI Analyst,Paytm,Fintech,Bengaluru,Karnataka,Tier 1,Hybrid,4,8,Senior (6-9 yrs),6.9,13.0,9.95,2025-11-08,9,LinkedIn
JOB-104361,Junior Data Engineer,Data Engineer,Razorpay,Fintech,Hyderabad,Telangana,Tier 1,On-Site,1,3,Mid-Level (3-5 yrs),,,,2025-10-09,11,Indeed
JOB-104362,Senior T-SQL Developer,SQL Developer,Meesho,E-Commerce,Mumbai,Maharashtra,Tier 1,Hybrid,4,8,Senior (6-9 yrs),6.7,12.5,9.6,2026-02-28,10,Indeed
JOB-104363,Lead Data Analyst,Data Analyst,McKinsey & Company,Strategy Consulting,Remote,All India,Remote,Remote,2,5,Mid-Level (3-5 yrs),4.8,9.0,6.9,2025-09-12,9,LinkedIn
JOB-104364,Data Engineer,Data Engineer,LTIMindtree,IT Services,Gurgaon,Haryana,Tier 1,Remote,5,9,Senior (6-9 yrs),7.1,13.4,10.25,2026-01-28,12,Naukri.com
JOB-104365,Senior Python Developer,Python Developer,Mu Sigma,Pureplay Analytics,Pune,Maharashtra,Tier 1,Remote,2,4,Mid-Level (3-5 yrs),3.7,7.1,5.4,2025-12-20,10,Naukri.com
JOB-104366,Python Developer,Python Developer,PwC,Consulting,Remote,All India,Remote,Remote,4,7,Senior (6-9 yrs),,,,2025-09-13,11,Naukri.com
JOB-104367,BI Developer,BI Analyst,Google,Product / Tech,Hyderabad,Telangana,Tier 1,Hybrid,1,4,Mid-Level (3-5 yrs),5.3,10.1,7.7,2026-02-08,13,Naukri.com
JOB-104368,BI & Analytics Specialist,BI Analyst,Swiggy,Tech / Consumer,Bengaluru,Karnataka,Tier 1,Hybrid,2,5,Mid-Level (3-5 yrs),4.4,8.4,6.4,2025-10-08,10,Naukri.com
JOB-104369,Reporting Analyst,BI Analyst,KPMG,Consulting,Bengaluru,Karnataka,Tier 1,On-Site,1,3,Mid-Level (3-5 yrs),,,,2025-10-20,12,LinkedIn
JOB-104370,Operations Analyst,Data Analyst,Meesho,E-Commerce,Pune,Maharashtra,Tier 1,Hybrid,0,2,Entry / Junior (0-2 yrs),2.6,5.2,3.9,2026-02-20,10,LinkedIn
JOB-104371,Senior T-SQL Developer,SQL Developer,Infosys,IT Services,Bengaluru,Karnataka,Tier 1,Hybrid,8,13,Lead / Principal (10+ yrs),,,,2025-09-05,9,LinkedIn
JOB-104372,Power BI Developer,BI Analyst,LTIMindtree,IT Services,Mumbai,Maharashtra,Tier 1,On-Site,5,8,Senior (6-9 yrs),5.7,10.7,8.2,2025-11-02,10,LinkedIn
JOB-104373,Python Developer,Python Developer,LTIMindtree,IT Services,Hyderabad,Telangana,Tier 1,Hybrid,0,1,Entry / Junior (0-2 yrs),2.3,4.6,3.45,2025-12-04,12,LinkedIn
JOB-104374,Tableau Developer,BI Analyst,Barclays,Banking,Bengaluru,Karnataka,Tier 1,On-Site,3,5,Mid-Level (3-5 yrs),7.3,13.8,10.55,2025-10-25,10,Naukri.com
JOB-104375,Senior BI Consultant,BI Analyst,Infosys,IT Services,Bengaluru,Karnataka,Tier 1,Hybrid,2,5,Mid-Level (3-5 yrs),3.1,6.0,4.55,2026-02-25,8,Indeed
JOB-104376,Marketing Data Analyst,Data Analyst,Meesho,E-Commerce,Chennai,Tamil Nadu,Tier 1,On-Site,2,5,Mid-Level (3-5 yrs),4.0,7.6,5.8,2026-02-21,8,LinkedIn
JOB-104377,BI Developer,BI Analyst,Standard Chartered,Banking,Hyderabad,Telangana,Tier 1,On-Site,4,7,Senior (6-9 yrs),6.9,13.0,9.95,2025-10-25,9,Naukri.com
JOB-104378,Junior Python Engineer,Python Developer,HDFC Bank,Banking,Hyderabad,Telangana,Tier 1,Hybrid,5,9,Senior (6-9 yrs),11.7,20.3,16.0,2026-01-13,9,LinkedIn
JOB-104379,Financial Data Analyst,Data Analyst,Paytm,Fintech,Hyderabad,Telangana,Tier 1,Remote,3,5,Mid-Level (3-5 yrs),6.4,12.0,9.2,2025-11-01,12,LinkedIn
JOB-104380,Cloud Data Engineer,Data Engineer,Meesho,E-Commerce,Hyderabad,Telangana,Tier 1,Hybrid,4,6,Senior (6-9 yrs),9.2,17.3,13.25,2026-01-06,9,LinkedIn
JOB-104381,Python Backend & Analytics Engineer,Python Developer,JPMorgan Chase,Banking / Finance,Bengaluru,Karnataka,Tier 1,On-Site,2,4,Mid-Level (3-5 yrs),,,,2025-09-15,12,LinkedIn
JOB-104382,Data Engineer,Data Engineer,Swiggy,Tech / Consumer,Hyderabad,Telangana,Tier 1,Hybrid,1,4,Mid-Level (3-5 yrs),5.5,10.5,8.0,2025-09-20,9,LinkedIn
JOB-104383,Operations Analyst,Data Analyst,PwC,Consulting,Bengaluru,Karnataka,Tier 1,On-Site,0,2,Entry / Junior (0-2 yrs),2.4,4.9,3.65,2026-02-17,10,Indeed
JOB-104384,Associate Analyst - Data,Data Analyst,Standard Chartered,Banking,Bengaluru,Karnataka,Tier 1,On-Site,4,7,Senior (6-9 yrs),,,,2026-01-16,10,LinkedIn
JOB-104385,Data Analyst,Data Analyst,Razorpay,Fintech,Hyderabad,Telangana,Tier 1,On-Site,4,6,Senior (6-9 yrs),7.2,13.6,10.4,2025-09-07,12,Indeed
JOB-104386,Cloud Data Engineer,Data Engineer,Swiggy,Tech / Consumer,Bengaluru,Karnataka,Tier 1,Remote,0,1,Entry / Junior (0-2 yrs),,,,2026-01-02,9,Naukri.com
JOB-104387,Cloud Data Engineer,Data Engineer,Amazon,Product / Tech,Bengaluru,Karnataka,Tier 1,On-Site,1,3,Mid-Level (3-5 yrs),6.4,12.2,9.3,2025-12-06,6,Naukri.com
JOB-104388,Big Data Engineer,Data Engineer,Fractal Analytics,Pureplay Analytics,Hyderabad,Telangana,Tier 1,Hybrid,5,7,Senior (6-9 yrs),9.4,17.7,13.55,2025-11-15,11,Company Careers Portal
JOB-104389,Senior Data Analyst,Data Analyst,Amazon,Product / Tech,Hyderabad,Telangana,Tier 1,On-Site,2,5,Mid-Level (3-5 yrs),4.8,9.0,6.9,2025-11-04,7,Indeed
JOB-104390,ETL Developer,Data Engineer,Goldman Sachs,Banking / Finance,Bengaluru,Karnataka,Tier 1,On-Site,6,10,Lead / Principal (10+ yrs),18.6,32.3,25.45,2025-09-11,12,Naukri.com
JOB-104391,Python Backend & Analytics Engineer,Python Developer,Paytm,Fintech,Chennai,Tamil Nadu,Tier 1,Remote,1,4,Mid-Level (3-5 yrs),4.3,8.2,6.25,2026-02-22,11,Naukri.com
JOB-104392,Business Intelligence Analyst,BI Analyst,HSBC,Banking,Hyderabad,Telangana,Tier 1,Hybrid,7,10,Lead / Principal (10+ yrs),12.6,21.9,17.25,2026-02-19,13,Naukri.com
JOB-104393,ETL Developer,Data Engineer,Mu Sigma,Pureplay Analytics,Bengaluru,Karnataka,Tier 1,Hybrid,7,10,Lead / Principal (10+ yrs),13.2,22.8,18.0,2025-12-20,10,Naukri.com
JOB-104394,Junior Python Engineer,Python Developer,Zomato,Tech / Consumer,Bengaluru,Karnataka,Tier 1,On-Site,3,6,Senior (6-9 yrs),7.8,14.7,11.25,2026-02-10,12,LinkedIn
JOB-104395,Operations Analyst,Data Analyst,Infosys,IT Services,Bengaluru,Karnataka,Tier 1,Hybrid,3,6,Senior (6-9 yrs),4.9,9.3,7.1,2025-11-03,9,Naukri.com
JOB-104396,Python Developer,Python Developer,McKinsey & Company,Strategy Consulting,Hyderabad,Telangana,Tier 1,On-Site,5,8,Senior (6-9 yrs),16.4,28.4,22.4,2025-12-31,9,LinkedIn
JOB-104397,Data Analyst,Data Analyst,Uber,Tech,Hyderabad,Telangana,Tier 1,Hybrid,5,9,Senior (6-9 yrs),7.7,14.4,11.05,2026-02-24,9,LinkedIn
JOB-104398,Tableau Developer,BI Analyst,Barclays,Banking,Hyderabad,Telangana,Tier 1,Hybrid,5,9,Senior (6-9 yrs),7.3,13.8,10.55,2025-09-06,10,LinkedIn
JOB-104399,Python Data Programmer,Python Developer,EY,Consulting,Mumbai,Maharashtra,Tier 1,Hybrid,5,9,Senior (6-9 yrs),7.3,13.8,10.55,2025-10-22,8,Indeed
JOB-104400,Python Data Programmer,Python Developer,Paytm,Fintech,Gurgaon,Haryana,Tier 1,On-Site,2,5,Mid-Level (3-5 yrs),4.3,8.2,6.25,2025-12-25,13,Naukri.com
JOB-104401,PL/SQL Developer,SQL Developer,Meesho,E-Commerce,Bengaluru,Karnataka,Tier 1,On-Site,2,5,Mid-Level (3-5 yrs),,,,2025-12-28,9,Naukri.com
JOB-104402,Database Administrator & SQL Dev,SQL Developer,Tiger Analytics,Pureplay Analytics,Chennai,Tamil Nadu,Tier 1,Remote,2,5,Mid-Level (3-5 yrs),3.9,7.4,5.65,2025-11-14,9,LinkedIn
JOB-104403,Data Engineer,Data Engineer,Razorpay,Fintech,Bengaluru,Karnataka,Tier 1,Hybrid,6,9,Senior (6-9 yrs),17.2,29.8,23.5,2026-02-13,9,Naukri.com
JOB-104404,Business Intelligence Analyst,BI Analyst,Standard Chartered,Banking,Bengaluru,Karnataka,Tier 1,On-Site,0,1,Entry / Junior (0-2 yrs),2.6,5.3,3.95,2026-01-20,6,Naukri.com
JOB-104405,Database Administrator & SQL Dev,SQL Developer,Razorpay,Fintech,Bengaluru,Karnataka,Tier 1,On-Site,4,7,Senior (6-9 yrs),7.1,13.3,10.2,2025-10-23,11,LinkedIn
JOB-104406,Associate Analyst - Data,Data Analyst,PhonePe,Fintech,Gurgaon,Haryana,Tier 1,Remote,0,2,Entry / Junior (0-2 yrs),2.8,5.6,4.2,2025-11-11,9,Indeed
JOB-104407,BI Developer,BI Analyst,Flipkart,E-Commerce,Hyderabad,Telangana,Tier 1,On-Site,5,9,Senior (6-9 yrs),8.1,15.2,11.65,2025-09-05,12,LinkedIn
JOB-104408,Senior T-SQL Developer,SQL Developer,ICICI Bank,Banking,Bengaluru,Karnataka,Tier 1,On-Site,9,13,Lead / Principal (10+ yrs),15.3,26.8,21.05,2026-01-20,13,LinkedIn
JOB-104409,Python Data Programmer,Python Developer,Swiggy,Tech / Consumer,Pune,Maharashtra,Tier 1,On-Site,3,5,Mid-Level (3-5 yrs),8.0,15.1,11.55,2025-12-26,11,LinkedIn
JOB-104410,Data Analyst,Data Analyst,McKinsey & Company,Strategy Consulting,Bengaluru,Karnataka,Tier 1,On-Site,0,1,Entry / Junior (0-2 yrs),3.0,6.2,4.6,2025-12-07,11,LinkedIn
JOB-104411,Database Developer (SQL),SQL Developer,Flipkart,E-Commerce,Mumbai,Maharashtra,Tier 1,On-Site,2,5,Mid-Level (3-5 yrs),4.3,8.2,6.25,2026-02-20,11,Indeed
JOB-104412,Business Intelligence Analyst,BI Analyst,Zomato,Tech / Consumer,Bengaluru,Karnataka,Tier 1,Hybrid,5,8,Senior (6-9 yrs),13.0,22.5,17.75,2025-11-30,10,LinkedIn
JOB-104413,Database Administrator & SQL Dev,SQL Developer,Razorpay,Fintech,Hyderabad,Telangana,Tier 1,Hybrid,5,9,Senior (6-9 yrs),12.5,21.7,17.1,2026-01-09,9,LinkedIn
JOB-104414,Senior Data Analyst,Data Analyst,LTIMindtree,IT Services,Hyderabad,Telangana,Tier 1,On-Site,4,8,Senior (6-9 yrs),,,,2025-09-26,6,LinkedIn
JOB-104415,ETL Developer,Data Engineer,Tata Consultancy Services,IT Services,Hyderabad,Telangana,Tier 1,On-Site,1,4,Mid-Level (3-5 yrs),,,,2026-02-11,9,Naukri.com
JOB-104416,Data Analyst,Data Analyst,Accenture,Consulting / IT,Bengaluru,Karnataka,Tier 1,On-Site,7,11,Lead / Principal (10+ yrs),10.8,18.7,14.75,2025-12-30,7,Naukri.com
JOB-104417,BI & Analytics Specialist,BI Analyst,Cognizant,IT Services,Hyderabad,Telangana,Tier 1,On-Site,2,5,Mid-Level (3-5 yrs),3.2,6.2,4.7,2026-02-12,11,LinkedIn
JOB-104418,Senior Data Analyst,Data Analyst,EY,Consulting,Mumbai,Maharashtra,Tier 1,Hybrid,1,4,Mid-Level (3-5 yrs),3.8,7.1,5.45,2026-01-22,10,LinkedIn
JOB-104419,Reporting Analyst,BI Analyst,HDFC Bank,Banking,Pune,Maharashtra,Tier 1,Remote,1,3,Mid-Level (3-5 yrs),3.7,7.0,5.35,2025-11-23,12,LinkedIn
JOB-104420,Senior Data Engineer,Data Engineer,Amazon,Product / Tech,Chennai,Tamil Nadu,Tier 1,On-Site,2,5,Mid-Level (3-5 yrs),6.4,12.2,9.3,2025-10-31,10,LinkedIn
JOB-104421,ETL Developer,Data Engineer,Wipro,IT Services,Bengaluru,Karnataka,Tier 1,On-Site,6,10,Lead / Principal (10+ yrs),11.1,19.3,15.2,2026-01-17,10,Indeed
JOB-104422,Senior Python Developer,Python Developer,ICICI Bank,Banking,Hyderabad,Telangana,Tier 1,On-Site,1,4,Mid-Level (3-5 yrs),3.7,7.1,5.4,2026-01-13,11,Naukri.com
JOB-104423,Healthcare Data Analyst,Data Analyst,Google,Product / Tech,Hyderabad,Telangana,Tier 1,Hybrid,1,3,Mid-Level (3-5 yrs),,,,2025-11-19,11,LinkedIn
JOB-104424,ETL Developer,Data Engineer,McKinsey & Company,Strategy Consulting,Hyderabad,Telangana,Tier 1,Hybrid,5,8,Senior (6-9 yrs),10.9,20.5,15.7,2025-10-19,9,LinkedIn
JOB-104425,Cloud Data Engineer,Data Engineer,Mu Sigma,Pureplay Analytics,Hyderabad,Telangana,Tier 1,On-Site,1,3,Mid-Level (3-5 yrs),4.4,8.3,6.35,2025-10-08,10,Company Careers Portal
JOB-104426,Database Developer (SQL),SQL Developer,ICICI Bank,Banking,Bengaluru,Karnataka,Tier 1,On-Site,6,10,Lead / Principal (10+ yrs),9.6,16.6,13.1,2025-09-25,12,LinkedIn
JOB-104427,BI & Analytics Specialist,BI Analyst,Cognizant,IT Services,Bengaluru,Karnataka,Tier 1,Hybrid,3,5,Mid-Level (3-5 yrs),5.5,10.4,7.95,2026-02-01,9,Naukri.com
JOB-104428,Associate Analyst - Data,Data Analyst,Cognizant,IT Services,Hyderabad,Telangana,Tier 1,Remote,7,11,Lead / Principal (10+ yrs),,,,2025-10-20,8,Naukri.com
JOB-104429,Data Engineer,Data Engineer,Uber,Tech,Gurgaon,Haryana,Tier 1,Hybrid,0,1,Entry / Junior (0-2 yrs),3.9,7.9,5.9,2026-01-25,13,LinkedIn
JOB-104430,Senior Data Analyst,Data Analyst,PhonePe,Fintech,Mumbai,Maharashtra,Tier 1,On-Site,4,6,Senior (6-9 yrs),7.3,13.8,10.55,2025-12-08,9,LinkedIn
JOB-104431,Senior BI Consultant,BI Analyst,Infosys,IT Services,Bengaluru,Karnataka,Tier 1,On-Site,5,9,Senior (6-9 yrs),5.3,10.0,7.65,2026-01-14,7,LinkedIn
JOB-104432,Senior T-SQL Developer,SQL Developer,Tata Consultancy Services,IT Services,Pune,Maharashtra,Tier 1,On-Site,3,6,Senior (6-9 yrs),4.6,8.6,6.6,2026-01-23,9,Indeed
JOB-104433,Senior Data Analyst,Data Analyst,Meesho,E-Commerce,Pune,Maharashtra,Tier 1,Hybrid,2,4,Mid-Level (3-5 yrs),4.0,7.6,5.8,2025-12-02,12,LinkedIn
JOB-104434,Senior Data Engineer,Data Engineer,HDFC Bank,Banking,Mumbai,Maharashtra,Tier 1,On-Site,0,1,Entry / Junior (0-2 yrs),2.9,6.0,4.45,2025-12-28,12,Naukri.com
JOB-104435,BI Developer,BI Analyst,Morgan Stanley,Banking / Finance,Pune,Maharashtra,Tier 1,Hybrid,4,6,Senior (6-9 yrs),8.3,15.6,11.95,2025-11-08,9,Naukri.com
JOB-104436,SQL Developer,SQL Developer,Razorpay,Fintech,Mumbai,Maharashtra,Tier 1,On-Site,0,1,Entry / Junior (0-2 yrs),2.7,5.4,4.05,2025-10-28,13,Naukri.com
JOB-104437,Python Developer,Python Developer,Flipkart,E-Commerce,Bengaluru,Karnataka,Tier 1,Hybrid,5,7,Senior (6-9 yrs),8.6,16.2,12.4,2025-12-01,12,Indeed
JOB-104438,Database Administrator & SQL Dev,SQL Developer,Wipro,IT Services,Bengaluru,Karnataka,Tier 1,On-Site,5,9,Senior (6-9 yrs),8.1,14.0,11.05,2026-02-23,11,LinkedIn
JOB-104439,Data Engineer,Data Engineer,EY,Consulting,Bengaluru,Karnataka,Tier 1,Hybrid,3,6,Senior (6-9 yrs),8.6,16.2,12.4,2026-01-03,9,Naukri.com
JOB-104440,Healthcare Data Analyst,Data Analyst,Google,Product / Tech,Bengaluru,Karnataka,Tier 1,Hybrid,4,8,Senior (6-9 yrs),,,,2025-09-07,10,LinkedIn
JOB-104441,Lead Data Analyst,Data Analyst,Google,Product / Tech,Hyderabad,Telangana,Tier 1,Hybrid,5,9,Senior (6-9 yrs),8.3,15.7,12.0,2025-11-04,9,LinkedIn
JOB-104442,Senior Data Engineer,Data Engineer,Tiger Analytics,Pureplay Analytics,Pune,Maharashtra,Tier 1,On-Site,0,2,Entry / Junior (0-2 yrs),3.5,7.0,5.25,2025-09-02,8,LinkedIn
JOB-104443,Senior Data Engineer,Data Engineer,Flipkart,E-Commerce,Bengaluru,Karnataka,Tier 1,Hybrid,3,5,Mid-Level (3-5 yrs),10.1,19.0,14.55,2025-09-13,11,LinkedIn
JOB-104444,Python Developer,Python Developer,Infosys,IT Services,Bengaluru,Karnataka,Tier 1,Hybrid,2,5,Mid-Level (3-5 yrs),3.3,6.3,4.8,2025-09-20,12,Indeed
JOB-104445,Data Engineer,Data Engineer,Swiggy,Tech / Consumer,Bengaluru,Karnataka,Tier 1,Hybrid,2,4,Mid-Level (3-5 yrs),5.5,10.5,8.0,2025-10-02,9,LinkedIn
JOB-104446,Senior Data Engineer,Data Engineer,Zomato,Tech / Consumer,Bengaluru,Karnataka,Tier 1,On-Site,5,8,Senior (6-9 yrs),9.2,17.3,13.25,2025-12-06,9,Naukri.com
JOB-104447,Data Analyst,Data Analyst,CRED,Fintech,Bengaluru,Karnataka,Tier 1,On-Site,6,9,Senior (6-9 yrs),13.2,22.9,18.05,2026-02-03,12,LinkedIn
JOB-104448,Data Engineer,Data Engineer,Microsoft,Product / Tech,Bengaluru,Karnataka,Tier 1,On-Site,6,9,Senior (6-9 yrs),19.4,33.7,26.55,2026-01-21,7,LinkedIn
JOB-104449,Marketing Data Analyst,Data Analyst,Zomato,Tech / Consumer,Hyderabad,Telangana,Tier 1,On-Site,0,2,Entry / Junior (0-2 yrs),2.6,5.2,3.9,2026-01-04,9,Naukri.com
JOB-104450,Tableau Developer,BI Analyst,Wipro,IT Services,Bengaluru,Karnataka,Tier 1,Hybrid,0,1,Entry / Junior (0-2 yrs),1.9,3.9,2.9,2026-01-06,10,Naukri.com
JOB-104451,Junior Python Engineer,Python Developer,Tiger Analytics,Pureplay Analytics,Noida,Uttar Pradesh,Tier 1,Hybrid,1,4,Mid-Level (3-5 yrs),4.6,8.7,6.65,2026-02-04,9,LinkedIn
JOB-104452,Junior Python Engineer,Python Developer,Swiggy,Tech / Consumer,Bengaluru,Karnataka,Tier 1,Hybrid,0,2,Entry / Junior (0-2 yrs),3.0,6.1,4.55,2025-12-26,10,Indeed
JOB-104453,PL/SQL Developer,SQL Developer,Wipro,IT Services,Chennai,Tamil Nadu,Tier 1,On-Site,5,9,Senior (6-9 yrs),8.1,14.0,11.05,2025-10-06,10,Indeed
JOB-104454,Senior BI Consultant,BI Analyst,Tata Consultancy Services,IT Services,Hyderabad,Telangana,Tier 1,Hybrid,0,1,Entry / Junior (0-2 yrs),1.9,3.9,2.9,2026-01-11,13,LinkedIn
JOB-104455,Lead Data Analyst,Data Analyst,Barclays,Banking,Bengaluru,Karnataka,Tier 1,On-Site,5,7,Senior (6-9 yrs),6.8,12.8,9.8,2025-10-26,9,Naukri.com
JOB-104456,Database Developer (SQL),SQL Developer,HDFC Bank,Banking,Noida,Uttar Pradesh,Tier 1,On-Site,0,1,Entry / Junior (0-2 yrs),2.1,4.3,3.2,2025-09-08,11,Company Careers Portal
JOB-104457,Marketing Data Analyst,Data Analyst,Deloitte,Consulting,Hyderabad,Telangana,Tier 1,Hybrid,7,10,Lead / Principal (10+ yrs),11.7,20.3,16.0,2026-01-12,12,LinkedIn
JOB-104458,PL/SQL Developer,SQL Developer,PhonePe,Fintech,Gurgaon,Haryana,Tier 1,On-Site,0,2,Entry / Junior (0-2 yrs),2.7,5.5,4.1,2025-10-03,15,Indeed
JOB-104459,Lead Data Analyst,Data Analyst,Wipro,IT Services,Bengaluru,Karnataka,Tier 1,Hybrid,1,4,Mid-Level (3-5 yrs),2.8,5.2,4.0,2025-10-05,9,LinkedIn
JOB-104460,Junior Python Engineer,Python Developer,PwC,Consulting,Bengaluru,Karnataka,Tier 1,On-Site,0,1,Entry / Junior (0-2 yrs),,,,2026-01-27,11,Naukri.com
JOB-104461,Database Developer (SQL),SQL Developer,Amazon,Product / Tech,Hyderabad,Telangana,Tier 1,On-Site,5,8,Senior (6-9 yrs),7.9,14.9,11.4,2025-10-18,11,Naukri.com
JOB-104462,SQL Developer,SQL Developer,Infosys,IT Services,Pune,Maharashtra,Tier 1,On-Site,2,4,Mid-Level (3-5 yrs),2.8,5.4,4.1,2025-12-18,10,LinkedIn
JOB-104463,PL/SQL Developer,SQL Developer,Mu Sigma,Pureplay Analytics,Bengaluru,Karnataka,Tier 1,On-Site,7,11,Lead / Principal (10+ yrs),9.6,16.6,13.1,2025-09-01,11,Indeed
JOB-104464,ETL Developer,Data Engineer,Zomato,Tech / Consumer,Hyderabad,Telangana,Tier 1,On-Site,5,8,Senior (6-9 yrs),16.2,28.1,22.15,2025-12-08,12,LinkedIn
JOB-104465,Junior Python Engineer,Python Developer,Microsoft,Product / Tech,Mumbai,Maharashtra,Tier 1,On-Site,1,3,Mid-Level (3-5 yrs),,,,2025-11-18,11,Naukri.com
JOB-104466,Junior Data Engineer,Data Engineer,Flipkart,E-Commerce,Bengaluru,Karnataka,Tier 1,Hybrid,3,5,Mid-Level (3-5 yrs),10.1,19.0,14.55,2026-01-14,9,Naukri.com
JOB-104467,Senior T-SQL Developer,SQL Developer,Accenture,Consulting / IT,Bengaluru,Karnataka,Tier 1,Hybrid,7,11,Lead / Principal (10+ yrs),10.6,18.3,14.45,2025-11-07,13,Indeed
JOB-104468,Power BI Developer,BI Analyst,PhonePe,Fintech,Bengaluru,Karnataka,Tier 1,Hybrid,5,9,Senior (6-9 yrs),7.9,14.9,11.4,2026-01-18,10,LinkedIn
JOB-104469,Reporting Analyst,BI Analyst,Morgan Stanley,Banking / Finance,Pune,Maharashtra,Tier 1,On-Site,3,7,Senior (6-9 yrs),8.3,15.6,11.95,2026-01-30,9,Company Careers Portal
JOB-104470,Python Data Programmer,Python Developer,Tata Consultancy Services,IT Services,Bengaluru,Karnataka,Tier 1,Remote,3,7,Senior (6-9 yrs),,,,2026-01-04,10,Indeed
JOB-104471,Senior BI Consultant,BI Analyst,Uber,Tech,Pune,Maharashtra,Tier 1,On-Site,1,3,Mid-Level (3-5 yrs),4.9,9.2,7.05,2025-11-20,10,Naukri.com
JOB-104472,Business Intelligence Analyst,BI Analyst,CRED,Fintech,Bengaluru,Karnataka,Tier 1,Hybrid,4,8,Senior (6-9 yrs),8.1,15.2,11.65,2025-09-09,11,Indeed
JOB-104473,BI Developer,BI Analyst,Morgan Stanley,Banking / Finance,Gurgaon,Haryana,Tier 1,Hybrid,5,9,Senior (6-9 yrs),14.6,25.3,19.95,2026-02-07,11,Naukri.com
JOB-104474,Tableau Developer,BI Analyst,PhonePe,Fintech,Pune,Maharashtra,Tier 1,Hybrid,5,7,Senior (6-9 yrs),7.9,14.9,11.4,2025-10-07,12,Naukri.com
JOB-104475,Lead Data Analyst,Data Analyst,Tiger Analytics,Pureplay Analytics,Chennai,Tamil Nadu,Tier 1,On-Site,0,1,Entry / Junior (0-2 yrs),2.6,5.2,3.9,2025-09-17,10,Naukri.com
JOB-104476,Senior Data Engineer,Data Engineer,Microsoft,Product / Tech,Bengaluru,Karnataka,Tier 1,On-Site,5,9,Senior (6-9 yrs),11.0,20.7,15.85,2026-01-20,11,Naukri.com
JOB-104477,Senior T-SQL Developer,SQL Developer,Microsoft,Product / Tech,Hyderabad,Telangana,Tier 1,Hybrid,1,3,Mid-Level (3-5 yrs),4.7,8.9,6.8,2025-09-12,11,Naukri.com
JOB-104478,Junior Python Engineer,Python Developer,Razorpay,Fintech,Hyderabad,Telangana,Tier 1,On-Site,4,6,Senior (6-9 yrs),8.3,15.6,11.95,2025-11-04,9,Indeed
JOB-104479,Python Developer,Python Developer,Infosys,IT Services,Chennai,Tamil Nadu,Tier 1,On-Site,0,1,Entry / Junior (0-2 yrs),2.1,4.3,3.2,2026-01-16,8,LinkedIn
JOB-104480,PL/SQL Developer,SQL Developer,Microsoft,Product / Tech,Hyderabad,Telangana,Tier 1,Hybrid,1,3,Mid-Level (3-5 yrs),4.7,8.9,6.8,2025-11-27,14,Naukri.com
JOB-104481,SQL Developer,SQL Developer,Morgan Stanley,Banking / Finance,Mumbai,Maharashtra,Tier 1,Remote,0,2,Entry / Junior (0-2 yrs),2.8,5.7,4.25,2026-01-18,8,LinkedIn
JOB-104482,Reporting Analyst,BI Analyst,Uber,Tech,Hyderabad,Telangana,Tier 1,On-Site,8,12,Lead / Principal (10+ yrs),23.3,40.8,32.05,2026-01-10,9,Naukri.com
JOB-104483,Analytics Engineer,Data Engineer,KPMG,Consulting,Bengaluru,Karnataka,Tier 1,Hybrid,4,6,Senior (6-9 yrs),8.6,16.2,12.4,2025-12-19,7,Naukri.com
JOB-104484,Senior BI Consultant,BI Analyst,Google,Product / Tech,Hyderabad,Telangana,Tier 1,Hybrid,3,6,Senior (6-9 yrs),9.0,16.9,12.95,2025-10-31,11,LinkedIn
JOB-104485,Tableau Developer,BI Analyst,Deloitte,Consulting,Mumbai,Maharashtra,Tier 1,Hybrid,2,4,Mid-Level (3-5 yrs),4.2,8.0,6.1,2025-11-10,10,LinkedIn
JOB-104486,ETL Developer,Data Engineer,CRED,Fintech,Bengaluru,Karnataka,Tier 1,Hybrid,4,6,Senior (6-9 yrs),,,,2026-02-10,10,Naukri.com
JOB-104487,Python Backend & Analytics Engineer,Python Developer,Tata Consultancy Services,IT Services,Bengaluru,Karnataka,Tier 1,Hybrid,4,7,Senior (6-9 yrs),5.4,10.1,7.75,2026-02-22,10,Naukri.com
JOB-104488,Database Administrator & SQL Dev,SQL Developer,KPMG,Consulting,Bengaluru,Karnataka,Tier 1,Remote,4,7,Senior (6-9 yrs),6.2,11.8,9.0,2025-10-22,9,Naukri.com
JOB-104489,Healthcare Data Analyst,Data Analyst,Capgemini,IT Services,Hyderabad,Telangana,Tier 1,Hybrid,1,4,Mid-Level (3-5 yrs),3.1,5.9,4.5,2025-11-06,8,LinkedIn
JOB-104490,Junior Data Engineer,Data Engineer,CRED,Fintech,Hyderabad,Telangana,Tier 1,On-Site,5,9,Senior (6-9 yrs),,,,2026-01-21,9,LinkedIn
JOB-104491,Senior Data Engineer,Data Engineer,PwC,Consulting,Bengaluru,Karnataka,Tier 1,Hybrid,2,5,Mid-Level (3-5 yrs),5.1,9.7,7.4,2026-02-11,11,LinkedIn
JOB-104492,Senior Data Engineer,Data Engineer,CRED,Fintech,Pune,Maharashtra,Tier 1,On-Site,4,7,Senior (6-9 yrs),10.1,19.0,14.55,2025-12-05,11,LinkedIn
JOB-104493,Senior BI Consultant,BI Analyst,Uber,Tech,Remote,All India,Remote,Remote,2,5,Mid-Level (3-5 yrs),4.9,9.2,7.05,2026-02-11,12,LinkedIn
JOB-104494,Tableau Developer,BI Analyst,Fractal Analytics,Pureplay Analytics,Bengaluru,Karnataka,Tier 1,On-Site,4,7,Senior (6-9 yrs),7.5,14.2,10.85,2026-01-25,12,Naukri.com
JOB-104495,BI & Analytics Specialist,BI Analyst,Microsoft,Product / Tech,Bengaluru,Karnataka,Tier 1,Hybrid,5,8,Senior (6-9 yrs),8.8,16.6,12.7,2025-12-16,11,Indeed
JOB-104496,Healthcare Data Analyst,Data Analyst,HCL Technologies,IT Services,Gurgaon,Haryana,Tier 1,On-Site,5,8,Senior (6-9 yrs),8.7,15.1,11.9,2025-10-03,11,LinkedIn
JOB-104497,Senior Data Analyst,Data Analyst,Tata Consultancy Services,IT Services,Bengaluru,Karnataka,Tier 1,On-Site,5,8,Senior (6-9 yrs),4.7,8.8,6.75,2025-09-07,9,Naukri.com
JOB-104498,BI Developer,BI Analyst,Cognizant,IT Services,Hyderabad,Telangana,Tier 1,Hybrid,5,9,Senior (6-9 yrs),9.7,16.8,13.25,2025-09-11,9,Indeed
JOB-104499,Healthcare Data Analyst,Data Analyst,PhonePe,Fintech,Remote,All India,Remote,Remote,0,2,Entry / Junior (0-2 yrs),2.8,5.6,4.2,2025-12-27,9,Indeed
JOB-104500,ETL Developer,Data Engineer,Accenture,Consulting / IT,Mumbai,Maharashtra,Tier 1,Hybrid,3,5,Mid-Level (3-5 yrs),8.3,15.6,11.95,2026-02-22,11,LinkedIn
JOB-104501,Operations Analyst,Data Analyst,HDFC Bank,Banking,Bengaluru,Karnataka,Tier 1,On-Site,0,2,Entry / Junior (0-2 yrs),2.2,4.4,3.3,2026-02-25,10,LinkedIn
JOB-104502,Python Developer,Python Developer,Wipro,IT Services,Bengaluru,Karnataka,Tier 1,Remote,1,4,Mid-Level (3-5 yrs),3.2,6.0,4.6,2026-02-25,8,LinkedIn
JOB-104503,Reporting Analyst,BI Analyst,PwC,Consulting,Chennai,Tamil Nadu,Tier 1,Hybrid,2,4,Mid-Level (3-5 yrs),4.1,7.8,5.95,2025-10-14,10,Naukri.com
JOB-104504,Big Data Engineer,Data Engineer,LTIMindtree,IT Services,Hyderabad,Telangana,Tier 1,On-Site,5,8,Senior (6-9 yrs),7.1,13.4,10.25,2025-11-25,9,LinkedIn
JOB-104505,Senior Python Developer,Python Developer,Mu Sigma,Pureplay Analytics,Hyderabad,Telangana,Tier 1,On-Site,2,4,Mid-Level (3-5 yrs),3.7,7.1,5.4,2025-12-27,10,Indeed
JOB-104506,Python Developer,Python Developer,JPMorgan Chase,Banking / Finance,Mumbai,Maharashtra,Tier 1,On-Site,4,6,Senior (6-9 yrs),,,,2025-12-15,12,LinkedIn
JOB-104507,Cloud Data Engineer,Data Engineer,Goldman Sachs,Banking / Finance,Hyderabad,Telangana,Tier 1,Hybrid,2,5,Mid-Level (3-5 yrs),6.2,11.8,9.0,2026-02-20,10,LinkedIn
JOB-104508,Financial Data Analyst,Data Analyst,Cognizant,IT Services,Bengaluru,Karnataka,Tier 1,On-Site,1,3,Mid-Level (3-5 yrs),3.0,5.7,4.35,2026-02-16,9,Naukri.com
JOB-104509,Cloud Data Engineer,Data Engineer,Tiger Analytics,Pureplay Analytics,Pune,Maharashtra,Tier 1,Hybrid,8,12,Lead / Principal (10+ yrs),25.9,45.4,35.65,2026-02-26,7,LinkedIn
JOB-104510,Python Data Programmer,Python Developer,Morgan Stanley,Banking / Finance,Bengaluru,Karnataka,Tier 1,Hybrid,2,4,Mid-Level (3-5 yrs),5.2,9.8,7.5,2025-10-28,10,LinkedIn
JOB-104511,Operations Analyst,Data Analyst,Standard Chartered,Banking,Gurgaon,Haryana,Tier 1,Hybrid,0,1,Entry / Junior (0-2 yrs),2.4,4.9,3.65,2025-09-08,10,Naukri.com
JOB-104512,Reporting Analyst,BI Analyst,Zomato,Tech / Consumer,Noida,Uttar Pradesh,Tier 1,Hybrid,9,13,Lead / Principal (10+ yrs),20.7,36.3,28.5,2026-02-11,10,Naukri.com
JOB-104513,Lead Data Analyst,Data Analyst,Swiggy,Tech / Consumer,Bengaluru,Karnataka,Tier 1,Hybrid,2,4,Mid-Level (3-5 yrs),4.1,7.8,5.95,2025-11-09,11,LinkedIn
JOB-104514,Senior Data Analyst,Data Analyst,Standard Chartered,Banking,Hyderabad,Telangana,Tier 1,On-Site,5,7,Senior (6-9 yrs),6.4,12.0,9.2,2026-01-02,10,LinkedIn
JOB-104515,BI & Analytics Specialist,BI Analyst,EY,Consulting,Mumbai,Maharashtra,Tier 1,Remote,5,8,Senior (6-9 yrs),6.9,13.0,9.95,2026-01-21,10,Indeed
JOB-104516,Senior T-SQL Developer,SQL Developer,Swiggy,Tech / Consumer,Bengaluru,Karnataka,Tier 1,On-Site,4,7,Senior (6-9 yrs),6.8,12.9,9.85,2026-02-16,15,Naukri.com
JOB-104517,Lead Data Analyst,Data Analyst,Accenture,Consulting / IT,Mumbai,Maharashtra,Tier 1,Hybrid,1,4,Mid-Level (3-5 yrs),3.6,6.8,5.2,2025-12-17,13,Naukri.com
JOB-104518,Senior Data Analyst,Data Analyst,Fractal Analytics,Pureplay Analytics,Bengaluru,Karnataka,Tier 1,On-Site,1,4,Mid-Level (3-5 yrs),4.1,7.8,5.95,2025-12-03,9,LinkedIn
JOB-104519,Python Developer,Python Developer,Razorpay,Fintech,Bengaluru,Karnataka,Tier 1,Hybrid,5,7,Senior (6-9 yrs),8.3,15.6,11.95,2025-10-31,12,Indeed
JOB-104520,Cloud Data Engineer,Data Engineer,HSBC,Banking,Hyderabad,Telangana,Tier 1,Hybrid,2,5,Mid-Level (3-5 yrs),5.3,10.0,7.65,2026-01-20,11,LinkedIn
JOB-104521,Junior Data Analyst,Data Analyst,Tata Consultancy Services,IT Services,Bengaluru,Karnataka,Tier 1,Remote,6,9,Senior (6-9 yrs),8.2,14.3,11.25,2025-10-19,8,Naukri.com
JOB-104522,Junior Python Engineer,Python Developer,Morgan Stanley,Banking / Finance,Mumbai,Maharashtra,Tier 1,On-Site,4,8,Senior (6-9 yrs),8.8,16.6,12.7,2025-10-06,10,LinkedIn
JOB-104523,Senior Data Engineer,Data Engineer,Razorpay,Fintech,Bengaluru,Karnataka,Tier 1,Hybrid,0,1,Entry / Junior (0-2 yrs),3.7,7.5,5.6,2025-10-30,9,Company Careers Portal
JOB-104524,Cloud Data Engineer,Data Engineer,Razorpay,Fintech,Hyderabad,Telangana,Tier 1,Hybrid,3,5,Mid-Level (3-5 yrs),,,,2025-09-23,8,LinkedIn
JOB-104525,Financial Data Analyst,Data Analyst,Flipkart,E-Commerce,Bengaluru,Karnataka,Tier 1,Hybrid,4,7,Senior (6-9 yrs),7.5,14.1,10.8,2026-02-11,11,LinkedIn
JOB-104526,Healthcare Data Analyst,Data Analyst,Fractal Analytics,Pureplay Analytics,Bengaluru,Karnataka,Tier 1,On-Site,3,6,Senior (6-9 yrs),,,,2025-12-19,11,LinkedIn
JOB-104527,Financial Data Analyst,Data Analyst,HSBC,Banking,Hyderabad,Telangana,Tier 1,On-Site,3,5,Mid-Level (3-5 yrs),6.6,12.5,9.55,2025-10-05,9,Indeed
JOB-104528,Tableau Developer,BI Analyst,Tata Consultancy Services,IT Services,Gurgaon,Haryana,Tier 1,Hybrid,5,9,Senior (6-9 yrs),,,,2025-11-27,12,LinkedIn
JOB-104529,Senior BI Consultant,BI Analyst,Infosys,IT Services,Gurgaon,Haryana,Tier 1,Hybrid,2,5,Mid-Level (3-5 yrs),3.1,6.0,4.55,2025-11-16,11,LinkedIn
JOB-104530,Financial Data Analyst,Data Analyst,Morgan Stanley,Banking / Finance,Bengaluru,Karnataka,Tier 1,On-Site,4,6,Senior (6-9 yrs),7.7,14.4,11.05,2026-01-25,13,Naukri.com
JOB-104531,Operations Analyst,Data Analyst,Fractal Analytics,Pureplay Analytics,Bengaluru,Karnataka,Tier 1,On-Site,1,3,Mid-Level (3-5 yrs),4.1,7.8,5.95,2025-11-22,8,LinkedIn
JOB-104532,Cloud Data Engineer,Data Engineer,Flipkart,E-Commerce,Mumbai,Maharashtra,Tier 1,Hybrid,6,9,Senior (6-9 yrs),,,,2026-01-26,8,Naukri.com
JOB-104533,Database Developer (SQL),SQL Developer,Morgan Stanley,Banking / Finance,Gurgaon,Haryana,Tier 1,Hybrid,2,5,Mid-Level (3-5 yrs),4.4,8.4,6.4,2026-01-03,10,LinkedIn
JOB-104534,Analytics Engineer,Data Engineer,Morgan Stanley,Banking / Finance,Bengaluru,Karnataka,Tier 1,Hybrid,1,3,Mid-Level (3-5 yrs),6.1,11.5,8.8,2025-11-14,7,Naukri.com
JOB-104535,Senior Data Analyst,Data Analyst,Deloitte,Consulting,Hyderabad,Telangana,Tier 1,Hybrid,3,7,Senior (6-9 yrs),6.6,12.5,9.55,2026-02-21,9,Naukri.com
JOB-104536,Big Data Engineer,Data Engineer,Capgemini,IT Services,Remote,All India,Remote,Remote,4,8,Senior (6-9 yrs),7.1,13.4,10.25,2025-10-19,10,LinkedIn
JOB-104537,Python Backend & Analytics Engineer,Python Developer,Tata Consultancy Services,IT Services,Bengaluru,Karnataka,Tier 1,On-Site,2,4,Mid-Level (3-5 yrs),3.2,6.0,4.6,2025-12-22,9,Naukri.com
JOB-104538,Junior Python Engineer,Python Developer,HCL Technologies,IT Services,Hyderabad,Telangana,Tier 1,On-Site,4,6,Senior (6-9 yrs),5.7,10.7,8.2,2025-11-13,10,Indeed
JOB-104539,Junior Python Engineer,Python Developer,HCL Technologies,IT Services,Hyderabad,Telangana,Tier 1,Hybrid,4,6,Senior (6-9 yrs),5.7,10.7,8.2,2025-09-25,12,LinkedIn
JOB-104540,Senior Python Developer,Python Developer,Uber,Tech,Pune,Maharashtra,Tier 1,On-Site,3,5,Mid-Level (3-5 yrs),8.8,16.6,12.7,2025-10-13,7,LinkedIn
JOB-104541,Python Backend & Analytics Engineer,Python Developer,Capgemini,IT Services,Bengaluru,Karnataka,Tier 1,On-Site,4,8,Senior (6-9 yrs),6.1,11.4,8.75,2025-10-18,11,Company Careers Portal
JOB-104542,Financial Data Analyst,Data Analyst,Mu Sigma,Pureplay Analytics,Pune,Maharashtra,Tier 1,On-Site,6,9,Senior (6-9 yrs),9.8,16.9,13.35,2025-12-10,11,Indeed
JOB-104543,Financial Data Analyst,Data Analyst,Accenture,Consulting / IT,Noida,Uttar Pradesh,Tier 1,Hybrid,5,9,Senior (6-9 yrs),10.8,18.7,14.75,2026-02-02,8,Company Careers Portal
JOB-104544,BI Developer,BI Analyst,EY,Consulting,Hyderabad,Telangana,Tier 1,Hybrid,6,9,Senior (6-9 yrs),,,,2026-01-30,10,Indeed
JOB-104545,Lead Data Analyst,Data Analyst,HSBC,Banking,Pune,Maharashtra,Tier 1,Hybrid,2,5,Mid-Level (3-5 yrs),3.9,7.4,5.65,2025-12-25,10,Naukri.com
JOB-104546,ETL Developer,Data Engineer,CRED,Fintech,Mumbai,Maharashtra,Tier 1,Hybrid,1,4,Mid-Level (3-5 yrs),5.9,11.3,8.6,2026-02-17,10,Indeed
JOB-104547,Junior Data Analyst,Data Analyst,Razorpay,Fintech,Bengaluru,Karnataka,Tier 1,Hybrid,2,5,Mid-Level (3-5 yrs),4.2,8.1,6.15,2025-10-03,11,Naukri.com
JOB-104548,Business Intelligence Analyst,BI Analyst,CRED,Fintech,Bengaluru,Karnataka,Tier 1,Remote,8,12,Lead / Principal (10+ yrs),22.8,39.9,31.35,2025-10-16,10,Naukri.com
JOB-104549,Senior BI Consultant,BI Analyst,PhonePe,Fintech,Hyderabad,Telangana,Tier 1,On-Site,0,2,Entry / Junior (0-2 yrs),,,,2026-02-23,8,Naukri.com
JOB-104550,Python Developer,Python Developer,Infosys,IT Services,Pune,Maharashtra,Tier 1,Hybrid,2,4,Mid-Level (3-5 yrs),3.3,6.3,4.8,2025-10-21,8,Company Careers Portal
JOB-104551,Data Engineer,Data Engineer,McKinsey & Company,Strategy Consulting,Hyderabad,Telangana,Tier 1,On-Site,2,4,Mid-Level (3-5 yrs),6.4,12.2,9.3,2025-09-15,13,Naukri.com
JOB-104552,Cloud Data Engineer,Data Engineer,Paytm,Fintech,Pune,Maharashtra,Tier 1,Hybrid,7,10,Lead / Principal (10+ yrs),15.2,26.3,20.75,2025-12-25,9,LinkedIn
JOB-104553,Python Backend & Analytics Engineer,Python Developer,HCL Technologies,IT Services,Pune,Maharashtra,Tier 1,Hybrid,3,5,Mid-Level (3-5 yrs),,,,2025-12-22,10,Indeed
JOB-104554,PL/SQL Developer,SQL Developer,Razorpay,Fintech,Bengaluru,Karnataka,Tier 1,On-Site,5,7,Senior (6-9 yrs),7.1,13.3,10.2,2025-09-07,13,LinkedIn
JOB-104555,Lead Data Analyst,Data Analyst,Uber,Tech,Pune,Maharashtra,Tier 1,On-Site,1,3,Mid-Level (3-5 yrs),,,,2025-11-12,11,Naukri.com
JOB-104556,Senior Data Engineer,Data Engineer,ICICI Bank,Banking,Pune,Maharashtra,Tier 1,On-Site,1,3,Mid-Level (3-5 yrs),4.4,8.3,6.35,2026-02-26,9,LinkedIn
JOB-104557,Python Backend & Analytics Engineer,Python Developer,EY,Consulting,Hyderabad,Telangana,Tier 1,Hybrid,0,1,Entry / Junior (0-2 yrs),,,,2025-10-30,9,LinkedIn
JOB-104558,BI Developer,BI Analyst,HCL Technologies,IT Services,Bengaluru,Karnataka,Tier 1,Hybrid,3,7,Senior (6-9 yrs),5.3,10.0,7.65,2025-10-14,10,Naukri.com
JOB-104559,Lead Data Analyst,Data Analyst,Accenture,Consulting / IT,Hyderabad,Telangana,Tier 1,Hybrid,0,1,Entry / Junior (0-2 yrs),,,,2026-02-28,8,Naukri.com
JOB-104560,Power BI Developer,BI Analyst,Standard Chartered,Banking,Hyderabad,Telangana,Tier 1,Hybrid,1,4,Mid-Level (3-5 yrs),4.1,7.7,5.9,2026-02-17,11,LinkedIn
JOB-104561,Senior BI Consultant,BI Analyst,Wipro,IT Services,Gurgaon,Haryana,Tier 1,On-Site,1,4,Mid-Level (3-5 yrs),3.0,5.6,4.3,2025-10-13,9,Naukri.com
JOB-104562,Junior Python Engineer,Python Developer,Wipro,IT Services,Bengaluru,Karnataka,Tier 1,Hybrid,2,4,Mid-Level (3-5 yrs),3.2,6.0,4.6,2025-11-12,12,Naukri.com
JOB-104563,Python Developer,Python Developer,Standard Chartered,Banking,Bengaluru,Karnataka,Tier 1,On-Site,3,6,Senior (6-9 yrs),7.3,13.8,10.55,2026-02-20,10,LinkedIn
JOB-104564,Data Engineer,Data Engineer,Amazon,Product / Tech,Bengaluru,Karnataka,Tier 1,On-Site,0,1,Entry / Junior (0-2 yrs),4.1,8.3,6.2,2025-10-26,11,LinkedIn
JOB-104565,Junior Python Engineer,Python Developer,Uber,Tech,Bengaluru,Karnataka,Tier 1,On-Site,3,6,Senior (6-9 yrs),8.8,16.6,12.7,2025-10-24,8,Naukri.com
JOB-104566,Reporting Analyst,BI Analyst,Infosys,IT Services,Hyderabad,Telangana,Tier 1,On-Site,1,3,Mid-Level (3-5 yrs),3.1,6.0,4.55,2026-01-24,13,LinkedIn
JOB-104567,Senior BI Consultant,BI Analyst,Morgan Stanley,Banking / Finance,Mumbai,Maharashtra,Tier 1,Remote,2,4,Mid-Level (3-5 yrs),4.9,9.2,7.05,2025-10-07,10,Naukri.com
JOB-104568,Lead Data Analyst,Data Analyst,JPMorgan Chase,Banking / Finance,Bengaluru,Karnataka,Tier 1,Hybrid,4,7,Senior (6-9 yrs),7.5,14.1,10.8,2026-01-03,9,Naukri.com
JOB-104569,Database Developer (SQL),SQL Developer,EY,Consulting,Bengaluru,Karnataka,Tier 1,Remote,2,5,Mid-Level (3-5 yrs),3.7,7.0,5.35,2026-02-28,10,LinkedIn
JOB-104570,Operations Analyst,Data Analyst,Tiger Analytics,Pureplay Analytics,Mumbai,Maharashtra,Tier 1,Remote,5,8,Senior (6-9 yrs),12.0,20.8,16.4,2026-02-14,9,Company Careers Portal
JOB-104571,SQL Developer,SQL Developer,Infosys,IT Services,Mumbai,Maharashtra,Tier 1,On-Site,3,6,Senior (6-9 yrs),4.8,9.1,6.95,2026-02-23,9,Naukri.com
JOB-104572,Big Data Engineer,Data Engineer,PwC,Consulting,Pune,Maharashtra,Tier 1,Hybrid,0,1,Entry / Junior (0-2 yrs),3.3,6.7,5.0,2026-02-05,12,LinkedIn
JOB-104573,Operations Analyst,Data Analyst,Paytm,Fintech,Hyderabad,Telangana,Tier 1,On-Site,0,2,Entry / Junior (0-2 yrs),2.4,4.9,3.65,2025-09-25,9,Naukri.com
JOB-104574,ETL Developer,Data Engineer,Meesho,E-Commerce,Remote,All India,Remote,Remote,2,4,Mid-Level (3-5 yrs),5.4,10.3,7.85,2026-02-21,10,Naukri.com
JOB-104575,Reporting Analyst,BI Analyst,Capgemini,IT Services,Pune,Maharashtra,Tier 1,Hybrid,1,3,Mid-Level (3-5 yrs),3.3,6.4,4.85,2025-11-17,11,LinkedIn
JOB-104576,Senior Data Analyst,Data Analyst,HCL Technologies,IT Services,Hyderabad,Telangana,Tier 1,On-Site,3,5,Mid-Level (3-5 yrs),4.9,9.3,7.1,2026-01-14,11,LinkedIn
JOB-104577,Database Developer (SQL),SQL Developer,Uber,Tech,Bengaluru,Karnataka,Tier 1,On-Site,2,5,Mid-Level (3-5 yrs),4.4,8.4,6.4,2025-11-13,12,LinkedIn
JOB-104578,Financial Data Analyst,Data Analyst,PhonePe,Fintech,Chennai,Tamil Nadu,Tier 1,Hybrid,1,3,Mid-Level (3-5 yrs),,,,2025-09-06,11,Naukri.com
JOB-104579,Junior Python Engineer,Python Developer,Swiggy,Tech / Consumer,Bengaluru,Karnataka,Tier 1,Hybrid,0,1,Entry / Junior (0-2 yrs),3.0,6.1,4.55,2026-02-23,11,LinkedIn
JOB-104580,Junior Python Engineer,Python Developer,KPMG,Consulting,Bengaluru,Karnataka,Tier 1,Hybrid,0,2,Entry / Junior (0-2 yrs),2.8,5.6,4.2,2026-02-18,10,LinkedIn
JOB-104581,Junior Python Engineer,Python Developer,CRED,Fintech,Hyderabad,Telangana,Tier 1,Hybrid,4,6,Senior (6-9 yrs),8.6,16.2,12.4,2025-09-01,11,LinkedIn
JOB-104582,Data Analyst,Data Analyst,LTIMindtree,IT Services,Pune,Maharashtra,Tier 1,On-Site,4,7,Senior (6-9 yrs),5.3,9.9,7.6,2026-01-01,11,Naukri.com
JOB-104583,SQL Developer,SQL Developer,ICICI Bank,Banking,Bengaluru,Karnataka,Tier 1,Hybrid,3,5,Mid-Level (3-5 yrs),5.4,10.2,7.8,2025-09-14,12,Naukri.com
JOB-104584,Senior BI Consultant,BI Analyst,JPMorgan Chase,Banking / Finance,Bengaluru,Karnataka,Tier 1,Hybrid,0,1,Entry / Junior (0-2 yrs),3.0,6.2,4.6,2025-09-13,10,LinkedIn
JOB-104585,Senior Python Developer,Python Developer,Paytm,Fintech,Hyderabad,Telangana,Tier 1,Hybrid,2,4,Mid-Level (3-5 yrs),4.3,8.2,6.25,2026-01-21,11,LinkedIn
JOB-104586,Financial Data Analyst,Data Analyst,KPMG,Consulting,Chennai,Tamil Nadu,Tier 1,Hybrid,0,2,Entry / Junior (0-2 yrs),2.4,4.9,3.65,2026-01-03,8,LinkedIn
JOB-104587,Associate Analyst - Data,Data Analyst,Goldman Sachs,Banking / Finance,Bengaluru,Karnataka,Tier 1,On-Site,1,4,Mid-Level (3-5 yrs),,,,2026-02-25,8,Company Careers Portal
JOB-104588,Financial Data Analyst,Data Analyst,Microsoft,Product / Tech,Mumbai,Maharashtra,Tier 1,Hybrid,4,8,Senior (6-9 yrs),8.2,15.4,11.8,2026-01-16,7,LinkedIn
JOB-104589,Marketing Data Analyst,Data Analyst,Fractal Analytics,Pureplay Analytics,Hyderabad,Telangana,Tier 1,On-Site,7,11,Lead / Principal (10+ yrs),12.3,21.3,16.8,2025-12-24,11,LinkedIn
JOB-104590,Junior Data Analyst,Data Analyst,EY,Consulting,Hyderabad,Telangana,Tier 1,Remote,3,7,Senior (6-9 yrs),6.4,12.0,9.2,2025-09-02,11,Naukri.com
JOB-104591,Business Intelligence Analyst,BI Analyst,Paytm,Fintech,Hyderabad,Telangana,Tier 1,On-Site,2,5,Mid-Level (3-5 yrs),4.1,7.7,5.9,2025-10-12,9,LinkedIn
JOB-104592,Big Data Engineer,Data Engineer,EY,Consulting,Chennai,Tamil Nadu,Tier 1,Remote,0,2,Entry / Junior (0-2 yrs),,,,2025-12-20,7,LinkedIn
JOB-104593,Junior Data Analyst,Data Analyst,Standard Chartered,Banking,Bengaluru,Karnataka,Tier 1,Hybrid,5,9,Senior (6-9 yrs),6.4,12.0,9.2,2025-09-18,11,Naukri.com
JOB-104594,Lead Data Analyst,Data Analyst,LTIMindtree,IT Services,Bengaluru,Karnataka,Tier 1,Hybrid,3,6,Senior (6-9 yrs),5.3,9.9,7.6,2026-01-29,12,Indeed
JOB-104595,Data Analyst,Data Analyst,Accenture,Consulting / IT,Gurgaon,Haryana,Tier 1,On-Site,0,2,Entry / Junior (0-2 yrs),2.3,4.7,3.5,2026-02-15,8,LinkedIn
JOB-104596,Data Engineer,Data Engineer,Deloitte,Consulting,Bengaluru,Karnataka,Tier 1,Remote,1,3,Mid-Level (3-5 yrs),5.3,10.0,7.65,2025-10-25,11,Company Careers Portal
JOB-104597,Senior Python Developer,Python Developer,LTIMindtree,IT Services,Mumbai,Maharashtra,Tier 1,Hybrid,4,6,Senior (6-9 yrs),6.1,11.4,8.75,2025-10-05,11,Indeed
JOB-104598,Data Analyst,Data Analyst,Microsoft,Product / Tech,Hyderabad,Telangana,Tier 1,Hybrid,3,6,Senior (6-9 yrs),8.2,15.4,11.8,2025-12-08,12,LinkedIn
JOB-104599,Financial Data Analyst,Data Analyst,Amazon,Product / Tech,Hyderabad,Telangana,Tier 1,Hybrid,5,8,Senior (6-9 yrs),14.2,24.7,19.45,2025-09-06,11,Indeed
JOB-104600,SQL Developer,SQL Developer,Deloitte,Consulting,Hyderabad,Telangana,Tier 1,Hybrid,2,5,Mid-Level (3-5 yrs),3.8,7.3,5.55,2025-10-07,10,LinkedIn
JOB-104601,Operations Analyst,Data Analyst,Standard Chartered,Banking,Chennai,Tamil Nadu,Tier 1,Hybrid,0,2,Entry / Junior (0-2 yrs),2.4,4.9,3.65,2025-12-05,10,LinkedIn
JOB-104602,Power BI Developer,BI Analyst,Razorpay,Fintech,Gurgaon,Haryana,Tier 1,On-Site,5,9,Senior (6-9 yrs),7.8,14.7,11.25,2026-01-15,9,Indeed
JOB-104603,Python Data Programmer,Python Developer,Mu Sigma,Pureplay Analytics,Bengaluru,Karnataka,Tier 1,On-Site,0,1,Entry / Junior (0-2 yrs),2.4,4.9,3.65,2026-01-05,9,Naukri.com
JOB-104604,Senior Python Developer,Python Developer,HCL Technologies,IT Services,Bengaluru,Karnataka,Tier 1,On-Site,2,5,Mid-Level (3-5 yrs),3.3,6.3,4.8,2026-01-11,13,Company Careers Portal
JOB-104605,Financial Data Analyst,Data Analyst,CRED,Fintech,Noida,Uttar Pradesh,Tier 1,On-Site,4,7,Senior (6-9 yrs),7.5,14.1,10.8,2025-12-06,9,LinkedIn
JOB-104606,Python Developer,Python Developer,Infosys,IT Services,Bengaluru,Karnataka,Tier 1,On-Site,2,5,Mid-Level (3-5 yrs),3.3,6.3,4.8,2025-10-27,10,LinkedIn
JOB-104607,Senior T-SQL Developer,SQL Developer,Swiggy,Tech / Consumer,Pune,Maharashtra,Tier 1,Hybrid,3,7,Senior (6-9 yrs),6.8,12.9,9.85,2026-01-24,11,LinkedIn
JOB-104608,Junior Python Engineer,Python Developer,Infosys,IT Services,Bengaluru,Karnataka,Tier 1,On-Site,3,6,Senior (6-9 yrs),5.7,10.7,8.2,2025-11-10,11,Indeed
JOB-104609,Python Backend & Analytics Engineer,Python Developer,Uber,Tech,Noida,Uttar Pradesh,Tier 1,Hybrid,8,12,Lead / Principal (10+ yrs),24.8,43.5,34.15,2025-12-16,12,LinkedIn
JOB-104610,Senior BI Consultant,BI Analyst,McKinsey & Company,Strategy Consulting,Pune,Maharashtra,Tier 1,Hybrid,1,4,Mid-Level (3-5 yrs),,,,2026-02-02,11,Naukri.com
JOB-104611,Healthcare Data Analyst,Data Analyst,CRED,Fintech,Mumbai,Maharashtra,Tier 1,On-Site,5,9,Senior (6-9 yrs),7.5,14.1,10.8,2025-12-09,12,Naukri.com
JOB-104612,Associate Analyst - Data,Data Analyst,Amazon,Product / Tech,Bengaluru,Karnataka,Tier 1,On-Site,5,9,Senior (6-9 yrs),8.1,15.2,11.65,2025-11-18,9,LinkedIn
JOB-104613,Database Administrator & SQL Dev,SQL Developer,Accenture,Consulting / IT,Hyderabad,Telangana,Tier 1,Hybrid,2,4,Mid-Level (3-5 yrs),3.5,6.7,5.1,2025-11-22,9,Naukri.com
JOB-104614,Database Developer (SQL),SQL Developer,Razorpay,Fintech,Bengaluru,Karnataka,Tier 1,On-Site,0,1,Entry / Junior (0-2 yrs),2.7,5.4,4.05,2025-12-27,12,Naukri.com
JOB-104615,Marketing Data Analyst,Data Analyst,Standard Chartered,Banking,Hyderabad,Telangana,Tier 1,Hybrid,2,4,Mid-Level (3-5 yrs),,,,2026-01-16,6,Naukri.com
JOB-104616,Tableau Developer,BI Analyst,Paytm,Fintech,Gurgaon,Haryana,Tier 1,On-Site,5,9,Senior (6-9 yrs),6.9,13.0,9.95,2026-02-05,11,Indeed
JOB-104617,BI Developer,BI Analyst,Wipro,IT Services,Bengaluru,Karnataka,Tier 1,On-Site,0,2,Entry / Junior (0-2 yrs),1.9,3.9,2.9,2025-09-19,11,Company Careers Portal
JOB-104618,Healthcare Data Analyst,Data Analyst,HCL Technologies,IT Services,Chennai,Tamil Nadu,Tier 1,Hybrid,2,4,Mid-Level (3-5 yrs),,,,2026-01-20,9,LinkedIn
JOB-104619,BI Developer,BI Analyst,Meesho,E-Commerce,Bengaluru,Karnataka,Tier 1,On-Site,1,4,Mid-Level (3-5 yrs),4.3,8.2,6.25,2026-02-27,9,Indeed
JOB-104620,Tableau Developer,BI Analyst,Cognizant,IT Services,Pune,Maharashtra,Tier 1,On-Site,4,7,Senior (6-9 yrs),5.5,10.4,7.95,2026-01-29,9,LinkedIn
JOB-104621,Database Administrator & SQL Dev,SQL Developer,Zomato,Tech / Consumer,Bengaluru,Karnataka,Tier 1,On-Site,5,9,Senior (6-9 yrs),6.7,12.5,9.6,2025-11-11,10,LinkedIn
JOB-104622,Cloud Data Engineer,Data Engineer,Amazon,Product / Tech,Hyderabad,Telangana,Tier 1,On-Site,5,8,Senior (6-9 yrs),10.9,20.5,15.7,2025-10-24,8,LinkedIn
JOB-104623,ETL Developer,Data Engineer,KPMG,Consulting,Bengaluru,Karnataka,Tier 1,On-Site,3,7,Senior (6-9 yrs),8.6,16.2,12.4,2026-01-08,10,Naukri.com
JOB-104624,Junior Data Analyst,Data Analyst,Standard Chartered,Banking,Mumbai,Maharashtra,Tier 1,Remote,1,4,Mid-Level (3-5 yrs),3.8,7.1,5.45,2025-10-13,10,Naukri.com
JOB-104625,Junior Data Engineer,Data Engineer,CRED,Fintech,Mumbai,Maharashtra,Tier 1,On-Site,10,15,Lead / Principal (10+ yrs),28.5,49.9,39.2,2025-11-25,10,LinkedIn
JOB-104626,Senior Python Developer,Python Developer,Deloitte,Consulting,Bengaluru,Karnataka,Tier 1,On-Site,0,1,Entry / Junior (0-2 yrs),2.9,5.8,4.35,2025-10-22,10,LinkedIn
JOB-104627,Senior T-SQL Developer,SQL Developer,KPMG,Consulting,Hyderabad,Telangana,Tier 1,Remote,2,4,Mid-Level (3-5 yrs),3.7,7.0,5.35,2026-01-01,8,Naukri.com
JOB-104628,Lead Data Analyst,Data Analyst,Flipkart,E-Commerce,Pune,Maharashtra,Tier 1,Hybrid,1,4,Mid-Level (3-5 yrs),4.4,8.4,6.4,2026-01-14,13,LinkedIn
JOB-104629,Senior Python Developer,Python Developer,KPMG,Consulting,Gurgaon,Haryana,Tier 1,Remote,3,6,Senior (6-9 yrs),7.3,13.8,10.55,2025-10-12,11,Naukri.com
JOB-104630,Junior Data Analyst,Data Analyst,Capgemini,IT Services,Pune,Maharashtra,Tier 1,On-Site,0,1,Entry / Junior (0-2 yrs),,,,2025-09-24,10,LinkedIn
JOB-104631,Senior Python Developer,Python Developer,Accenture,Consulting / IT,Bengaluru,Karnataka,Tier 1,Hybrid,5,9,Senior (6-9 yrs),12.4,21.5,16.95,2025-12-07,10,LinkedIn
JOB-104632,Big Data Engineer,Data Engineer,Mu Sigma,Pureplay Analytics,Bengaluru,Karnataka,Tier 1,Hybrid,7,10,Lead / Principal (10+ yrs),,,,2025-09-10,12,LinkedIn
JOB-104633,Analytics Engineer,Data Engineer,PwC,Consulting,Hyderabad,Telangana,Tier 1,Hybrid,1,3,Mid-Level (3-5 yrs),,,,2026-01-17,7,Naukri.com
JOB-104634,Power BI Developer,BI Analyst,Infosys,IT Services,Pune,Maharashtra,Tier 1,Hybrid,2,4,Mid-Level (3-5 yrs),3.1,6.0,4.55,2025-12-11,11,Indeed
JOB-104635,PL/SQL Developer,SQL Developer,PwC,Consulting,Hyderabad,Telangana,Tier 1,On-Site,2,5,Mid-Level (3-5 yrs),3.7,7.1,5.4,2026-02-04,10,LinkedIn
JOB-104636,Senior T-SQL Developer,SQL Developer,LTIMindtree,IT Services,Hyderabad,Telangana,Tier 1,Hybrid,7,11,Lead / Principal (10+ yrs),,,,2025-12-10,8,Indeed
JOB-104637,Data Analyst,Data Analyst,HCL Technologies,IT Services,Bengaluru,Karnataka,Tier 1,Hybrid,9,13,Lead / Principal (10+ yrs),13.9,24.4,19.15,2025-10-07,8,LinkedIn
JOB-104638,Power BI Developer,BI Analyst,Morgan Stanley,Banking / Finance,Bengaluru,Karnataka,Tier 1,On-Site,0,1,Entry / Junior (0-2 yrs),3.1,6.3,4.7,2025-12-15,10,LinkedIn
JOB-104639,Senior Data Analyst,Data Analyst,Deloitte,Consulting,Pune,Maharashtra,Tier 1,On-Site,0,1,Entry / Junior (0-2 yrs),2.5,5.1,3.8,2025-11-08,8,LinkedIn
JOB-104640,Power BI Developer,BI Analyst,Mu Sigma,Pureplay Analytics,Bengaluru,Karnataka,Tier 1,Hybrid,5,9,Senior (6-9 yrs),6.0,11.2,8.6,2026-02-26,9,LinkedIn
JOB-104641,Marketing Data Analyst,Data Analyst,Capgemini,IT Services,Pune,Maharashtra,Tier 1,On-Site,1,4,Mid-Level (3-5 yrs),3.1,5.9,4.5,2026-02-04,8,LinkedIn
JOB-104642,Cloud Data Engineer,Data Engineer,Tata Consultancy Services,IT Services,Gurgaon,Haryana,Tier 1,Hybrid,1,3,Mid-Level (3-5 yrs),3.7,7.1,5.4,2025-10-04,12,Naukri.com
JOB-104643,PL/SQL Developer,SQL Developer,Morgan Stanley,Banking / Finance,Bengaluru,Karnataka,Tier 1,Hybrid,3,6,Senior (6-9 yrs),7.5,14.1,10.8,2026-01-18,12,Naukri.com
JOB-104644,BI Developer,BI Analyst,Microsoft,Product / Tech,Hyderabad,Telangana,Tier 1,On-Site,5,7,Senior (6-9 yrs),8.8,16.6,12.7,2025-11-03,10,LinkedIn
JOB-104645,Lead Data Analyst,Data Analyst,Uber,Tech,Hyderabad,Telangana,Tier 1,Hybrid,3,7,Senior (6-9 yrs),7.7,14.4,11.05,2026-02-19,10,LinkedIn
JOB-104646,Data Analyst,Data Analyst,HSBC,Banking,Bengaluru,Karnataka,Tier 1,On-Site,2,4,Mid-Level (3-5 yrs),3.9,7.4,5.65,2026-01-12,9,LinkedIn
JOB-104647,Associate Analyst - Data,Data Analyst,Mu Sigma,Pureplay Analytics,Bengaluru,Karnataka,Tier 1,On-Site,5,8,Senior (6-9 yrs),9.8,16.9,13.35,2025-10-30,11,LinkedIn
JOB-104648,Python Backend & Analytics Engineer,Python Developer,LTIMindtree,IT Services,Pune,Maharashtra,Tier 1,On-Site,2,5,Mid-Level (3-5 yrs),3.6,6.8,5.2,2025-10-01,7,Company Careers Portal
JOB-104649,Cloud Data Engineer,Data Engineer,Morgan Stanley,Banking / Finance,Mumbai,Maharashtra,Tier 1,On-Site,2,4,Mid-Level (3-5 yrs),6.1,11.5,8.8,2025-11-12,7,LinkedIn
JOB-104650,Python Backend & Analytics Engineer,Python Developer,Wipro,IT Services,Gurgaon,Haryana,Tier 1,On-Site,2,4,Mid-Level (3-5 yrs),3.2,6.0,4.6,2026-02-15,11,LinkedIn
JOB-104651,BI Developer,BI Analyst,Mu Sigma,Pureplay Analytics,Pune,Maharashtra,Tier 1,Hybrid,5,9,Senior (6-9 yrs),10.5,18.3,14.4,2026-02-22,12,Naukri.com
JOB-104652,Operations Analyst,Data Analyst,Paytm,Fintech,Pune,Maharashtra,Tier 1,On-Site,0,2,Entry / Junior (0-2 yrs),2.4,4.9,3.65,2026-02-04,10,LinkedIn
JOB-104653,Cloud Data Engineer,Data Engineer,Swiggy,Tech / Consumer,Pune,Maharashtra,Tier 1,On-Site,1,3,Mid-Level (3-5 yrs),5.5,10.5,8.0,2025-09-30,11,LinkedIn
JOB-104654,Senior BI Consultant,BI Analyst,Zomato,Tech / Consumer,Bengaluru,Karnataka,Tier 1,On-Site,7,10,Lead / Principal (10+ yrs),,,,2025-10-05,11,LinkedIn
JOB-104655,Operations Analyst,Data Analyst,McKinsey & Company,Strategy Consulting,Gurgaon,Haryana,Tier 1,Hybrid,5,9,Senior (6-9 yrs),,,,2025-10-31,13,LinkedIn
JOB-104656,Lead Data Analyst,Data Analyst,Capgemini,IT Services,Pune,Maharashtra,Tier 1,Hybrid,6,10,Lead / Principal (10+ yrs),9.3,16.1,12.7,2025-11-18,8,Naukri.com
JOB-104657,Database Administrator & SQL Dev,SQL Developer,Amazon,Product / Tech,Bengaluru,Karnataka,Tier 1,Hybrid,2,5,Mid-Level (3-5 yrs),4.7,8.8,6.75,2025-11-14,9,LinkedIn
JOB-104658,Lead Data Analyst,Data Analyst,ICICI Bank,Banking,Bengaluru,Karnataka,Tier 1,On-Site,4,6,Senior (6-9 yrs),5.5,10.4,7.95,2025-10-07,6,LinkedIn
JOB-104659,Financial Data Analyst,Data Analyst,JPMorgan Chase,Banking / Finance,Hyderabad,Telangana,Tier 1,On-Site,5,8,Senior (6-9 yrs),7.5,14.1,10.8,2026-02-25,12,LinkedIn
JOB-104660,Business Intelligence Analyst,BI Analyst,ICICI Bank,Banking,Mumbai,Maharashtra,Tier 1,On-Site,5,8,Senior (6-9 yrs),6.0,11.2,8.6,2025-09-23,12,LinkedIn
JOB-104661,Associate Analyst - Data,Data Analyst,Wipro,IT Services,Mumbai,Maharashtra,Tier 1,Hybrid,4,7,Senior (6-9 yrs),4.7,8.8,6.75,2025-11-11,9,LinkedIn
JOB-104662,Junior Python Engineer,Python Developer,PwC,Consulting,Hyderabad,Telangana,Tier 1,Hybrid,5,7,Senior (6-9 yrs),7.4,14.0,10.7,2025-09-24,7,Naukri.com
JOB-104663,Associate Analyst - Data,Data Analyst,Deloitte,Consulting,Pune,Maharashtra,Tier 1,On-Site,2,4,Mid-Level (3-5 yrs),3.9,7.4,5.65,2025-12-08,7,Naukri.com
JOB-104664,Python Data Programmer,Python Developer,Tata Consultancy Services,IT Services,Bengaluru,Karnataka,Tier 1,Hybrid,3,7,Senior (6-9 yrs),5.4,10.1,7.75,2025-11-18,11,LinkedIn
JOB-104665,Analytics Engineer,Data Engineer,Tiger Analytics,Pureplay Analytics,Chennai,Tamil Nadu,Tier 1,Hybrid,4,8,Senior (6-9 yrs),9.2,17.3,13.25,2026-02-13,12,LinkedIn
JOB-104666,Python Developer,Python Developer,Razorpay,Fintech,Mumbai,Maharashtra,Tier 1,Hybrid,4,8,Senior (6-9 yrs),8.3,15.6,11.95,2025-09-24,13,LinkedIn
JOB-104667,Data Analyst,Data Analyst,Zomato,Tech / Consumer,Bengaluru,Karnataka,Tier 1,Hybrid,7,10,Lead / Principal (10+ yrs),12.0,20.8,16.4,2026-02-05,7,Naukri.com
JOB-104668,Junior Data Analyst,Data Analyst,Google,Product / Tech,Bengaluru,Karnataka,Tier 1,Hybrid,4,8,Senior (6-9 yrs),,,,2025-09-03,9,LinkedIn
JOB-104669,ETL Developer,Data Engineer,EY,Consulting,Pune,Maharashtra,Tier 1,On-Site,0,2,Entry / Junior (0-2 yrs),3.2,6.6,4.9,2025-10-21,10,LinkedIn
JOB-104670,Analytics Engineer,Data Engineer,HSBC,Banking,Bengaluru,Karnataka,Tier 1,Hybrid,6,9,Senior (6-9 yrs),15.8,27.4,21.6,2026-01-14,10,LinkedIn
JOB-104671,Python Developer,Python Developer,Standard Chartered,Banking,Pune,Maharashtra,Tier 1,Hybrid,5,8,Senior (6-9 yrs),,,,2025-12-08,8,LinkedIn
JOB-104672,Lead Data Analyst,Data Analyst,PhonePe,Fintech,Gurgaon,Haryana,Tier 1,Hybrid,7,10,Lead / Principal (10+ yrs),12.9,22.4,17.65,2025-11-30,11,Company Careers Portal
JOB-104673,Associate Analyst - Data,Data Analyst,Barclays,Banking,Hyderabad,Telangana,Tier 1,On-Site,4,7,Senior (6-9 yrs),6.8,12.8,9.8,2025-12-28,8,LinkedIn
JOB-104674,Associate Analyst - Data,Data Analyst,LTIMindtree,IT Services,Pune,Maharashtra,Tier 1,Hybrid,0,2,Entry / Junior (0-2 yrs),2.0,4.0,3.0,2026-01-10,8,LinkedIn
JOB-104675,Operations Analyst,Data Analyst,Swiggy,Tech / Consumer,Pune,Maharashtra,Tier 1,Hybrid,4,8,Senior (6-9 yrs),7.0,13.1,10.05,2026-02-23,10,LinkedIn
JOB-104676,Database Administrator & SQL Dev,SQL Developer,Tiger Analytics,Pureplay Analytics,Bengaluru,Karnataka,Tier 1,Hybrid,5,8,Senior (6-9 yrs),6.7,12.5,9.6,2026-01-06,13,Naukri.com
JOB-104677,Tableau Developer,BI Analyst,Razorpay,Fintech,Hyderabad,Telangana,Tier 1,Remote,3,5,Mid-Level (3-5 yrs),7.8,14.7,11.25,2025-09-08,11,Naukri.com
JOB-104678,Tableau Developer,BI Analyst,Amazon,Product / Tech,Bengaluru,Karnataka,Tier 1,Hybrid,3,5,Mid-Level (3-5 yrs),8.7,16.4,12.55,2026-01-12,11,Naukri.com
JOB-104679,Senior T-SQL Developer,SQL Developer,Google,Product / Tech,Bengaluru,Karnataka,Tier 1,On-Site,6,10,Lead / Principal (10+ yrs),14.4,25.0,19.7,2025-11-06,13,LinkedIn
JOB-104680,Reporting Analyst,BI Analyst,Barclays,Banking,Mumbai,Maharashtra,Tier 1,On-Site,3,6,Senior (6-9 yrs),7.3,13.8,10.55,2026-02-11,12,LinkedIn
JOB-104681,SQL Developer,SQL Developer,Amazon,Product / Tech,Bengaluru,Karnataka,Tier 1,On-Site,0,1,Entry / Junior (0-2 yrs),,,,2026-01-30,12,LinkedIn
JOB-104682,Tableau Developer,BI Analyst,Morgan Stanley,Banking / Finance,Bengaluru,Karnataka,Tier 1,On-Site,1,4,Mid-Level (3-5 yrs),,,,2025-09-06,9,Indeed
JOB-104683,Data Engineer,Data Engineer,Mu Sigma,Pureplay Analytics,Pune,Maharashtra,Tier 1,On-Site,9,13,Lead / Principal (10+ yrs),,,,2025-12-12,9,Company Careers Portal
JOB-104684,ETL Developer,Data Engineer,HCL Technologies,IT Services,Mumbai,Maharashtra,Tier 1,Hybrid,3,5,Mid-Level (3-5 yrs),6.7,12.5,9.6,2025-12-29,9,Naukri.com
JOB-104685,Senior BI Consultant,BI Analyst,Wipro,IT Services,Bengaluru,Karnataka,Tier 1,Hybrid,1,4,Mid-Level (3-5 yrs),3.0,5.6,4.3,2026-01-19,9,Naukri.com
JOB-104686,Data Analyst,Data Analyst,Capgemini,IT Services,Bengaluru,Karnataka,Tier 1,On-Site,5,9,Senior (6-9 yrs),5.3,9.9,7.6,2025-12-01,9,Indeed
JOB-104687,Cloud Data Engineer,Data Engineer,JPMorgan Chase,Banking / Finance,Gurgaon,Haryana,Tier 1,Hybrid,2,5,Mid-Level (3-5 yrs),5.9,11.3,8.6,2025-09-10,8,Company Careers Portal
JOB-104688,Operations Analyst,Data Analyst,Cognizant,IT Services,Bengaluru,Karnataka,Tier 1,On-Site,0,2,Entry / Junior (0-2 yrs),1.9,3.9,2.9,2026-02-10,11,LinkedIn
JOB-104689,Senior Data Analyst,Data Analyst,PwC,Consulting,Pune,Maharashtra,Tier 1,Hybrid,1,4,Mid-Level (3-5 yrs),3.8,7.2,5.5,2026-01-19,9,Indeed
JOB-104690,Associate Analyst - Data,Data Analyst,McKinsey & Company,Strategy Consulting,Bengaluru,Karnataka,Tier 1,Hybrid,5,7,Senior (6-9 yrs),,,,2025-10-09,7,Naukri.com
JOB-104691,Data Analyst,Data Analyst,Uber,Tech,Bengaluru,Karnataka,Tier 1,Hybrid,5,9,Senior (6-9 yrs),13.5,23.4,18.45,2026-02-09,9,Naukri.com
JOB-104692,Junior Python Engineer,Python Developer,LTIMindtree,IT Services,Bengaluru,Karnataka,Tier 1,On-Site,0,1,Entry / Junior (0-2 yrs),,,,2025-12-03,12,Naukri.com
JOB-104693,ETL Developer,Data Engineer,Goldman Sachs,Banking / Finance,Hyderabad,Telangana,Tier 1,Remote,5,9,Senior (6-9 yrs),,,,2025-12-13,13,Indeed
JOB-104694,Healthcare Data Analyst,Data Analyst,Barclays,Banking,Hyderabad,Telangana,Tier 1,On-Site,5,8,Senior (6-9 yrs),12.0,20.8,16.4,2026-02-09,8,Naukri.com
JOB-104695,Junior Data Engineer,Data Engineer,PhonePe,Fintech,Hyderabad,Telangana,Tier 1,Hybrid,5,8,Senior (6-9 yrs),9.9,18.6,14.25,2025-09-13,9,LinkedIn
JOB-104696,Business Intelligence Analyst,BI Analyst,HDFC Bank,Banking,Hyderabad,Telangana,Tier 1,Hybrid,0,2,Entry / Junior (0-2 yrs),2.4,4.8,3.6,2025-12-14,9,LinkedIn
JOB-104697,Junior Data Engineer,Data Engineer,Zomato,Tech / Consumer,Mumbai,Maharashtra,Tier 1,On-Site,5,8,Senior (6-9 yrs),9.2,17.3,13.25,2026-01-14,12,LinkedIn
JOB-104698,Tableau Developer,BI Analyst,JPMorgan Chase,Banking / Finance,Bengaluru,Karnataka,Tier 1,On-Site,3,5,Mid-Level (3-5 yrs),8.1,15.2,11.65,2025-10-31,10,Naukri.com
JOB-104699,Senior T-SQL Developer,SQL Developer,HSBC,Banking,Hyderabad,Telangana,Tier 1,Hybrid,5,8,Senior (6-9 yrs),11.5,19.9,15.7,2025-09-15,10,Indeed
JOB-104700,Python Data Programmer,Python Developer,Meesho,E-Commerce,Gurgaon,Haryana,Tier 1,On-Site,4,7,Senior (6-9 yrs),7.8,14.7,11.25,2026-01-31,11,Indeed
JOB-104701,Python Backend & Analytics Engineer,Python Developer,Accenture,Consulting / IT,Gurgaon,Haryana,Tier 1,On-Site,5,9,Senior (6-9 yrs),7.0,13.2,10.1,2025-09-25,10,Naukri.com
JOB-104702,Big Data Engineer,Data Engineer,CRED,Fintech,Bengaluru,Karnataka,Tier 1,On-Site,0,2,Entry / Junior (0-2 yrs),3.8,7.7,5.75,2025-10-18,13,Naukri.com
JOB-104703,Senior T-SQL Developer,SQL Developer,Tata Consultancy Services,IT Services,Mumbai,Maharashtra,Tier 1,Hybrid,5,7,Senior (6-9 yrs),4.6,8.6,6.6,2025-09-28,9,Naukri.com
JOB-104704,Junior Data Engineer,Data Engineer,Flipkart,E-Commerce,Bengaluru,Karnataka,Tier 1,Hybrid,1,3,Mid-Level (3-5 yrs),5.9,11.3,8.6,2025-11-22,11,Company Careers Portal
JOB-104705,Senior Data Engineer,Data Engineer,Swiggy,Tech / Consumer,Chennai,Tamil Nadu,Tier 1,Hybrid,2,5,Mid-Level (3-5 yrs),5.5,10.5,8.0,2026-02-28,12,Naukri.com
JOB-104706,Python Data Programmer,Python Developer,EY,Consulting,Bengaluru,Karnataka,Tier 1,Hybrid,5,9,Senior (6-9 yrs),7.3,13.8,10.55,2025-10-08,9,LinkedIn
JOB-104707,Business Intelligence Analyst,BI Analyst,HCL Technologies,IT Services,Bengaluru,Karnataka,Tier 1,On-Site,2,5,Mid-Level (3-5 yrs),3.1,6.0,4.55,2026-01-08,8,LinkedIn
JOB-104708,Financial Data Analyst,Data Analyst,Microsoft,Product / Tech,Pune,Maharashtra,Tier 1,Remote,8,13,Lead / Principal (10+ yrs),23.0,40.3,31.65,2025-09-05,10,Naukri.com
JOB-104709,BI & Analytics Specialist,BI Analyst,Microsoft,Product / Tech,Bengaluru,Karnataka,Tier 1,Hybrid,0,2,Entry / Junior (0-2 yrs),3.3,6.7,5.0,2026-02-15,11,Indeed
JOB-104710,Senior BI Consultant,BI Analyst,EY,Consulting,Pune,Maharashtra,Tier 1,On-Site,1,4,Mid-Level (3-5 yrs),4.1,7.7,5.9,2025-09-28,10,Naukri.com
JOB-104711,Healthcare Data Analyst,Data Analyst,KPMG,Consulting,Pune,Maharashtra,Tier 1,Hybrid,9,14,Lead / Principal (10+ yrs),18.0,31.5,24.75,2025-09-20,8,Indeed
JOB-104712,Associate Analyst - Data,Data Analyst,Razorpay,Fintech,Noida,Uttar Pradesh,Tier 1,Hybrid,8,12,Lead / Principal (10+ yrs),20.4,35.7,28.05,2025-12-07,10,Naukri.com
JOB-104713,SQL Developer,SQL Developer,Barclays,Banking,Gurgaon,Haryana,Tier 1,Hybrid,0,2,Entry / Junior (0-2 yrs),2.5,5.1,3.8,2025-12-15,13,Naukri.com
JOB-104714,Healthcare Data Analyst,Data Analyst,Capgemini,IT Services,Bengaluru,Karnataka,Tier 1,On-Site,6,9,Senior (6-9 yrs),,,,2025-10-26,10,Naukri.com
JOB-104715,Power BI Developer,BI Analyst,Microsoft,Product / Tech,Hyderabad,Telangana,Tier 1,Hybrid,6,9,Senior (6-9 yrs),15.6,27.0,21.3,2025-11-26,9,Naukri.com
JOB-104716,Junior Python Engineer,Python Developer,PwC,Consulting,Mumbai,Maharashtra,Tier 1,Hybrid,4,7,Senior (6-9 yrs),7.4,14.0,10.7,2025-11-19,11,LinkedIn
JOB-104717,Associate Analyst - Data,Data Analyst,Amazon,Product / Tech,Noida,Uttar Pradesh,Tier 1,On-Site,5,7,Senior (6-9 yrs),,,,2026-01-05,10,Naukri.com
JOB-104718,Junior Data Analyst,Data Analyst,CRED,Fintech,Bengaluru,Karnataka,Tier 1,On-Site,3,7,Senior (6-9 yrs),,,,2025-11-16,6,Indeed
JOB-104719,Business Intelligence Analyst,BI Analyst,HCL Technologies,IT Services,Chennai,Tamil Nadu,Tier 1,Hybrid,0,2,Entry / Junior (0-2 yrs),,,,2026-01-06,12,Indeed
JOB-104720,Python Data Programmer,Python Developer,Deloitte,Consulting,Chennai,Tamil Nadu,Tier 1,Hybrid,5,7,Senior (6-9 yrs),,,,2025-11-01,7,Naukri.com
JOB-104721,Marketing Data Analyst,Data Analyst,LTIMindtree,IT Services,Noida,Uttar Pradesh,Tier 1,On-Site,0,2,Entry / Junior (0-2 yrs),2.0,4.0,3.0,2025-09-28,12,LinkedIn
JOB-104722,Python Developer,Python Developer,HCL Technologies,IT Services,Hyderabad,Telangana,Tier 1,On-Site,5,8,Senior (6-9 yrs),5.7,10.7,8.2,2026-02-02,10,LinkedIn
JOB-104723,Senior T-SQL Developer,SQL Developer,Infosys,IT Services,Bengaluru,Karnataka,Tier 1,Hybrid,1,3,Mid-Level (3-5 yrs),2.8,5.4,4.1,2026-02-20,8,LinkedIn
JOB-104724,BI & Analytics Specialist,BI Analyst,PhonePe,Fintech,Pune,Maharashtra,Tier 1,Hybrid,1,4,Mid-Level (3-5 yrs),4.6,8.8,6.7,2025-10-03,9,Company Careers Portal
JOB-104725,Python Backend & Analytics Engineer,Python Developer,Accenture,Consulting / IT,Pune,Maharashtra,Tier 1,On-Site,0,2,Entry / Junior (0-2 yrs),2.6,5.4,4.0,2025-11-16,14,LinkedIn
JOB-104726,Big Data Engineer,Data Engineer,Mu Sigma,Pureplay Analytics,Chennai,Tamil Nadu,Tier 1,On-Site,2,4,Mid-Level (3-5 yrs),,,,2026-02-28,9,Naukri.com
JOB-104727,Senior Data Analyst,Data Analyst,Amazon,Product / Tech,Hyderabad,Telangana,Tier 1,On-Site,5,9,Senior (6-9 yrs),14.2,24.7,19.45,2026-01-26,10,Naukri.com
JOB-104728,Financial Data Analyst,Data Analyst,Wipro,IT Services,Hyderabad,Telangana,Tier 1,Hybrid,2,4,Mid-Level (3-5 yrs),,,,2025-10-11,10,LinkedIn
JOB-104729,Operations Analyst,Data Analyst,Accenture,Consulting / IT,Hyderabad,Telangana,Tier 1,On-Site,3,7,Senior (6-9 yrs),6.1,11.5,8.8,2025-11-03,9,LinkedIn
JOB-104730,ETL Developer,Data Engineer,CRED,Fintech,Bengaluru,Karnataka,Tier 1,On-Site,4,8,Senior (6-9 yrs),10.1,19.0,14.55,2025-10-26,14,Naukri.com
JOB-104731,Senior Data Analyst,Data Analyst,PwC,Consulting,Mumbai,Maharashtra,Tier 1,On-Site,0,2,Entry / Junior (0-2 yrs),2.4,4.9,3.65,2025-12-24,9,LinkedIn
JOB-104732,Cloud Data Engineer,Data Engineer,JPMorgan Chase,Banking / Finance,Bengaluru,Karnataka,Tier 1,On-Site,0,2,Entry / Junior (0-2 yrs),,,,2025-09-20,11,Indeed
JOB-104733,Associate Analyst - Data,Data Analyst,JPMorgan Chase,Banking / Finance,Bengaluru,Karnataka,Tier 1,Hybrid,0,1,Entry / Junior (0-2 yrs),2.8,5.7,4.25,2025-09-19,8,LinkedIn
JOB-104734,Senior BI Consultant,BI Analyst,HDFC Bank,Banking,Mumbai,Maharashtra,Tier 1,Remote,3,6,Senior (6-9 yrs),,,,2025-11-24,8,LinkedIn
JOB-104735,Business Intelligence Analyst,BI Analyst,McKinsey & Company,Strategy Consulting,Hyderabad,Telangana,Tier 1,Remote,1,3,Mid-Level (3-5 yrs),5.1,9.7,7.4,2025-10-17,13,LinkedIn
JOB-104736,Reporting Analyst,BI Analyst,Deloitte,Consulting,Pune,Maharashtra,Tier 1,Hybrid,1,4,Mid-Level (3-5 yrs),4.2,8.0,6.1,2026-01-29,11,Indeed
JOB-104737,Business Intelligence Analyst,BI Analyst,Deloitte,Consulting,Bengaluru,Karnataka,Tier 1,Hybrid,5,7,Senior (6-9 yrs),,,,2026-02-28,11,LinkedIn
JOB-104738,Database Administrator & SQL Dev,SQL Developer,McKinsey & Company,Strategy Consulting,Hyderabad,Telangana,Tier 1,Hybrid,0,1,Entry / Junior (0-2 yrs),,,,2025-11-05,11,LinkedIn
JOB-104739,Financial Data Analyst,Data Analyst,HSBC,Banking,Bengaluru,Karnataka,Tier 1,Hybrid,0,1,Entry / Junior (0-2 yrs),2.5,5.1,3.8,2025-11-17,10,Company Careers Portal
JOB-104740,Data Engineer,Data Engineer,Tata Consultancy Services,IT Services,Bengaluru,Karnataka,Tier 1,On-Site,2,5,Mid-Level (3-5 yrs),3.7,7.1,5.4,2025-09-27,11,Naukri.com
JOB-104741,Financial Data Analyst,Data Analyst,Tata Consultancy Services,IT Services,Hyderabad,Telangana,Tier 1,Hybrid,2,5,Mid-Level (3-5 yrs),2.8,5.2,4.0,2026-02-25,10,LinkedIn
JOB-104742,Junior Python Engineer,Python Developer,Wipro,IT Services,Hyderabad,Telangana,Tier 1,On-Site,5,9,Senior (6-9 yrs),5.4,10.1,7.75,2026-01-31,9,Naukri.com
JOB-104743,Lead Data Analyst,Data Analyst,CRED,Fintech,Gurgaon,Haryana,Tier 1,On-Site,1,4,Mid-Level (3-5 yrs),4.4,8.4,6.4,2026-01-27,6,Company Careers Portal
JOB-104744,Power BI Developer,BI Analyst,HSBC,Banking,Gurgaon,Haryana,Tier 1,On-Site,3,6,Senior (6-9 yrs),7.2,13.5,10.35,2025-12-13,8,Company Careers Portal
JOB-104745,Senior BI Consultant,BI Analyst,Standard Chartered,Banking,Pune,Maharashtra,Tier 1,On-Site,3,5,Mid-Level (3-5 yrs),6.9,13.0,9.95,2026-02-14,8,LinkedIn
JOB-104746,Junior Python Engineer,Python Developer,HSBC,Banking,Bengaluru,Karnataka,Tier 1,On-Site,10,14,Lead / Principal (10+ yrs),21.5,37.7,29.6,2025-12-10,8,LinkedIn
JOB-104747,Financial Data Analyst,Data Analyst,Paytm,Fintech,Bengaluru,Karnataka,Tier 1,Hybrid,3,7,Senior (6-9 yrs),6.4,12.0,9.2,2026-02-17,11,Indeed
JOB-104748,Senior Data Analyst,Data Analyst,Google,Product / Tech,Gurgaon,Haryana,Tier 1,Hybrid,2,5,Mid-Level (3-5 yrs),4.9,9.3,7.1,2025-10-25,9,LinkedIn
JOB-104749,Senior Python Developer,Python Developer,LTIMindtree,IT Services,Mumbai,Maharashtra,Tier 1,Remote,3,7,Senior (6-9 yrs),6.1,11.4,8.75,2025-11-04,11,Naukri.com
JOB-104750,Lead Data Analyst,Data Analyst,ICICI Bank,Banking,Gurgaon,Haryana,Tier 1,On-Site,2,5,Mid-Level (3-5 yrs),3.2,6.2,4.7,2025-12-20,10,LinkedIn
JOB-104751,Python Backend & Analytics Engineer,Python Developer,Meesho,E-Commerce,Mumbai,Maharashtra,Tier 1,On-Site,3,5,Mid-Level (3-5 yrs),7.8,14.7,11.25,2025-10-28,10,Naukri.com
JOB-104752,Senior T-SQL Developer,SQL Developer,Barclays,Banking,Bengaluru,Karnataka,Tier 1,Hybrid,5,8,Senior (6-9 yrs),11.8,20.4,16.1,2026-01-28,12,LinkedIn
JOB-104753,Tableau Developer,BI Analyst,Razorpay,Fintech,Noida,Uttar Pradesh,Tier 1,On-Site,2,5,Mid-Level (3-5 yrs),4.6,8.7,6.65,2026-01-11,13,LinkedIn
JOB-104754,Senior Data Engineer,Data Engineer,Barclays,Banking,Bengaluru,Karnataka,Tier 1,On-Site,4,8,Senior (6-9 yrs),9.2,17.3,13.25,2026-02-28,8,LinkedIn
JOB-104755,BI Developer,BI Analyst,PwC,Consulting,Bengaluru,Karnataka,Tier 1,On-Site,4,6,Senior (6-9 yrs),7.0,13.1,10.05,2025-11-25,11,LinkedIn
JOB-104756,Healthcare Data Analyst,Data Analyst,Fractal Analytics,Pureplay Analytics,Chennai,Tamil Nadu,Tier 1,On-Site,0,1,Entry / Junior (0-2 yrs),2.6,5.3,3.95,2025-10-13,8,Naukri.com
JOB-104757,Data Analyst,Data Analyst,Tata Consultancy Services,IT Services,Bengaluru,Karnataka,Tier 1,On-Site,5,8,Senior (6-9 yrs),4.7,8.8,6.75,2025-12-27,9,LinkedIn
JOB-104758,Reporting Analyst,BI Analyst,Deloitte,Consulting,Mumbai,Maharashtra,Tier 1,Hybrid,1,3,Mid-Level (3-5 yrs),4.2,8.0,6.1,2025-11-04,11,LinkedIn
JOB-104759,Cloud Data Engineer,Data Engineer,Deloitte,Consulting,Bengaluru,Karnataka,Tier 1,Hybrid,5,9,Senior (6-9 yrs),9.0,16.8,12.9,2025-10-07,10,LinkedIn
JOB-104760,Senior T-SQL Developer,SQL Developer,HSBC,Banking,Noida,Uttar Pradesh,Tier 1,On-Site,5,8,Senior (6-9 yrs),6.5,12.2,9.35,2026-02-24,12,LinkedIn
JOB-104761,Operations Analyst,Data Analyst,Tiger Analytics,Pureplay Analytics,Mumbai,Maharashtra,Tier 1,Hybrid,3,5,Mid-Level (3-5 yrs),6.8,12.8,9.8,2025-12-15,10,Naukri.com
JOB-104762,Power BI Developer,BI Analyst,Tata Consultancy Services,IT Services,Bengaluru,Karnataka,Tier 1,Remote,0,2,Entry / Junior (0-2 yrs),1.9,3.9,2.9,2025-12-26,11,LinkedIn
JOB-104763,ETL Developer,Data Engineer,McKinsey & Company,Strategy Consulting,Bengaluru,Karnataka,Tier 1,On-Site,3,6,Senior (6-9 yrs),10.9,20.5,15.7,2025-10-31,9,LinkedIn
JOB-104764,Python Backend & Analytics Engineer,Python Developer,Deloitte,Consulting,Hyderabad,Telangana,Tier 1,Remote,3,5,Mid-Level (3-5 yrs),,,,2025-09-22,9,LinkedIn
JOB-104765,PL/SQL Developer,SQL Developer,HCL Technologies,IT Services,Bengaluru,Karnataka,Tier 1,On-Site,4,6,Senior (6-9 yrs),,,,2025-12-24,9,LinkedIn
JOB-104766,BI & Analytics Specialist,BI Analyst,Mu Sigma,Pureplay Analytics,Bengaluru,Karnataka,Tier 1,Hybrid,0,2,Entry / Junior (0-2 yrs),2.2,4.6,3.4,2025-10-22,10,LinkedIn
JOB-104767,Senior Data Analyst,Data Analyst,Paytm,Fintech,Bengaluru,Karnataka,Tier 1,Hybrid,0,1,Entry / Junior (0-2 yrs),2.4,4.9,3.65,2026-02-05,8,LinkedIn
JOB-104768,Database Developer (SQL),SQL Developer,Fractal Analytics,Pureplay Analytics,Bengaluru,Karnataka,Tier 1,Hybrid,0,1,Entry / Junior (0-2 yrs),2.6,5.2,3.9,2025-10-19,12,Indeed
JOB-104769,Senior Data Engineer,Data Engineer,Paytm,Fintech,Bengaluru,Karnataka,Tier 1,On-Site,8,12,Lead / Principal (10+ yrs),24.3,42.5,33.4,2025-10-23,9,Naukri.com
JOB-104770,Database Developer (SQL),SQL Developer,Deloitte,Consulting,Bengaluru,Karnataka,Tier 1,Hybrid,0,1,Entry / Junior (0-2 yrs),2.4,5.0,3.7,2025-11-19,9,LinkedIn
JOB-104771,Analytics Engineer,Data Engineer,Flipkart,E-Commerce,Pune,Maharashtra,Tier 1,Hybrid,0,1,Entry / Junior (0-2 yrs),3.8,7.7,5.75,2026-01-29,9,Naukri.com
JOB-104772,Junior Data Engineer,Data Engineer,Mu Sigma,Pureplay Analytics,Bengaluru,Karnataka,Tier 1,On-Site,3,5,Mid-Level (3-5 yrs),7.5,14.0,10.75,2025-09-28,11,Indeed
JOB-104773,Data Analyst,Data Analyst,HCL Technologies,IT Services,Bengaluru,Karnataka,Tier 1,Hybrid,0,1,Entry / Junior (0-2 yrs),1.9,3.8,2.85,2025-09-12,10,Naukri.com
JOB-104774,Senior T-SQL Developer,SQL Developer,Fractal Analytics,Pureplay Analytics,Hyderabad,Telangana,Tier 1,On-Site,5,8,Senior (6-9 yrs),6.8,12.9,9.85,2025-12-30,10,Naukri.com
JOB-104775,Junior Data Analyst,Data Analyst,KPMG,Consulting,Bengaluru,Karnataka,Tier 1,Hybrid,3,5,Mid-Level (3-5 yrs),6.4,12.0,9.2,2025-12-04,11,Naukri.com
JOB-104776,Cloud Data Engineer,Data Engineer,LTIMindtree,IT Services,Chennai,Tamil Nadu,Tier 1,Hybrid,1,3,Mid-Level (3-5 yrs),,,,2026-01-17,11,Indeed
JOB-104777,ETL Developer,Data Engineer,Google,Product / Tech,Hyderabad,Telangana,Tier 1,On-Site,4,7,Senior (6-9 yrs),11.2,21.2,16.2,2025-12-12,8,Naukri.com
JOB-104778,Marketing Data Analyst,Data Analyst,Razorpay,Fintech,Bengaluru,Karnataka,Tier 1,On-Site,5,9,Senior (6-9 yrs),12.8,22.1,17.45,2025-09-16,9,LinkedIn
JOB-104779,Senior BI Consultant,BI Analyst,HSBC,Banking,Bengaluru,Karnataka,Tier 1,On-Site,6,9,Senior (6-9 yrs),12.6,21.9,17.25,2025-09-28,10,LinkedIn
JOB-104780,Associate Analyst - Data,Data Analyst,Mu Sigma,Pureplay Analytics,Hyderabad,Telangana,Tier 1,Hybrid,7,10,Lead / Principal (10+ yrs),9.8,16.9,13.35,2026-01-11,9,LinkedIn
JOB-104781,Senior Python Developer,Python Developer,Fractal Analytics,Pureplay Analytics,Pune,Maharashtra,Tier 1,On-Site,1,3,Mid-Level (3-5 yrs),,,,2025-09-24,9,LinkedIn
JOB-104782,Junior Python Engineer,Python Developer,Microsoft,Product / Tech,Pune,Maharashtra,Tier 1,Hybrid,0,1,Entry / Junior (0-2 yrs),3.5,7.2,5.35,2026-01-23,13,Naukri.com
JOB-104783,Operations Analyst,Data Analyst,Microsoft,Product / Tech,Bengaluru,Karnataka,Tier 1,Hybrid,5,9,Senior (6-9 yrs),8.2,15.4,11.8,2025-10-22,10,LinkedIn
JOB-104784,ETL Developer,Data Engineer,HCL Technologies,IT Services,Bengaluru,Karnataka,Tier 1,Hybrid,2,4,Mid-Level (3-5 yrs),3.9,7.4,5.65,2025-09-07,12,Naukri.com
JOB-104785,Senior Data Engineer,Data Engineer,Flipkart,E-Commerce,Hyderabad,Telangana,Tier 1,On-Site,1,3,Mid-Level (3-5 yrs),5.9,11.3,8.6,2026-02-06,11,Company Careers Portal
JOB-104786,Python Backend & Analytics Engineer,Python Developer,Paytm,Fintech,Mumbai,Maharashtra,Tier 1,Hybrid,3,7,Senior (6-9 yrs),,,,2026-02-09,11,Indeed
JOB-104787,Marketing Data Analyst,Data Analyst,Meesho,E-Commerce,Bengaluru,Karnataka,Tier 1,On-Site,5,8,Senior (6-9 yrs),6.8,12.8,9.8,2025-12-29,7,LinkedIn
JOB-104788,Junior Python Engineer,Python Developer,Standard Chartered,Banking,Bengaluru,Karnataka,Tier 1,On-Site,2,4,Mid-Level (3-5 yrs),,,,2025-12-22,12,Naukri.com
JOB-104789,Senior T-SQL Developer,SQL Developer,Google,Product / Tech,Bengaluru,Karnataka,Tier 1,Hybrid,1,4,Mid-Level (3-5 yrs),4.8,9.1,6.95,2026-01-14,12,LinkedIn
JOB-104790,Database Developer (SQL),SQL Developer,Standard Chartered,Banking,Hyderabad,Telangana,Tier 1,Hybrid,0,1,Entry / Junior (0-2 yrs),2.4,4.8,3.6,2025-10-05,11,Naukri.com
JOB-104791,Senior T-SQL Developer,SQL Developer,ICICI Bank,Banking,Mumbai,Maharashtra,Tier 1,On-Site,1,3,Mid-Level (3-5 yrs),3.2,6.1,4.65,2025-10-12,12,LinkedIn
JOB-104792,Cloud Data Engineer,Data Engineer,Zomato,Tech / Consumer,Mumbai,Maharashtra,Tier 1,On-Site,1,3,Mid-Level (3-5 yrs),5.4,10.3,7.85,2025-12-16,10,LinkedIn
JOB-104793,PL/SQL Developer,SQL Developer,HSBC,Banking,Bengaluru,Karnataka,Tier 1,On-Site,6,10,Lead / Principal (10+ yrs),,,,2025-09-01,11,Indeed
JOB-104794,Senior T-SQL Developer,SQL Developer,Infosys,IT Services,Bengaluru,Karnataka,Tier 1,Hybrid,5,8,Senior (6-9 yrs),8.5,14.8,11.65,2026-01-22,11,Indeed
JOB-104795,Database Administrator & SQL Dev,SQL Developer,McKinsey & Company,Strategy Consulting,Pune,Maharashtra,Tier 1,Hybrid,7,11,Lead / Principal (10+ yrs),14.0,24.2,19.1,2025-10-26,10,LinkedIn
JOB-104796,Senior T-SQL Developer,SQL Developer,EY,Consulting,Mumbai,Maharashtra,Tier 1,On-Site,5,9,Senior (6-9 yrs),11.0,19.1,15.05,2026-01-09,14,Indeed
JOB-104797,Python Data Programmer,Python Developer,Standard Chartered,Banking,Bengaluru,Karnataka,Tier 1,Hybrid,7,11,Lead / Principal (10+ yrs),12.9,22.4,17.65,2025-09-05,12,Naukri.com
JOB-104798,Big Data Engineer,Data Engineer,Goldman Sachs,Banking / Finance,Hyderabad,Telangana,Tier 1,On-Site,0,1,Entry / Junior (0-2 yrs),4.0,8.1,6.05,2026-01-25,12,LinkedIn
JOB-104799,Senior Data Engineer,Data Engineer,HDFC Bank,Banking,Mumbai,Maharashtra,Tier 1,On-Site,0,2,Entry / Junior (0-2 yrs),2.9,6.0,4.45,2025-10-25,10,Indeed
JOB-104800,Business Intelligence Analyst,BI Analyst,Zomato,Tech / Consumer,Remote,All India,Remote,Remote,2,5,Mid-Level (3-5 yrs),4.3,8.2,6.25,2025-10-08,12,Naukri.com
JOB-104801,Data Engineer,Data Engineer,HDFC Bank,Banking,Bengaluru,Karnataka,Tier 1,On-Site,1,4,Mid-Level (3-5 yrs),4.6,8.7,6.65,2025-11-05,10,Naukri.com
JOB-104802,Marketing Data Analyst,Data Analyst,PwC,Consulting,Bengaluru,Karnataka,Tier 1,On-Site,3,7,Senior (6-9 yrs),6.5,12.2,9.35,2026-02-28,9,Naukri.com
JOB-104803,Power BI Developer,BI Analyst,Razorpay,Fintech,Pune,Maharashtra,Tier 1,Hybrid,8,12,Lead / Principal (10+ yrs),22.0,38.6,30.3,2025-12-12,10,Naukri.com
JOB-104804,SQL Developer,SQL Developer,Goldman Sachs,Banking / Finance,Bengaluru,Karnataka,Tier 1,On-Site,5,8,Senior (6-9 yrs),13.5,23.4,18.45,2025-12-21,11,Naukri.com
JOB-104805,Operations Analyst,Data Analyst,Barclays,Banking,Bengaluru,Karnataka,Tier 1,Hybrid,3,5,Mid-Level (3-5 yrs),6.8,12.8,9.8,2026-02-02,12,LinkedIn
JOB-104806,Business Intelligence Analyst,BI Analyst,EY,Consulting,Bengaluru,Karnataka,Tier 1,Hybrid,2,5,Mid-Level (3-5 yrs),4.1,7.7,5.9,2026-02-05,6,Company Careers Portal
JOB-104807,Senior Data Engineer,Data Engineer,Mu Sigma,Pureplay Analytics,Pune,Maharashtra,Tier 1,Remote,0,1,Entry / Junior (0-2 yrs),2.8,5.7,4.25,2025-12-06,12,LinkedIn
JOB-104808,Database Administrator & SQL Dev,SQL Developer,HSBC,Banking,Gurgaon,Haryana,Tier 1,Hybrid,7,11,Lead / Principal (10+ yrs),11.5,19.9,15.7,2025-09-07,11,Company Careers Portal
JOB-104809,Reporting Analyst,BI Analyst,Flipkart,E-Commerce,Gurgaon,Haryana,Tier 1,Hybrid,2,4,Mid-Level (3-5 yrs),4.8,9.0,6.9,2026-02-21,10,Company Careers Portal
JOB-104810,Big Data Engineer,Data Engineer,McKinsey & Company,Strategy Consulting,Pune,Maharashtra,Tier 1,Hybrid,0,1,Entry / Junior (0-2 yrs),4.1,8.3,6.2,2025-11-27,9,Naukri.com
JOB-104811,Financial Data Analyst,Data Analyst,Microsoft,Product / Tech,Bengaluru,Karnataka,Tier 1,Hybrid,4,6,Senior (6-9 yrs),,,,2025-10-22,7,LinkedIn
JOB-104812,Database Administrator & SQL Dev,SQL Developer,Mu Sigma,Pureplay Analytics,Pune,Maharashtra,Tier 1,On-Site,5,9,Senior (6-9 yrs),5.4,10.2,7.8,2025-12-16,10,LinkedIn
JOB-104813,Marketing Data Analyst,Data Analyst,Tata Consultancy Services,IT Services,Hyderabad,Telangana,Tier 1,Remote,5,8,Senior (6-9 yrs),,,,2025-11-23,10,LinkedIn
JOB-104814,Senior T-SQL Developer,SQL Developer,Amazon,Product / Tech,Bengaluru,Karnataka,Tier 1,On-Site,9,14,Lead / Principal (10+ yrs),,,,2026-02-25,10,Naukri.com
JOB-104815,Business Intelligence Analyst,BI Analyst,Flipkart,E-Commerce,Bengaluru,Karnataka,Tier 1,On-Site,4,8,Senior (6-9 yrs),8.1,15.2,11.65,2025-10-15,10,LinkedIn
JOB-104816,BI & Analytics Specialist,BI Analyst,Tata Consultancy Services,IT Services,Bengaluru,Karnataka,Tier 1,Hybrid,4,6,Senior (6-9 yrs),5.0,9.5,7.25,2026-02-28,8,Naukri.com
JOB-104817,Junior Data Engineer,Data Engineer,Morgan Stanley,Banking / Finance,Bengaluru,Karnataka,Tier 1,On-Site,2,5,Mid-Level (3-5 yrs),6.1,11.5,8.8,2025-12-17,8,LinkedIn
JOB-104818,Senior Python Developer,Python Developer,McKinsey & Company,Strategy Consulting,Bengaluru,Karnataka,Tier 1,On-Site,0,1,Entry / Junior (0-2 yrs),3.5,7.1,5.3,2025-12-07,11,Company Careers Portal
JOB-104819,Power BI Developer,BI Analyst,JPMorgan Chase,Banking / Finance,Bengaluru,Karnataka,Tier 1,On-Site,1,3,Mid-Level (3-5 yrs),4.8,9.0,6.9,2026-01-14,11,LinkedIn
JOB-104820,Data Engineer,Data Engineer,Meesho,E-Commerce,Bengaluru,Karnataka,Tier 1,Hybrid,4,6,Senior (6-9 yrs),9.2,17.3,13.25,2025-11-07,8,Naukri.com
JOB-104821,BI Developer,BI Analyst,Cognizant,IT Services,Hyderabad,Telangana,Tier 1,Hybrid,2,5,Mid-Level (3-5 yrs),,,,2025-11-30,9,Naukri.com
JOB-104822,Junior Data Analyst,Data Analyst,PwC,Consulting,Gurgaon,Haryana,Tier 1,On-Site,5,9,Senior (6-9 yrs),11.4,19.8,15.6,2026-01-07,10,LinkedIn
JOB-104823,BI & Analytics Specialist,BI Analyst,PwC,Consulting,Hyderabad,Telangana,Tier 1,Remote,1,4,Mid-Level (3-5 yrs),4.1,7.8,5.95,2025-11-01,11,LinkedIn
JOB-104824,Junior Data Engineer,Data Engineer,JPMorgan Chase,Banking / Finance,Remote,All India,Remote,Remote,0,2,Entry / Junior (0-2 yrs),3.8,7.7,5.75,2026-02-01,10,Naukri.com
JOB-104825,Senior T-SQL Developer,SQL Developer,ICICI Bank,Banking,Bengaluru,Karnataka,Tier 1,Hybrid,5,8,Senior (6-9 yrs),5.4,10.2,7.8,2026-02-13,9,Indeed
JOB-104826,Python Data Programmer,Python Developer,Tiger Analytics,Pureplay Analytics,Hyderabad,Telangana,Tier 1,On-Site,0,2,Entry / Junior (0-2 yrs),2.9,6.0,4.45,2025-10-11,10,LinkedIn
JOB-104827,BI Developer,BI Analyst,Fractal Analytics,Pureplay Analytics,Bengaluru,Karnataka,Tier 1,On-Site,5,8,Senior (6-9 yrs),7.5,14.2,10.85,2025-10-11,8,LinkedIn
JOB-104828,Associate Analyst - Data,Data Analyst,Swiggy,Tech / Consumer,Hyderabad,Telangana,Tier 1,On-Site,0,1,Entry / Junior (0-2 yrs),2.6,5.3,3.95,2025-11-01,7,Indeed
JOB-104829,Junior Data Engineer,Data Engineer,Amazon,Product / Tech,Mumbai,Maharashtra,Tier 1,On-Site,4,8,Senior (6-9 yrs),,,,2025-10-05,11,Indeed
JOB-104830,Reporting Analyst,BI Analyst,Razorpay,Fintech,Mumbai,Maharashtra,Tier 1,Hybrid,0,1,Entry / Junior (0-2 yrs),2.9,6.0,4.45,2025-12-17,7,Naukri.com
JOB-104831,Python Data Programmer,Python Developer,HSBC,Banking,Bengaluru,Karnataka,Tier 1,Hybrid,3,6,Senior (6-9 yrs),7.6,14.4,11.0,2025-10-29,6,Naukri.com
JOB-104832,Database Developer (SQL),SQL Developer,McKinsey & Company,Strategy Consulting,Hyderabad,Telangana,Tier 1,On-Site,9,13,Lead / Principal (10+ yrs),,,,2026-01-12,9,Indeed
JOB-104833,Data Analyst,Data Analyst,Barclays,Banking,Pune,Maharashtra,Tier 1,On-Site,7,11,Lead / Principal (10+ yrs),12.0,20.8,16.4,2025-11-22,11,LinkedIn
JOB-104834,Senior Data Engineer,Data Engineer,HCL Technologies,IT Services,Pune,Maharashtra,Tier 1,Hybrid,0,2,Entry / Junior (0-2 yrs),2.5,5.1,3.8,2026-01-20,10,LinkedIn
JOB-104835,Lead Data Analyst,Data Analyst,KPMG,Consulting,Bengaluru,Karnataka,Tier 1,Hybrid,6,9,Senior (6-9 yrs),,,,2025-11-23,12,Naukri.com
JOB-104836,Tableau Developer,BI Analyst,KPMG,Consulting,Bengaluru,Karnataka,Tier 1,Remote,8,12,Lead / Principal (10+ yrs),19.4,34.0,26.7,2025-12-28,10,LinkedIn
JOB-104837,Data Engineer,Data Engineer,JPMorgan Chase,Banking / Finance,Bengaluru,Karnataka,Tier 1,Hybrid,0,2,Entry / Junior (0-2 yrs),3.8,7.7,5.75,2025-09-02,9,Naukri.com
JOB-104838,Marketing Data Analyst,Data Analyst,Capgemini,IT Services,Pune,Maharashtra,Tier 1,Hybrid,10,15,Lead / Principal (10+ yrs),14.9,26.0,20.45,2026-02-25,9,Naukri.com
JOB-104839,Business Intelligence Analyst,BI Analyst,PwC,Consulting,Hyderabad,Telangana,Tier 1,On-Site,7,11,Lead / Principal (10+ yrs),12.3,21.3,16.8,2025-12-05,10,LinkedIn
JOB-104840,Database Developer (SQL),SQL Developer,Tiger Analytics,Pureplay Analytics,Hyderabad,Telangana,Tier 1,Hybrid,2,5,Mid-Level (3-5 yrs),3.9,7.4,5.65,2025-10-22,13,Naukri.com
JOB-104841,Tableau Developer,BI Analyst,Barclays,Banking,Noida,Uttar Pradesh,Tier 1,Hybrid,2,4,Mid-Level (3-5 yrs),4.3,8.2,6.25,2025-11-17,9,Naukri.com
JOB-104842,Healthcare Data Analyst,Data Analyst,Goldman Sachs,Banking / Finance,Bengaluru,Karnataka,Tier 1,On-Site,2,4,Mid-Level (3-5 yrs),4.6,8.7,6.65,2026-02-21,6,Naukri.com
JOB-104843,Big Data Engineer,Data Engineer,Morgan Stanley,Banking / Finance,Bengaluru,Karnataka,Tier 1,On-Site,0,2,Entry / Junior (0-2 yrs),,,,2026-01-09,12,Naukri.com
JOB-104844,Python Developer,Python Developer,Standard Chartered,Banking,Hyderabad,Telangana,Tier 1,On-Site,4,6,Senior (6-9 yrs),7.3,13.8,10.55,2026-02-13,10,Company Careers Portal
JOB-104845,Python Data Programmer,Python Developer,Capgemini,IT Services,Hyderabad,Telangana,Tier 1,On-Site,3,7,Senior (6-9 yrs),6.1,11.4,8.75,2025-11-18,10,LinkedIn
JOB-104846,BI Developer,BI Analyst,Tata Consultancy Services,IT Services,Pune,Maharashtra,Tier 1,Hybrid,5,9,Senior (6-9 yrs),5.0,9.5,7.25,2025-10-02,11,LinkedIn
JOB-104847,Healthcare Data Analyst,Data Analyst,Google,Product / Tech,Bengaluru,Karnataka,Tier 1,On-Site,5,7,Senior (6-9 yrs),,,,2025-10-31,9,Company Careers Portal
JOB-104848,Junior Python Engineer,Python Developer,Infosys,IT Services,Noida,Uttar Pradesh,Tier 1,On-Site,5,7,Senior (6-9 yrs),5.7,10.7,8.2,2025-12-24,7,LinkedIn
JOB-104849,Junior Data Analyst,Data Analyst,Amazon,Product / Tech,Bengaluru,Karnataka,Tier 1,Remote,3,7,Senior (6-9 yrs),,,,2025-11-06,8,LinkedIn
JOB-104850,Lead Data Analyst,Data Analyst,Mu Sigma,Pureplay Analytics,Pune,Maharashtra,Tier 1,On-Site,5,8,Senior (6-9 yrs),,,,2025-11-23,6,Company Careers Portal
JOB-104851,Database Developer (SQL),SQL Developer,ICICI Bank,Banking,Mumbai,Maharashtra,Tier 1,Hybrid,4,8,Senior (6-9 yrs),5.4,10.2,7.8,2025-10-12,9,Naukri.com
JOB-104852,PL/SQL Developer,SQL Developer,McKinsey & Company,Strategy Consulting,Chennai,Tamil Nadu,Tier 1,Remote,5,7,Senior (6-9 yrs),7.9,14.9,11.4,2025-11-18,12,Naukri.com
JOB-104853,BI & Analytics Specialist,BI Analyst,PhonePe,Fintech,Bengaluru,Karnataka,Tier 1,Remote,0,2,Entry / Junior (0-2 yrs),3.0,6.0,4.5,2025-09-09,10,LinkedIn
JOB-104854,Python Backend & Analytics Engineer,Python Developer,McKinsey & Company,Strategy Consulting,Gurgaon,Haryana,Tier 1,Hybrid,0,2,Entry / Junior (0-2 yrs),3.5,7.1,5.3,2025-10-24,8,LinkedIn
JOB-104855,Data Analyst,Data Analyst,Accenture,Consulting / IT,Bengaluru,Karnataka,Tier 1,On-Site,0,1,Entry / Junior (0-2 yrs),2.3,4.7,3.5,2025-12-18,9,Naukri.com
JOB-104856,BI Developer,BI Analyst,CRED,Fintech,Gurgaon,Haryana,Tier 1,Hybrid,7,11,Lead / Principal (10+ yrs),14.3,24.7,19.5,2026-01-14,10,Naukri.com
JOB-104857,SQL Developer,SQL Developer,JPMorgan Chase,Banking / Finance,Bengaluru,Karnataka,Tier 1,Remote,2,5,Mid-Level (3-5 yrs),4.3,8.2,6.25,2025-11-16,12,LinkedIn
JOB-104858,Reporting Analyst,BI Analyst,Meesho,E-Commerce,Mumbai,Maharashtra,Tier 1,Hybrid,2,4,Mid-Level (3-5 yrs),4.3,8.2,6.25,2026-02-22,10,LinkedIn
JOB-104859,Senior T-SQL Developer,SQL Developer,Infosys,IT Services,Pune,Maharashtra,Tier 1,Hybrid,2,5,Mid-Level (3-5 yrs),2.8,5.4,4.1,2025-09-04,12,Naukri.com
JOB-104860,Business Intelligence Analyst,BI Analyst,Microsoft,Product / Tech,Pune,Maharashtra,Tier 1,Remote,5,9,Senior (6-9 yrs),,,,2026-01-29,9,LinkedIn
JOB-104861,PL/SQL Developer,SQL Developer,PhonePe,Fintech,Bengaluru,Karnataka,Tier 1,On-Site,5,8,Senior (6-9 yrs),7.2,13.5,10.35,2025-09-12,12,LinkedIn
JOB-104862,Database Developer (SQL),SQL Developer,CRED,Fintech,Bengaluru,Karnataka,Tier 1,Remote,0,2,Entry / Junior (0-2 yrs),2.8,5.6,4.2,2025-09-16,10,Naukri.com
JOB-104863,Healthcare Data Analyst,Data Analyst,Fractal Analytics,Pureplay Analytics,Hyderabad,Telangana,Tier 1,On-Site,4,8,Senior (6-9 yrs),7.0,13.1,10.05,2025-09-08,8,LinkedIn
JOB-104864,SQL Developer,SQL Developer,HSBC,Banking,Bengaluru,Karnataka,Tier 1,On-Site,7,10,Lead / Principal (10+ yrs),11.5,19.9,15.7,2026-01-21,10,Naukri.com
JOB-104865,Analytics Engineer,Data Engineer,EY,Consulting,Gurgaon,Haryana,Tier 1,Hybrid,3,6,Senior (6-9 yrs),,,,2025-09-14,9,Naukri.com
JOB-104866,Senior Data Analyst,Data Analyst,LTIMindtree,IT Services,Noida,Uttar Pradesh,Tier 1,Hybrid,3,5,Mid-Level (3-5 yrs),5.3,9.9,7.6,2025-09-06,9,LinkedIn
JOB-104867,Reporting Analyst,BI Analyst,Standard Chartered,Banking,Bengaluru,Karnataka,Tier 1,Hybrid,0,1,Entry / Junior (0-2 yrs),,,,2026-02-01,11,Naukri.com
JOB-104868,BI Developer,BI Analyst,ICICI Bank,Banking,Hyderabad,Telangana,Tier 1,On-Site,0,2,Entry / Junior (0-2 yrs),2.2,4.6,3.4,2025-09-25,8,LinkedIn
JOB-104869,Junior Python Engineer,Python Developer,LTIMindtree,IT Services,Bengaluru,Karnataka,Tier 1,Hybrid,0,2,Entry / Junior (0-2 yrs),2.3,4.6,3.45,2025-09-05,11,LinkedIn
JOB-104870,Tableau Developer,BI Analyst,PwC,Consulting,Hyderabad,Telangana,Tier 1,On-Site,5,7,Senior (6-9 yrs),7.0,13.1,10.05,2026-01-03,12,Naukri.com
JOB-104871,Database Administrator & SQL Dev,SQL Developer,Microsoft,Product / Tech,Hyderabad,Telangana,Tier 1,Hybrid,6,10,Lead / Principal (10+ yrs),,,,2026-02-22,12,LinkedIn
JOB-104872,Database Developer (SQL),SQL Developer,LTIMindtree,IT Services,Hyderabad,Telangana,Tier 1,Hybrid,1,3,Mid-Level (3-5 yrs),3.0,5.8,4.4,2025-10-07,12,Naukri.com
JOB-104873,Lead Data Analyst,Data Analyst,Fractal Analytics,Pureplay Analytics,Hyderabad,Telangana,Tier 1,Hybrid,1,3,Mid-Level (3-5 yrs),4.1,7.8,5.95,2025-12-21,8,LinkedIn
JOB-104874,Database Administrator & SQL Dev,SQL Developer,Tata Consultancy Services,IT Services,Mumbai,Maharashtra,Tier 1,On-Site,5,7,Senior (6-9 yrs),4.6,8.6,6.6,2025-10-30,10,Indeed
JOB-104875,Python Data Programmer,Python Developer,Zomato,Tech / Consumer,Gurgaon,Haryana,Tier 1,On-Site,2,5,Mid-Level (3-5 yrs),4.6,8.7,6.65,2025-09-11,11,Naukri.com
JOB-104876,PL/SQL Developer,SQL Developer,Google,Product / Tech,Bengaluru,Karnataka,Tier 1,Hybrid,5,9,Senior (6-9 yrs),8.2,15.4,11.8,2026-02-18,10,Naukri.com
JOB-104877,Junior Data Engineer,Data Engineer,Razorpay,Fintech,Noida,Uttar Pradesh,Tier 1,Hybrid,5,7,Senior (6-9 yrs),9.8,18.4,14.1,2026-02-21,11,LinkedIn
JOB-104878,Marketing Data Analyst,Data Analyst,Wipro,IT Services,Bengaluru,Karnataka,Tier 1,On-Site,5,9,Senior (6-9 yrs),4.7,8.8,6.75,2025-12-17,6,Naukri.com
JOB-104879,Power BI Developer,BI Analyst,Uber,Tech,Hyderabad,Telangana,Tier 1,Hybrid,5,8,Senior (6-9 yrs),14.6,25.3,19.95,2026-01-25,13,Naukri.com
JOB-104880,SQL Developer,SQL Developer,PhonePe,Fintech,Bengaluru,Karnataka,Tier 1,Remote,1,4,Mid-Level (3-5 yrs),,,,2026-02-19,11,LinkedIn
JOB-104881,Database Administrator & SQL Dev,SQL Developer,HSBC,Banking,Hyderabad,Telangana,Tier 1,On-Site,4,6,Senior (6-9 yrs),6.5,12.2,9.35,2025-10-31,11,LinkedIn
JOB-104882,Database Developer (SQL),SQL Developer,KPMG,Consulting,Gurgaon,Haryana,Tier 1,Hybrid,2,4,Mid-Level (3-5 yrs),3.7,7.0,5.35,2026-02-10,8,LinkedIn
JOB-104883,Marketing Data Analyst,Data Analyst,PhonePe,Fintech,Pune,Maharashtra,Tier 1,Hybrid,3,6,Senior (6-9 yrs),,,,2025-09-13,7,LinkedIn
JOB-104884,Healthcare Data Analyst,Data Analyst,JPMorgan Chase,Banking / Finance,Mumbai,Maharashtra,Tier 1,Hybrid,0,1,Entry / Junior (0-2 yrs),2.8,5.7,4.25,2026-02-10,10,LinkedIn
JOB-104885,Marketing Data Analyst,Data Analyst,Standard Chartered,Banking,Gurgaon,Haryana,Tier 1,Hybrid,4,7,Senior (6-9 yrs),6.4,12.0,9.2,2025-10-23,9,LinkedIn
JOB-104886,Reporting Analyst,BI Analyst,EY,Consulting,Hyderabad,Telangana,Tier 1,On-Site,9,14,Lead / Principal (10+ yrs),19.4,34.0,26.7,2025-11-24,10,LinkedIn
JOB-104887,Lead Data Analyst,Data Analyst,Deloitte,Consulting,Remote,All India,Remote,Remote,4,6,Senior (6-9 yrs),,,,2026-01-30,7,Naukri.com
JOB-104888,Power BI Developer,BI Analyst,Tata Consultancy Services,IT Services,Hyderabad,Telangana,Tier 1,On-Site,1,4,Mid-Level (3-5 yrs),3.0,5.6,4.3,2025-12-12,13,Company Careers Portal
JOB-104889,Operations Analyst,Data Analyst,Microsoft,Product / Tech,Gurgaon,Haryana,Tier 1,Hybrid,5,7,Senior (6-9 yrs),8.2,15.4,11.8,2025-12-26,11,LinkedIn
JOB-104890,Senior T-SQL Developer,SQL Developer,Capgemini,IT Services,Gurgaon,Haryana,Tier 1,Hybrid,9,13,Lead / Principal (10+ yrs),14.6,25.5,20.05,2026-02-02,10,LinkedIn
JOB-104891,PL/SQL Developer,SQL Developer,Wipro,IT Services,Bengaluru,Karnataka,Tier 1,Hybrid,4,8,Senior (6-9 yrs),4.6,8.6,6.6,2025-12-27,12,Naukri.com
JOB-104892,Senior BI Consultant,BI Analyst,Paytm,Fintech,Bengaluru,Karnataka,Tier 1,Hybrid,6,9,Senior (6-9 yrs),12.2,21.1,16.65,2026-01-23,11,Naukri.com
JOB-104893,Python Developer,Python Developer,JPMorgan Chase,Banking / Finance,Chennai,Tamil Nadu,Tier 1,On-Site,0,1,Entry / Junior (0-2 yrs),3.2,6.6,4.9,2025-09-14,12,LinkedIn
JOB-104894,Financial Data Analyst,Data Analyst,HCL Technologies,IT Services,Gurgaon,Haryana,Tier 1,Remote,0,2,Entry / Junior (0-2 yrs),1.9,3.8,2.85,2026-01-02,11,LinkedIn
JOB-104895,Marketing Data Analyst,Data Analyst,PwC,Consulting,Pune,Maharashtra,Tier 1,Hybrid,0,1,Entry / Junior (0-2 yrs),2.4,4.9,3.65,2026-02-21,11,Naukri.com
JOB-104896,Senior BI Consultant,BI Analyst,HDFC Bank,Banking,Hyderabad,Telangana,Tier 1,Remote,2,4,Mid-Level (3-5 yrs),3.7,7.0,5.35,2025-09-24,8,LinkedIn
JOB-104897,BI Developer,BI Analyst,Tiger Analytics,Pureplay Analytics,Hyderabad,Telangana,Tier 1,Hybrid,8,12,Lead / Principal (10+ yrs),20.7,36.3,28.5,2025-12-02,11,LinkedIn
JOB-104898,Healthcare Data Analyst,Data Analyst,Flipkart,E-Commerce,Gurgaon,Haryana,Tier 1,Hybrid,6,10,Lead / Principal (10+ yrs),,,,2025-11-12,11,Naukri.com
JOB-104899,Financial Data Analyst,Data Analyst,KPMG,Consulting,Hyderabad,Telangana,Tier 1,On-Site,2,4,Mid-Level (3-5 yrs),3.8,7.1,5.45,2025-09-18,11,LinkedIn
JOB-104900,Tableau Developer,BI Analyst,Tiger Analytics,Pureplay Analytics,Hyderabad,Telangana,Tier 1,On-Site,4,6,Senior (6-9 yrs),7.3,13.8,10.55,2026-01-12,11,Indeed
JOB-104901,BI Developer,BI Analyst,Standard Chartered,Banking,Pune,Maharashtra,Tier 1,Hybrid,0,2,Entry / Junior (0-2 yrs),2.6,5.3,3.95,2025-09-05,9,Indeed
JOB-104902,Senior Data Engineer,Data Engineer,Deloitte,Consulting,Noida,Uttar Pradesh,Tier 1,Hybrid,5,9,Senior (6-9 yrs),,,,2025-10-31,8,LinkedIn
JOB-104903,Cloud Data Engineer,Data Engineer,EY,Consulting,Bengaluru,Karnataka,Tier 1,Hybrid,2,4,Mid-Level (3-5 yrs),5.1,9.6,7.35,2025-09-23,7,Indeed
JOB-104904,Analytics Engineer,Data Engineer,Fractal Analytics,Pureplay Analytics,Remote,All India,Remote,Remote,5,9,Senior (6-9 yrs),,,,2025-12-23,6,LinkedIn
JOB-104905,Database Developer (SQL),SQL Developer,Tiger Analytics,Pureplay Analytics,Pune,Maharashtra,Tier 1,Hybrid,5,8,Senior (6-9 yrs),11.8,20.4,16.1,2025-10-09,8,Naukri.com
JOB-104906,Data Analyst,Data Analyst,Swiggy,Tech / Consumer,Mumbai,Maharashtra,Tier 1,Hybrid,0,1,Entry / Junior (0-2 yrs),2.6,5.3,3.95,2025-12-29,10,Naukri.com
JOB-104907,Marketing Data Analyst,Data Analyst,Meesho,E-Commerce,Hyderabad,Telangana,Tier 1,On-Site,2,5,Mid-Level (3-5 yrs),,,,2026-01-07,13,Company Careers Portal
JOB-104908,Senior Python Developer,Python Developer,Microsoft,Product / Tech,Bengaluru,Karnataka,Tier 1,Hybrid,3,7,Senior (6-9 yrs),9.4,17.7,13.55,2025-10-04,9,Naukri.com
JOB-104909,Senior BI Consultant,BI Analyst,EY,Consulting,Hyderabad,Telangana,Tier 1,Hybrid,3,7,Senior (6-9 yrs),6.9,13.0,9.95,2025-09-26,11,Naukri.com
JOB-104910,Junior Python Engineer,Python Developer,PwC,Consulting,Mumbai,Maharashtra,Tier 1,Remote,5,8,Senior (6-9 yrs),7.4,14.0,10.7,2025-10-06,11,Naukri.com
JOB-104911,ETL Developer,Data Engineer,Goldman Sachs,Banking / Finance,Bengaluru,Karnataka,Tier 1,Hybrid,4,8,Senior (6-9 yrs),10.6,19.9,15.25,2025-11-24,8,Indeed
JOB-104912,Senior BI Consultant,BI Analyst,HSBC,Banking,Hyderabad,Telangana,Tier 1,On-Site,5,7,Senior (6-9 yrs),7.2,13.5,10.35,2025-12-15,9,LinkedIn
JOB-104913,Senior T-SQL Developer,SQL Developer,Capgemini,IT Services,Bengaluru,Karnataka,Tier 1,Hybrid,1,3,Mid-Level (3-5 yrs),3.0,5.8,4.4,2025-11-17,12,Indeed
JOB-104914,Data Engineer,Data Engineer,Google,Product / Tech,Bengaluru,Karnataka,Tier 1,On-Site,5,9,Senior (6-9 yrs),11.2,21.2,16.2,2025-12-17,10,Naukri.com
JOB-104915,Junior Python Engineer,Python Developer,Capgemini,IT Services,Hyderabad,Telangana,Tier 1,Hybrid,2,5,Mid-Level (3-5 yrs),3.6,6.8,5.2,2026-01-30,9,LinkedIn
JOB-104916,Lead Data Analyst,Data Analyst,Amazon,Product / Tech,Bengaluru,Karnataka,Tier 1,On-Site,0,1,Entry / Junior (0-2 yrs),,,,2025-11-01,9,LinkedIn
JOB-104917,SQL Developer,SQL Developer,ICICI Bank,Banking,Hyderabad,Telangana,Tier 1,On-Site,4,6,Senior (6-9 yrs),5.4,10.2,7.8,2025-12-14,9,LinkedIn
JOB-104918,Database Developer (SQL),SQL Developer,Deloitte,Consulting,Hyderabad,Telangana,Tier 1,Hybrid,0,1,Entry / Junior (0-2 yrs),2.4,5.0,3.7,2026-01-18,11,Naukri.com
JOB-104919,Python Developer,Python Developer,Cognizant,IT Services,Bengaluru,Karnataka,Tier 1,On-Site,7,10,Lead / Principal (10+ yrs),,,,2025-10-02,10,Naukri.com
JOB-104920,Data Analyst,Data Analyst,ICICI Bank,Banking,Bengaluru,Karnataka,Tier 1,On-Site,6,10,Lead / Principal (10+ yrs),9.8,16.9,13.35,2026-02-20,12,Indeed
JOB-104921,Lead Data Analyst,Data Analyst,Google,Product / Tech,Chennai,Tamil Nadu,Tier 1,Hybrid,3,5,Mid-Level (3-5 yrs),8.3,15.7,12.0,2026-02-20,8,Indeed
JOB-104922,Reporting Analyst,BI Analyst,McKinsey & Company,Strategy Consulting,Bengaluru,Karnataka,Tier 1,On-Site,5,9,Senior (6-9 yrs),15.4,26.7,21.05,2025-09-09,8,Naukri.com
JOB-104923,Senior Python Developer,Python Developer,Capgemini,IT Services,Hyderabad,Telangana,Tier 1,Hybrid,6,9,Senior (6-9 yrs),10.7,18.5,14.6,2025-10-28,10,LinkedIn
JOB-104924,SQL Developer,SQL Developer,Razorpay,Fintech,Hyderabad,Telangana,Tier 1,Remote,5,9,Senior (6-9 yrs),7.1,13.3,10.2,2025-11-12,8,LinkedIn
JOB-104925,Senior Data Analyst,Data Analyst,PwC,Consulting,Hyderabad,Telangana,Tier 1,On-Site,4,7,Senior (6-9 yrs),6.5,12.2,9.35,2026-02-14,9,Indeed
JOB-104926,Data Analyst,Data Analyst,Fractal Analytics,Pureplay Analytics,Hyderabad,Telangana,Tier 1,On-Site,1,3,Mid-Level (3-5 yrs),,,,2025-10-13,11,LinkedIn
JOB-104927,Cloud Data Engineer,Data Engineer,Google,Product / Tech,Hyderabad,Telangana,Tier 1,Hybrid,2,4,Mid-Level (3-5 yrs),6.6,12.6,9.6,2025-11-21,9,LinkedIn
JOB-104928,Cloud Data Engineer,Data Engineer,Zomato,Tech / Consumer,Bengaluru,Karnataka,Tier 1,On-Site,1,4,Mid-Level (3-5 yrs),,,,2025-11-17,12,LinkedIn
JOB-104929,ETL Developer,Data Engineer,Morgan Stanley,Banking / Finance,Mumbai,Maharashtra,Tier 1,Remote,4,6,Senior (6-9 yrs),10.3,19.4,14.85,2025-10-29,12,Naukri.com
JOB-104930,Senior Data Engineer,Data Engineer,KPMG,Consulting,Bengaluru,Karnataka,Tier 1,Hybrid,3,5,Mid-Level (3-5 yrs),8.6,16.2,12.4,2025-11-21,9,Indeed
JOB-104931,Business Intelligence Analyst,BI Analyst,Razorpay,Fintech,Pune,Maharashtra,Tier 1,Remote,10,14,Lead / Principal (10+ yrs),22.0,38.6,30.3,2026-02-13,12,Naukri.com
JOB-104932,Junior Data Analyst,Data Analyst,Microsoft,Product / Tech,Bengaluru,Karnataka,Tier 1,Hybrid,3,6,Senior (6-9 yrs),,,,2026-02-06,9,LinkedIn
JOB-104933,Senior Data Analyst,Data Analyst,HSBC,Banking,Bengaluru,Karnataka,Tier 1,Hybrid,2,4,Mid-Level (3-5 yrs),3.9,7.4,5.65,2026-01-29,11,LinkedIn
JOB-104934,Operations Analyst,Data Analyst,Meesho,E-Commerce,Bengaluru,Karnataka,Tier 1,On-Site,0,2,Entry / Junior (0-2 yrs),2.6,5.2,3.9,2025-10-11,9,Naukri.com
JOB-104935,Data Engineer,Data Engineer,Razorpay,Fintech,Gurgaon,Haryana,Tier 1,Hybrid,5,7,Senior (6-9 yrs),9.8,18.4,14.1,2025-10-20,8,LinkedIn
JOB-104936,SQL Developer,SQL Developer,Amazon,Product / Tech,Pune,Maharashtra,Tier 1,Hybrid,0,2,Entry / Junior (0-2 yrs),,,,2025-09-28,11,LinkedIn
JOB-104937,Power BI Developer,BI Analyst,Capgemini,IT Services,Hyderabad,Telangana,Tier 1,Hybrid,4,6,Senior (6-9 yrs),5.7,10.7,8.2,2025-12-08,9,LinkedIn
JOB-104938,Python Data Programmer,Python Developer,Amazon,Product / Tech,Gurgaon,Haryana,Tier 1,Hybrid,0,1,Entry / Junior (0-2 yrs),3.5,7.1,5.3,2025-12-27,9,Naukri.com
JOB-104939,Senior Python Developer,Python Developer,HSBC,Banking,Bengaluru,Karnataka,Tier 1,On-Site,4,6,Senior (6-9 yrs),7.6,14.4,11.0,2025-10-13,11,Naukri.com
JOB-104940,Junior Data Engineer,Data Engineer,McKinsey & Company,Strategy Consulting,Mumbai,Maharashtra,Tier 1,Hybrid,3,5,Mid-Level (3-5 yrs),10.9,20.5,15.7,2025-09-18,10,Naukri.com
JOB-104941,Senior Data Engineer,Data Engineer,Goldman Sachs,Banking / Finance,Bengaluru,Karnataka,Tier 1,Remote,6,9,Senior (6-9 yrs),18.6,32.3,25.45,2025-11-12,13,LinkedIn
JOB-104942,Python Backend & Analytics Engineer,Python Developer,Microsoft,Product / Tech,Hyderabad,Telangana,Tier 1,Hybrid,0,1,Entry / Junior (0-2 yrs),,,,2025-11-03,12,LinkedIn
JOB-104943,Junior Python Engineer,Python Developer,Flipkart,E-Commerce,Mumbai,Maharashtra,Tier 1,Remote,6,9,Senior (6-9 yrs),15.2,26.3,20.75,2025-09-09,10,Naukri.com
JOB-104944,BI & Analytics Specialist,BI Analyst,EY,Consulting,Noida,Uttar Pradesh,Tier 1,Hybrid,4,8,Senior (6-9 yrs),,,,2025-12-21,12,Naukri.com
JOB-104945,PL/SQL Developer,SQL Developer,CRED,Fintech,Pune,Maharashtra,Tier 1,Remote,4,7,Senior (6-9 yrs),7.3,13.8,10.55,2025-11-22,12,LinkedIn
JOB-104946,Big Data Engineer,Data Engineer,PwC,Consulting,Pune,Maharashtra,Tier 1,On-Site,6,10,Lead / Principal (10+ yrs),,,,2025-11-18,9,Company Careers Portal
JOB-104947,Data Analyst,Data Analyst,Zomato,Tech / Consumer,Noida,Uttar Pradesh,Tier 1,Hybrid,4,8,Senior (6-9 yrs),6.8,12.8,9.8,2025-09-16,11,Naukri.com
JOB-104948,Junior Data Engineer,Data Engineer,Morgan Stanley,Banking / Finance,Chennai,Tamil Nadu,Tier 1,On-Site,0,1,Entry / Junior (0-2 yrs),,,,2025-10-17,10,LinkedIn
JOB-104949,SQL Developer,SQL Developer,Cognizant,IT Services,Hyderabad,Telangana,Tier 1,Hybrid,1,3,Mid-Level (3-5 yrs),2.9,5.6,4.25,2026-02-17,9,Naukri.com
JOB-104950,Associate Analyst - Data,Data Analyst,Capgemini,IT Services,Noida,Uttar Pradesh,Tier 1,Hybrid,5,8,Senior (6-9 yrs),9.3,16.1,12.7,2025-12-08,10,LinkedIn
JOB-104951,Python Backend & Analytics Engineer,Python Developer,Mu Sigma,Pureplay Analytics,Gurgaon,Haryana,Tier 1,Hybrid,4,6,Senior (6-9 yrs),6.4,12.0,9.2,2026-02-12,8,Naukri.com
JOB-104952,Data Analyst,Data Analyst,Cognizant,IT Services,Bengaluru,Karnataka,Tier 1,Hybrid,7,11,Lead / Principal (10+ yrs),9.0,15.6,12.3,2025-12-19,10,Naukri.com
JOB-104953,Business Intelligence Analyst,BI Analyst,Capgemini,IT Services,Bengaluru,Karnataka,Tier 1,On-Site,7,10,Lead / Principal (10+ yrs),,,,2025-12-26,11,Indeed
JOB-104954,Tableau Developer,BI Analyst,EY,Consulting,Hyderabad,Telangana,Tier 1,On-Site,5,8,Senior (6-9 yrs),6.9,13.0,9.95,2026-01-03,15,LinkedIn
JOB-104955,Python Data Programmer,Python Developer,Paytm,Fintech,Mumbai,Maharashtra,Tier 1,On-Site,0,1,Entry / Junior (0-2 yrs),,,,2025-12-31,9,Company Careers Portal
JOB-104956,Senior T-SQL Developer,SQL Developer,Cognizant,IT Services,Bengaluru,Karnataka,Tier 1,Hybrid,4,6,Senior (6-9 yrs),,,,2025-09-03,12,LinkedIn
JOB-104957,Python Backend & Analytics Engineer,Python Developer,HDFC Bank,Banking,Hyderabad,Telangana,Tier 1,Hybrid,4,7,Senior (6-9 yrs),6.6,12.5,9.55,2025-12-21,13,LinkedIn
JOB-104958,Python Developer,Python Developer,Fractal Analytics,Pureplay Analytics,Noida,Uttar Pradesh,Tier 1,Hybrid,1,3,Mid-Level (3-5 yrs),4.7,9.0,6.85,2026-01-30,7,Naukri.com
JOB-104959,Associate Analyst - Data,Data Analyst,PhonePe,Fintech,Hyderabad,Telangana,Tier 1,On-Site,2,5,Mid-Level (3-5 yrs),4.3,8.2,6.25,2026-02-04,12,Naukri.com
JOB-104960,Healthcare Data Analyst,Data Analyst,HDFC Bank,Banking,Hyderabad,Telangana,Tier 1,Hybrid,0,2,Entry / Junior (0-2 yrs),2.2,4.4,3.3,2025-12-08,8,Naukri.com
JOB-104961,Senior Python Developer,Python Developer,LTIMindtree,IT Services,Bengaluru,Karnataka,Tier 1,Hybrid,2,5,Mid-Level (3-5 yrs),3.6,6.8,5.2,2025-10-07,9,LinkedIn
JOB-104962,Business Intelligence Analyst,BI Analyst,JPMorgan Chase,Banking / Finance,Chennai,Tamil Nadu,Tier 1,On-Site,0,1,Entry / Junior (0-2 yrs),3.0,6.2,4.6,2025-11-17,8,Naukri.com
JOB-104963,Senior T-SQL Developer,SQL Developer,Standard Chartered,Banking,Bengaluru,Karnataka,Tier 1,On-Site,7,10,Lead / Principal (10+ yrs),11.0,19.1,15.05,2025-11-11,11,Naukri.com
JOB-104964,SQL Developer,SQL Developer,LTIMindtree,IT Services,Bengaluru,Karnataka,Tier 1,Hybrid,2,5,Mid-Level (3-5 yrs),3.0,5.8,4.4,2025-09-17,12,Naukri.com
JOB-104965,Senior Data Engineer,Data Engineer,PhonePe,Fintech,Mumbai,Maharashtra,Tier 1,On-Site,5,9,Senior (6-9 yrs),9.9,18.6,14.25,2025-09-27,10,Naukri.com
JOB-104966,Operations Analyst,Data Analyst,Flipkart,E-Commerce,Noida,Uttar Pradesh,Tier 1,Hybrid,0,1,Entry / Junior (0-2 yrs),2.8,5.7,4.25,2026-02-23,8,Indeed
JOB-104967,Data Engineer,Data Engineer,EY,Consulting,Pune,Maharashtra,Tier 1,Remote,1,3,Mid-Level (3-5 yrs),5.1,9.6,7.35,2025-11-16,9,LinkedIn
JOB-104968,Associate Analyst - Data,Data Analyst,Infosys,IT Services,Bengaluru,Karnataka,Tier 1,On-Site,3,7,Senior (6-9 yrs),,,,2025-09-16,9,Naukri.com
JOB-104969,SQL Developer,SQL Developer,Amazon,Product / Tech,Hyderabad,Telangana,Tier 1,Hybrid,2,4,Mid-Level (3-5 yrs),4.7,8.8,6.75,2025-10-04,12,LinkedIn
JOB-104970,Big Data Engineer,Data Engineer,Flipkart,E-Commerce,Bengaluru,Karnataka,Tier 1,On-Site,0,2,Entry / Junior (0-2 yrs),3.8,7.7,5.75,2026-01-22,10,Naukri.com
JOB-104971,Python Data Programmer,Python Developer,Tiger Analytics,Pureplay Analytics,Bengaluru,Karnataka,Tier 1,Hybrid,0,2,Entry / Junior (0-2 yrs),,,,2026-02-01,9,Naukri.com
JOB-104972,Marketing Data Analyst,Data Analyst,Swiggy,Tech / Consumer,Gurgaon,Haryana,Tier 1,Hybrid,3,5,Mid-Level (3-5 yrs),7.0,13.1,10.05,2025-09-17,10,Naukri.com
JOB-104973,Junior Data Engineer,Data Engineer,HDFC Bank,Banking,Hyderabad,Telangana,Tier 1,Remote,6,9,Senior (6-9 yrs),13.8,23.9,18.85,2025-11-12,9,LinkedIn
JOB-104974,Junior Data Analyst,Data Analyst,Razorpay,Fintech,Pune,Maharashtra,Tier 1,Hybrid,1,4,Mid-Level (3-5 yrs),4.2,8.1,6.15,2026-01-27,8,Indeed
JOB-104975,Junior Data Engineer,Data Engineer,LTIMindtree,IT Services,Hyderabad,Telangana,Tier 1,Remote,4,6,Senior (6-9 yrs),7.1,13.4,10.25,2026-01-22,10,LinkedIn
JOB-104976,Senior BI Consultant,BI Analyst,CRED,Fintech,Bengaluru,Karnataka,Tier 1,Hybrid,7,10,Lead / Principal (10+ yrs),14.3,24.7,19.5,2025-10-01,10,LinkedIn
JOB-104977,Data Analyst,Data Analyst,Goldman Sachs,Banking / Finance,Bengaluru,Karnataka,Tier 1,Hybrid,2,5,Mid-Level (3-5 yrs),4.6,8.7,6.65,2026-01-13,12,Naukri.com
JOB-104978,Data Engineer,Data Engineer,PhonePe,Fintech,Bengaluru,Karnataka,Tier 1,On-Site,5,9,Senior (6-9 yrs),,,,2025-10-10,10,LinkedIn
JOB-104979,Analytics Engineer,Data Engineer,JPMorgan Chase,Banking / Finance,Bengaluru,Karnataka,Tier 1,Remote,6,10,Lead / Principal (10+ yrs),17.8,30.9,24.35,2025-09-01,10,LinkedIn
JOB-104980,Analytics Engineer,Data Engineer,Barclays,Banking,Chennai,Tamil Nadu,Tier 1,On-Site,0,2,Entry / Junior (0-2 yrs),,,,2025-12-22,11,LinkedIn
JOB-104981,Associate Analyst - Data,Data Analyst,PhonePe,Fintech,Bengaluru,Karnataka,Tier 1,On-Site,0,1,Entry / Junior (0-2 yrs),,,,2025-11-17,14,LinkedIn
JOB-104982,Database Developer (SQL),SQL Developer,Tiger Analytics,Pureplay Analytics,Pune,Maharashtra,Tier 1,On-Site,5,9,Senior (6-9 yrs),6.7,12.5,9.6,2025-10-29,10,Naukri.com
JOB-104983,Financial Data Analyst,Data Analyst,Amazon,Product / Tech,Gurgaon,Haryana,Tier 1,Hybrid,1,4,Mid-Level (3-5 yrs),4.8,9.0,6.9,2026-01-01,10,Naukri.com
JOB-104984,Senior Data Analyst,Data Analyst,Microsoft,Product / Tech,Noida,Uttar Pradesh,Tier 1,On-Site,2,4,Mid-Level (3-5 yrs),,,,2026-01-01,8,Naukri.com
JOB-104985,Senior Python Developer,Python Developer,PhonePe,Fintech,Mumbai,Maharashtra,Tier 1,Hybrid,0,1,Entry / Junior (0-2 yrs),3.2,6.4,4.8,2026-02-14,12,Indeed
JOB-104986,Senior Data Engineer,Data Engineer,Razorpay,Fintech,Bengaluru,Karnataka,Tier 1,On-Site,9,13,Lead / Principal (10+ yrs),,,,2026-01-07,8,Naukri.com
JOB-104987,Associate Analyst - Data,Data Analyst,Zomato,Tech / Consumer,Noida,Uttar Pradesh,Tier 1,On-Site,0,2,Entry / Junior (0-2 yrs),2.6,5.2,3.9,2026-01-15,10,Naukri.com
JOB-104988,Power BI Developer,BI Analyst,McKinsey & Company,Strategy Consulting,Bengaluru,Karnataka,Tier 1,Remote,0,1,Entry / Junior (0-2 yrs),3.3,6.7,5.0,2025-12-29,10,LinkedIn
JOB-104989,Database Administrator & SQL Dev,SQL Developer,Google,Product / Tech,Pune,Maharashtra,Tier 1,On-Site,7,10,Lead / Principal (10+ yrs),14.4,25.0,19.7,2026-02-02,9,Company Careers Portal
JOB-104990,Python Data Programmer,Python Developer,PhonePe,Fintech,Bengaluru,Karnataka,Tier 1,Remote,2,5,Mid-Level (3-5 yrs),4.9,9.4,7.15,2025-11-11,11,Naukri.com
JOB-104991,Junior Data Engineer,Data Engineer,Barclays,Banking,Mumbai,Maharashtra,Tier 1,On-Site,6,10,Lead / Principal (10+ yrs),16.2,28.1,22.15,2025-12-28,10,LinkedIn
JOB-104992,PL/SQL Developer,SQL Developer,Google,Product / Tech,Bengaluru,Karnataka,Tier 1,On-Site,5,7,Senior (6-9 yrs),8.2,15.4,11.8,2026-01-11,13,LinkedIn
JOB-104993,Junior Data Analyst,Data Analyst,Razorpay,Fintech,Mumbai,Maharashtra,Tier 1,Hybrid,4,6,Senior (6-9 yrs),,,,2025-12-12,10,Indeed
JOB-104994,Database Administrator & SQL Dev,SQL Developer,Google,Product / Tech,Noida,Uttar Pradesh,Tier 1,Remote,6,9,Senior (6-9 yrs),14.4,25.0,19.7,2025-09-20,10,Indeed
JOB-104995,PL/SQL Developer,SQL Developer,Uber,Tech,Gurgaon,Haryana,Tier 1,Hybrid,1,4,Mid-Level (3-5 yrs),4.4,8.4,6.4,2025-10-28,12,Naukri.com
JOB-104996,Senior Data Engineer,Data Engineer,KPMG,Consulting,Noida,Uttar Pradesh,Tier 1,Hybrid,0,2,Entry / Junior (0-2 yrs),3.2,6.6,4.9,2026-02-01,11,Naukri.com
JOB-104997,Healthcare Data Analyst,Data Analyst,HSBC,Banking,Bengaluru,Karnataka,Tier 1,Hybrid,2,5,Mid-Level (3-5 yrs),,,,2025-11-06,7,LinkedIn
JOB-104998,Financial Data Analyst,Data Analyst,Tiger Analytics,Pureplay Analytics,Mumbai,Maharashtra,Tier 1,On-Site,1,3,Mid-Level (3-5 yrs),4.0,7.6,5.8,2026-02-17,11,Naukri.com
JOB-104999,Cloud Data Engineer,Data Engineer,EY,Consulting,Mumbai,Maharashtra,Tier 1,Hybrid,1,4,Mid-Level (3-5 yrs),5.1,9.6,7.35,2025-12-21,12,LinkedIn
JOB-105000,Junior Data Engineer,Data Engineer,Infosys,IT Services,Mumbai,Maharashtra,Tier 1,On-Site,0,1,Entry / Junior (0-2 yrs),2.5,5.1,3.8,2026-01-01,10,LinkedIn
JOB-105001,Senior Data Engineer,Data Engineer,Google,Product / Tech,Hyderabad,Telangana,Tier 1,Hybrid,4,8,Senior (6-9 yrs),,,,2026-02-03,10,Naukri.com
JOB-105002,BI & Analytics Specialist,BI Analyst,Barclays,Banking,Bengaluru,Karnataka,Tier 1,Hybrid,0,2,Entry / Junior (0-2 yrs),2.8,5.6,4.2,2025-11-24,12,LinkedIn
JOB-105003,Junior Data Analyst,Data Analyst,EY,Consulting,Hyderabad,Telangana,Tier 1,Hybrid,1,4,Mid-Level (3-5 yrs),3.8,7.1,5.45,2025-11-19,10,LinkedIn
JOB-105004,BI Developer,BI Analyst,Microsoft,Product / Tech,Bengaluru,Karnataka,Tier 1,Hybrid,2,4,Mid-Level (3-5 yrs),5.2,9.8,7.5,2025-09-12,8,LinkedIn
JOB-105005,SQL Developer,SQL Developer,KPMG,Consulting,Gurgaon,Haryana,Tier 1,Hybrid,4,6,Senior (6-9 yrs),6.2,11.8,9.0,2025-10-07,12,LinkedIn
JOB-105006,Senior BI Consultant,BI Analyst,KPMG,Consulting,Hyderabad,Telangana,Tier 1,Hybrid,4,6,Senior (6-9 yrs),6.9,13.0,9.95,2026-02-01,11,LinkedIn
JOB-105007,Power BI Developer,BI Analyst,Wipro,IT Services,Bengaluru,Karnataka,Tier 1,On-Site,3,6,Senior (6-9 yrs),5.0,9.5,7.25,2026-02-06,12,Naukri.com
JOB-105008,SQL Developer,SQL Developer,Meesho,E-Commerce,Hyderabad,Telangana,Tier 1,Hybrid,3,5,Mid-Level (3-5 yrs),6.7,12.5,9.6,2025-12-04,10,LinkedIn
JOB-105009,ETL Developer,Data Engineer,Flipkart,E-Commerce,Hyderabad,Telangana,Tier 1,On-Site,3,5,Mid-Level (3-5 yrs),10.1,19.0,14.55,2026-01-31,11,Naukri.com
JOB-105010,Big Data Engineer,Data Engineer,Capgemini,IT Services,Gurgaon,Haryana,Tier 1,Hybrid,0,1,Entry / Junior (0-2 yrs),2.7,5.4,4.05,2026-02-11,11,Company Careers Portal
JOB-105011,Junior Python Engineer,Python Developer,Cognizant,IT Services,Hyderabad,Telangana,Tier 1,Remote,2,4,Mid-Level (3-5 yrs),3.4,6.6,5.0,2025-12-29,13,Naukri.com
JOB-105012,Python Data Programmer,Python Developer,KPMG,Consulting,Noida,Uttar Pradesh,Tier 1,On-Site,5,9,Senior (6-9 yrs),7.3,13.8,10.55,2025-11-10,12,Naukri.com
JOB-105013,Healthcare Data Analyst,Data Analyst,Uber,Tech,Hyderabad,Telangana,Tier 1,Hybrid,5,9,Senior (6-9 yrs),7.7,14.4,11.05,2025-12-23,9,LinkedIn
JOB-105014,ETL Developer,Data Engineer,Standard Chartered,Banking,Chennai,Tamil Nadu,Tier 1,Remote,0,1,Entry / Junior (0-2 yrs),3.2,6.6,4.9,2025-12-12,9,Indeed
JOB-105015,Database Administrator & SQL Dev,SQL Developer,Morgan Stanley,Banking / Finance,Hyderabad,Telangana,Tier 1,Hybrid,1,4,Mid-Level (3-5 yrs),4.4,8.4,6.4,2025-12-31,12,LinkedIn
JOB-105016,Senior Python Developer,Python Developer,Infosys,IT Services,Hyderabad,Telangana,Tier 1,Hybrid,3,5,Mid-Level (3-5 yrs),,,,2025-09-21,11,LinkedIn
JOB-105017,ETL Developer,Data Engineer,Swiggy,Tech / Consumer,Bengaluru,Karnataka,Tier 1,Hybrid,5,8,Senior (6-9 yrs),16.6,28.8,22.7,2025-09-27,13,LinkedIn
JOB-105018,Senior BI Consultant,BI Analyst,HCL Technologies,IT Services,Chennai,Tamil Nadu,Tier 1,Hybrid,3,6,Senior (6-9 yrs),5.3,10.0,7.65,2025-11-21,11,LinkedIn
JOB-105019,SQL Developer,SQL Developer,Uber,Tech,Mumbai,Maharashtra,Tier 1,On-Site,4,6,Senior (6-9 yrs),,,,2025-09-03,10,Indeed
JOB-105020,Data Analyst,Data Analyst,Fractal Analytics,Pureplay Analytics,Pune,Maharashtra,Tier 1,Hybrid,0,1,Entry / Junior (0-2 yrs),,,,2025-12-17,10,LinkedIn
JOB-105021,Junior Data Engineer,Data Engineer,Infosys,IT Services,Hyderabad,Telangana,Tier 1,Hybrid,4,6,Senior (6-9 yrs),6.7,12.5,9.6,2026-01-22,12,LinkedIn
JOB-105022,Marketing Data Analyst,Data Analyst,Razorpay,Fintech,Hyderabad,Telangana,Tier 1,Remote,1,3,Mid-Level (3-5 yrs),4.2,8.1,6.15,2025-12-14,8,LinkedIn
JOB-105023,Reporting Analyst,BI Analyst,PhonePe,Fintech,Mumbai,Maharashtra,Tier 1,Hybrid,5,7,Senior (6-9 yrs),7.9,14.9,11.4,2025-09-19,8,Naukri.com
JOB-105024,Junior Data Engineer,Data Engineer,EY,Consulting,Chennai,Tamil Nadu,Tier 1,On-Site,0,2,Entry / Junior (0-2 yrs),,,,2025-12-26,9,Naukri.com
JOB-105025,Junior Python Engineer,Python Developer,HSBC,Banking,Hyderabad,Telangana,Tier 1,Hybrid,6,10,Lead / Principal (10+ yrs),13.5,23.3,18.4,2025-10-04,8,LinkedIn
JOB-105026,Lead Data Analyst,Data Analyst,Amazon,Product / Tech,Mumbai,Maharashtra,Tier 1,On-Site,0,1,Entry / Junior (0-2 yrs),3.0,6.2,4.6,2025-09-12,7,Company Careers Portal
JOB-105027,Data Engineer,Data Engineer,Tata Consultancy Services,IT Services,Pune,Maharashtra,Tier 1,On-Site,0,2,Entry / Junior (0-2 yrs),2.4,4.8,3.6,2026-01-08,10,LinkedIn
JOB-105028,Reporting Analyst,BI Analyst,Uber,Tech,Bengaluru,Karnataka,Tier 1,On-Site,6,9,Senior (6-9 yrs),,,,2026-01-15,10,Indeed
JOB-105029,Big Data Engineer,Data Engineer,Zomato,Tech / Consumer,Gurgaon,Haryana,Tier 1,Hybrid,1,3,Mid-Level (3-5 yrs),5.4,10.3,7.85,2025-12-23,11,LinkedIn
JOB-105030,SQL Developer,SQL Developer,Uber,Tech,Pune,Maharashtra,Tier 1,On-Site,4,6,Senior (6-9 yrs),7.5,14.1,10.8,2025-10-24,13,Naukri.com
JOB-105031,Database Developer (SQL),SQL Developer,Deloitte,Consulting,Bengaluru,Karnataka,Tier 1,On-Site,0,1,Entry / Junior (0-2 yrs),,,,2025-10-25,13,Naukri.com
JOB-105032,SQL Developer,SQL Developer,Google,Product / Tech,Remote,All India,Remote,Remote,7,10,Lead / Principal (10+ yrs),,,,2025-10-14,12,Naukri.com
JOB-105033,Junior Data Engineer,Data Engineer,PhonePe,Fintech,Bengaluru,Karnataka,Tier 1,Hybrid,2,4,Mid-Level (3-5 yrs),5.8,11.0,8.4,2025-11-04,8,Naukri.com
JOB-105034,Reporting Analyst,BI Analyst,PhonePe,Fintech,Chennai,Tamil Nadu,Tier 1,Hybrid,5,8,Senior (6-9 yrs),7.9,14.9,11.4,2025-11-03,11,Naukri.com
JOB-105035,BI Developer,BI Analyst,Cognizant,IT Services,Remote,All India,Remote,Remote,5,9,Senior (6-9 yrs),5.5,10.4,7.95,2026-01-05,10,LinkedIn
JOB-105036,Senior Data Analyst,Data Analyst,Amazon,Product / Tech,Pune,Maharashtra,Tier 1,Hybrid,6,9,Senior (6-9 yrs),14.2,24.7,19.45,2026-01-21,8,Naukri.com
JOB-105037,Financial Data Analyst,Data Analyst,Uber,Tech,Bengaluru,Karnataka,Tier 1,Hybrid,1,4,Mid-Level (3-5 yrs),,,,2026-02-06,11,Naukri.com
JOB-105038,ETL Developer,Data Engineer,McKinsey & Company,Strategy Consulting,Bengaluru,Karnataka,Tier 1,On-Site,2,4,Mid-Level (3-5 yrs),6.4,12.2,9.3,2026-01-08,8,LinkedIn
JOB-105039,Cloud Data Engineer,Data Engineer,Barclays,Banking,Remote,All India,Remote,Remote,1,3,Mid-Level (3-5 yrs),5.4,10.3,7.85,2025-12-28,9,LinkedIn
JOB-105040,Database Administrator & SQL Dev,SQL Developer,Microsoft,Product / Tech,Hyderabad,Telangana,Tier 1,Hybrid,5,8,Senior (6-9 yrs),8.0,15.1,11.55,2025-12-05,10,Naukri.com
JOB-105041,Marketing Data Analyst,Data Analyst,Barclays,Banking,Mumbai,Maharashtra,Tier 1,Remote,0,1,Entry / Junior (0-2 yrs),2.6,5.2,3.9,2025-11-26,7,Naukri.com
JOB-105042,Associate Analyst - Data,Data Analyst,Deloitte,Consulting,Chennai,Tamil Nadu,Tier 1,Hybrid,3,7,Senior (6-9 yrs),6.6,12.5,9.55,2025-09-07,9,Naukri.com
JOB-105043,Operations Analyst,Data Analyst,Tata Consultancy Services,IT Services,Hyderabad,Telangana,Tier 1,On-Site,5,9,Senior (6-9 yrs),4.7,8.8,6.75,2025-12-31,11,LinkedIn
JOB-105044,Operations Analyst,Data Analyst,Flipkart,E-Commerce,Bengaluru,Karnataka,Tier 1,Hybrid,1,4,Mid-Level (3-5 yrs),4.4,8.4,6.4,2025-12-26,10,LinkedIn
JOB-105045,Junior Data Engineer,Data Engineer,PwC,Consulting,Hyderabad,Telangana,Tier 1,Hybrid,5,8,Senior (6-9 yrs),8.7,16.4,12.55,2025-11-27,9,LinkedIn
JOB-105046,SQL Developer,SQL Developer,Meesho,E-Commerce,Hyderabad,Telangana,Tier 1,Hybrid,5,9,Senior (6-9 yrs),6.7,12.5,9.6,2025-11-16,9,Naukri.com
JOB-105047,Data Analyst,Data Analyst,Barclays,Banking,Bengaluru,Karnataka,Tier 1,On-Site,5,7,Senior (6-9 yrs),6.8,12.8,9.8,2026-01-02,10,LinkedIn
JOB-105048,Business Intelligence Analyst,BI Analyst,Cognizant,IT Services,Remote,All India,Remote,Remote,0,2,Entry / Junior (0-2 yrs),2.1,4.2,3.15,2026-01-18,9,LinkedIn
JOB-105049,Power BI Developer,BI Analyst,Paytm,Fintech,Chennai,Tamil Nadu,Tier 1,On-Site,5,8,Senior (6-9 yrs),12.2,21.1,16.65,2026-02-10,12,Naukri.com
JOB-105050,Associate Analyst - Data,Data Analyst,Zomato,Tech / Consumer,Bengaluru,Karnataka,Tier 1,Hybrid,3,5,Mid-Level (3-5 yrs),6.8,12.8,9.8,2025-11-10,12,LinkedIn
JOB-105051,Database Administrator & SQL Dev,SQL Developer,Microsoft,Product / Tech,Bengaluru,Karnataka,Tier 1,On-Site,7,10,Lead / Principal (10+ yrs),14.1,24.5,19.3,2025-11-02,11,Indeed
JOB-105052,Junior Python Engineer,Python Developer,HDFC Bank,Banking,Gurgaon,Haryana,Tier 1,On-Site,4,6,Senior (6-9 yrs),6.6,12.5,9.55,2025-09-17,9,Naukri.com
JOB-105053,Senior Data Engineer,Data Engineer,Wipro,IT Services,Hyderabad,Telangana,Tier 1,Hybrid,2,4,Mid-Level (3-5 yrs),,,,2026-01-16,12,LinkedIn
JOB-105054,Lead Data Analyst,Data Analyst,McKinsey & Company,Strategy Consulting,Hyderabad,Telangana,Tier 1,Hybrid,0,1,Entry / Junior (0-2 yrs),3.0,6.2,4.6,2025-12-01,12,LinkedIn
JOB-105055,Database Administrator & SQL Dev,SQL Developer,Flipkart,E-Commerce,Pune,Maharashtra,Tier 1,Hybrid,3,6,Senior (6-9 yrs),7.3,13.8,10.55,2026-02-23,11,Company Careers Portal
JOB-105056,Lead Data Analyst,Data Analyst,McKinsey & Company,Strategy Consulting,Hyderabad,Telangana,Tier 1,Hybrid,2,5,Mid-Level (3-5 yrs),4.8,9.0,6.9,2025-12-19,8,Indeed
JOB-105057,Database Administrator & SQL Dev,SQL Developer,Goldman Sachs,Banking / Finance,Hyderabad,Telangana,Tier 1,Hybrid,8,13,Lead / Principal (10+ yrs),21.6,37.9,29.75,2026-02-15,9,Indeed
JOB-105058,Python Backend & Analytics Engineer,Python Developer,Standard Chartered,Banking,Hyderabad,Telangana,Tier 1,On-Site,5,8,Senior (6-9 yrs),12.9,22.4,17.65,2025-12-25,11,Naukri.com
JOB-105059,Python Developer,Python Developer,Barclays,Banking,Hyderabad,Telangana,Tier 1,On-Site,1,3,Mid-Level (3-5 yrs),4.6,8.7,6.65,2025-11-23,14,LinkedIn
JOB-105060,Lead Data Analyst,Data Analyst,Deloitte,Consulting,Bengaluru,Karnataka,Tier 1,On-Site,7,11,Lead / Principal (10+ yrs),11.7,20.3,16.0,2025-12-12,9,Naukri.com
JOB-105061,Associate Analyst - Data,Data Analyst,Wipro,IT Services,Pune,Maharashtra,Tier 1,Hybrid,0,2,Entry / Junior (0-2 yrs),,,,2025-12-25,11,Naukri.com
JOB-105062,Python Data Programmer,Python Developer,Tata Consultancy Services,IT Services,Hyderabad,Telangana,Tier 1,On-Site,2,4,Mid-Level (3-5 yrs),3.2,6.0,4.6,2025-11-07,11,LinkedIn
JOB-105063,Associate Analyst - Data,Data Analyst,Barclays,Banking,Gurgaon,Haryana,Tier 1,On-Site,1,4,Mid-Level (3-5 yrs),4.0,7.6,5.8,2026-01-24,11,LinkedIn
JOB-105064,Senior T-SQL Developer,SQL Developer,Standard Chartered,Banking,Chennai,Tamil Nadu,Tier 1,On-Site,4,8,Senior (6-9 yrs),6.2,11.8,9.0,2025-11-21,11,Naukri.com
JOB-105065,Senior Python Developer,Python Developer,PwC,Consulting,Bengaluru,Karnataka,Tier 1,Hybrid,5,8,Senior (6-9 yrs),13.1,22.7,17.9,2026-01-13,9,Naukri.com
JOB-105066,Reporting Analyst,BI Analyst,Barclays,Banking,Bengaluru,Karnataka,Tier 1,Remote,0,1,Entry / Junior (0-2 yrs),2.8,5.6,4.2,2025-11-12,12,Naukri.com
JOB-105067,Analytics Engineer,Data Engineer,Uber,Tech,Bengaluru,Karnataka,Tier 1,Hybrid,9,13,Lead / Principal (10+ yrs),29.2,51.0,40.1,2026-01-24,9,LinkedIn
JOB-105068,Junior Python Engineer,Python Developer,PwC,Consulting,Mumbai,Maharashtra,Tier 1,Hybrid,2,5,Mid-Level (3-5 yrs),,,,2025-09-04,11,LinkedIn
JOB-105069,Junior Data Engineer,Data Engineer,Cognizant,IT Services,Gurgaon,Haryana,Tier 1,Hybrid,1,3,Mid-Level (3-5 yrs),4.1,7.7,5.9,2025-12-28,8,Naukri.com
JOB-105070,Analytics Engineer,Data Engineer,PhonePe,Fintech,Gurgaon,Haryana,Tier 1,Hybrid,1,3,Mid-Level (3-5 yrs),5.8,11.0,8.4,2026-02-21,14,Indeed
JOB-105071,Senior Data Engineer,Data Engineer,Accenture,Consulting / IT,Hyderabad,Telangana,Tier 1,Hybrid,5,8,Senior (6-9 yrs),,,,2025-10-19,9,LinkedIn
JOB-105072,Python Data Programmer,Python Developer,Fractal Analytics,Pureplay Analytics,Mumbai,Maharashtra,Tier 1,On-Site,4,8,Senior (6-9 yrs),,,,2026-01-02,12,Naukri.com
JOB-105073,Senior Python Developer,Python Developer,PhonePe,Fintech,Bengaluru,Karnataka,Tier 1,Hybrid,4,6,Senior (6-9 yrs),8.4,15.8,12.1,2025-09-08,11,Naukri.com
JOB-105074,Tableau Developer,BI Analyst,Flipkart,E-Commerce,Hyderabad,Telangana,Tier 1,On-Site,2,4,Mid-Level (3-5 yrs),4.8,9.0,6.9,2025-09-23,11,LinkedIn
JOB-105075,Cloud Data Engineer,Data Engineer,Swiggy,Tech / Consumer,Bengaluru,Karnataka,Tier 1,On-Site,2,4,Mid-Level (3-5 yrs),,,,2025-10-09,11,LinkedIn
JOB-105076,Python Backend & Analytics Engineer,Python Developer,ICICI Bank,Banking,Hyderabad,Telangana,Tier 1,Remote,0,1,Entry / Junior (0-2 yrs),2.4,4.9,3.65,2025-09-16,10,Indeed
JOB-105077,Financial Data Analyst,Data Analyst,HDFC Bank,Banking,Pune,Maharashtra,Tier 1,On-Site,5,8,Senior (6-9 yrs),5.8,10.9,8.35,2025-09-17,11,LinkedIn
JOB-105078,BI Developer,BI Analyst,Accenture,Consulting / IT,Hyderabad,Telangana,Tier 1,On-Site,1,4,Mid-Level (3-5 yrs),3.9,7.4,5.65,2025-10-03,9,Naukri.com
JOB-105079,Data Analyst,Data Analyst,Barclays,Banking,Hyderabad,Telangana,Tier 1,On-Site,2,5,Mid-Level (3-5 yrs),,,,2026-02-18,10,Naukri.com
JOB-105080,Python Data Programmer,Python Developer,Amazon,Product / Tech,Bengaluru,Karnataka,Tier 1,On-Site,4,6,Senior (6-9 yrs),,,,2025-10-13,10,LinkedIn
JOB-105081,Tableau Developer,BI Analyst,Cognizant,IT Services,Bengaluru,Karnataka,Tier 1,On-Site,2,5,Mid-Level (3-5 yrs),3.2,6.2,4.7,2026-01-13,11,Indeed
JOB-105082,Database Administrator & SQL Dev,SQL Developer,Amazon,Product / Tech,Noida,Uttar Pradesh,Tier 1,Hybrid,2,4,Mid-Level (3-5 yrs),4.7,8.8,6.75,2025-10-24,13,Naukri.com
JOB-105083,Analytics Engineer,Data Engineer,Infosys,IT Services,Mumbai,Maharashtra,Tier 1,Hybrid,2,4,Mid-Level (3-5 yrs),,,,2026-01-25,12,LinkedIn
JOB-105084,Junior Python Engineer,Python Developer,Goldman Sachs,Banking / Finance,Noida,Uttar Pradesh,Tier 1,Hybrid,5,7,Senior (6-9 yrs),9.0,16.9,12.95,2025-11-18,12,LinkedIn
JOB-105085,Junior Data Engineer,Data Engineer,Capgemini,IT Services,Hyderabad,Telangana,Tier 1,Hybrid,1,4,Mid-Level (3-5 yrs),4.2,8.0,6.1,2025-12-28,12,LinkedIn
JOB-105086,Marketing Data Analyst,Data Analyst,Accenture,Consulting / IT,Bengaluru,Karnataka,Tier 1,Hybrid,0,1,Entry / Junior (0-2 yrs),,,,2025-11-04,7,Naukri.com
JOB-105087,Data Engineer,Data Engineer,Capgemini,IT Services,Pune,Maharashtra,Tier 1,Hybrid,1,4,Mid-Level (3-5 yrs),4.2,8.0,6.1,2025-09-06,10,Naukri.com
JOB-105088,Python Developer,Python Developer,LTIMindtree,IT Services,Bengaluru,Karnataka,Tier 1,Hybrid,7,10,Lead / Principal (10+ yrs),10.7,18.5,14.6,2026-02-18,11,Naukri.com
JOB-105089,SQL Developer,SQL Developer,Microsoft,Product / Tech,Bengaluru,Karnataka,Tier 1,On-Site,0,2,Entry / Junior (0-2 yrs),,,,2025-11-23,11,Naukri.com
JOB-105090,Senior Data Engineer,Data Engineer,Barclays,Banking,Bengaluru,Karnataka,Tier 1,Hybrid,1,3,Mid-Level (3-5 yrs),5.4,10.3,7.85,2025-09-05,12,LinkedIn
JOB-105091,Junior Data Engineer,Data Engineer,Deloitte,Consulting,Hyderabad,Telangana,Tier 1,On-Site,2,4,Mid-Level (3-5 yrs),5.3,10.0,7.65,2025-11-06,7,Naukri.com
JOB-105092,Python Developer,Python Developer,Paytm,Fintech,Mumbai,Maharashtra,Tier 1,Hybrid,1,4,Mid-Level (3-5 yrs),4.3,8.2,6.25,2025-12-13,11,LinkedIn
JOB-105093,Senior Data Analyst,Data Analyst,Barclays,Banking,Pune,Maharashtra,Tier 1,On-Site,9,14,Lead / Principal (10+ yrs),19.2,33.6,26.4,2025-11-15,12,Company Careers Portal
JOB-105094,Data Analyst,Data Analyst,Zomato,Tech / Consumer,Bengaluru,Karnataka,Tier 1,Hybrid,5,7,Senior (6-9 yrs),6.8,12.8,9.8,2026-01-02,11,Naukri.com
JOB-105095,Marketing Data Analyst,Data Analyst,Accenture,Consulting / IT,Hyderabad,Telangana,Tier 1,On-Site,3,5,Mid-Level (3-5 yrs),6.1,11.5,8.8,2025-11-29,9,LinkedIn
JOB-105096,PL/SQL Developer,SQL Developer,Capgemini,IT Services,Bengaluru,Karnataka,Tier 1,On-Site,4,6,Senior (6-9 yrs),5.2,9.7,7.45,2025-09-03,12,Naukri.com
JOB-105097,Healthcare Data Analyst,Data Analyst,ICICI Bank,Banking,Pune,Maharashtra,Tier 1,Remote,0,1,Entry / Junior (0-2 yrs),2.1,4.2,3.15,2025-12-27,10,Indeed
JOB-105098,Python Developer,Python Developer,Amazon,Product / Tech,Bengaluru,Karnataka,Tier 1,On-Site,0,2,Entry / Junior (0-2 yrs),3.5,7.1,5.3,2026-02-11,8,Indeed
JOB-105099,Business Intelligence Analyst,BI Analyst,Fractal Analytics,Pureplay Analytics,Mumbai,Maharashtra,Tier 1,On-Site,1,3,Mid-Level (3-5 yrs),4.4,8.4,6.4,2025-12-02,12,LinkedIn
JOB-105100,Junior Python Engineer,Python Developer,Flipkart,E-Commerce,Pune,Maharashtra,Tier 1,Hybrid,1,3,Mid-Level (3-5 yrs),5.1,9.6,7.35,2025-11-23,9,Naukri.com
JOB-105101,Healthcare Data Analyst,Data Analyst,Capgemini,IT Services,Bengaluru,Karnataka,Tier 1,On-Site,3,5,Mid-Level (3-5 yrs),5.3,9.9,7.6,2025-11-17,9,Naukri.com
JOB-105102,BI Developer,BI Analyst,CRED,Fintech,Hyderabad,Telangana,Tier 1,Hybrid,2,4,Mid-Level (3-5 yrs),4.8,9.0,6.9,2025-12-08,9,LinkedIn
JOB-105103,Big Data Engineer,Data Engineer,Flipkart,E-Commerce,Bengaluru,Karnataka,Tier 1,Hybrid,2,4,Mid-Level (3-5 yrs),5.9,11.3,8.6,2025-11-13,9,Indeed
JOB-105104,Senior T-SQL Developer,SQL Developer,LTIMindtree,IT Services,Bengaluru,Karnataka,Tier 1,Hybrid,3,5,Mid-Level (3-5 yrs),5.2,9.7,7.45,2025-09-08,11,LinkedIn
JOB-105105,PL/SQL Developer,SQL Developer,Razorpay,Fintech,Bengaluru,Karnataka,Tier 1,Hybrid,0,1,Entry / Junior (0-2 yrs),,,,2025-11-17,10,Indeed
JOB-105106,Cloud Data Engineer,Data Engineer,Capgemini,IT Services,Gurgaon,Haryana,Tier 1,On-Site,3,5,Mid-Level (3-5 yrs),7.1,13.4,10.25,2025-11-01,9,LinkedIn
JOB-105107,Senior Python Developer,Python Developer,Zomato,Tech / Consumer,Bengaluru,Karnataka,Tier 1,Hybrid,3,6,Senior (6-9 yrs),7.8,14.7,11.25,2026-02-20,11,LinkedIn
JOB-105108,Cloud Data Engineer,Data Engineer,KPMG,Consulting,Hyderabad,Telangana,Tier 1,Hybrid,4,8,Senior (6-9 yrs),8.6,16.2,12.4,2026-02-17,11,Company Careers Portal
JOB-105109,Associate Analyst - Data,Data Analyst,Tiger Analytics,Pureplay Analytics,Bengaluru,Karnataka,Tier 1,On-Site,7,11,Lead / Principal (10+ yrs),12.0,20.8,16.4,2025-09-06,12,LinkedIn
JOB-105110,Analytics Engineer,Data Engineer,Cognizant,IT Services,Bengaluru,Karnataka,Tier 1,On-Site,5,8,Senior (6-9 yrs),6.9,13.0,9.95,2025-10-31,11,LinkedIn
JOB-105111,Python Developer,Python Developer,HSBC,Banking,Hyderabad,Telangana,Tier 1,Hybrid,0,2,Entry / Junior (0-2 yrs),2.9,5.8,4.35,2025-10-25,9,LinkedIn
JOB-105112,Database Developer (SQL),SQL Developer,LTIMindtree,IT Services,Gurgaon,Haryana,Tier 1,Hybrid,0,2,Entry / Junior (0-2 yrs),1.9,3.9,2.9,2025-09-10,10,Naukri.com
JOB-105113,Database Developer (SQL),SQL Developer,HSBC,Banking,Chennai,Tamil Nadu,Tier 1,Hybrid,1,3,Mid-Level (3-5 yrs),3.8,7.3,5.55,2026-02-13,9,LinkedIn
JOB-105114,Tableau Developer,BI Analyst,Tiger Analytics,Pureplay Analytics,Hyderabad,Telangana,Tier 1,Hybrid,3,7,Senior (6-9 yrs),,,,2026-01-29,11,LinkedIn
JOB-105115,Database Administrator & SQL Dev,SQL Developer,Goldman Sachs,Banking / Finance,Hyderabad,Telangana,Tier 1,On-Site,1,4,Mid-Level (3-5 yrs),4.5,8.6,6.55,2026-02-12,11,Naukri.com
JOB-105116,ETL Developer,Data Engineer,ICICI Bank,Banking,Bengaluru,Karnataka,Tier 1,Hybrid,3,5,Mid-Level (3-5 yrs),7.5,14.0,10.75,2025-12-17,13,LinkedIn
JOB-105117,BI Developer,BI Analyst,Swiggy,Tech / Consumer,Bengaluru,Karnataka,Tier 1,On-Site,3,5,Mid-Level (3-5 yrs),7.5,14.2,10.85,2025-11-13,10,Naukri.com
JOB-105118,Senior BI Consultant,BI Analyst,KPMG,Consulting,Bengaluru,Karnataka,Tier 1,On-Site,2,4,Mid-Level (3-5 yrs),4.1,7.7,5.9,2026-01-10,11,LinkedIn
JOB-105119,Python Data Programmer,Python Developer,Google,Product / Tech,Pune,Maharashtra,Tier 1,Hybrid,9,14,Lead / Principal (10+ yrs),27.0,47.3,37.15,2026-01-17,12,LinkedIn
JOB-105120,Big Data Engineer,Data Engineer,HCL Technologies,IT Services,Mumbai,Maharashtra,Tier 1,On-Site,0,1,Entry / Junior (0-2 yrs),,,,2026-02-24,9,LinkedIn
JOB-105121,Marketing Data Analyst,Data Analyst,Zomato,Tech / Consumer,Gurgaon,Haryana,Tier 1,On-Site,3,5,Mid-Level (3-5 yrs),6.8,12.8,9.8,2025-09-10,9,Indeed
JOB-105122,BI Developer,BI Analyst,Uber,Tech,Mumbai,Maharashtra,Tier 1,Remote,0,2,Entry / Junior (0-2 yrs),3.1,6.3,4.7,2025-12-30,9,Indeed
JOB-105123,Senior T-SQL Developer,SQL Developer,Deloitte,Consulting,Bengaluru,Karnataka,Tier 1,Remote,5,9,Senior (6-9 yrs),6.5,12.2,9.35,2026-02-27,9,LinkedIn
JOB-105124,Lead Data Analyst,Data Analyst,HDFC Bank,Banking,Mumbai,Maharashtra,Tier 1,Hybrid,8,12,Lead / Principal (10+ yrs),16.3,28.6,22.45,2025-11-19,8,LinkedIn
JOB-105125,Senior BI Consultant,BI Analyst,Amazon,Product / Tech,Hyderabad,Telangana,Tier 1,Remote,3,6,Senior (6-9 yrs),8.7,16.4,12.55,2026-02-05,7,Naukri.com
JOB-105126,Database Administrator & SQL Dev,SQL Developer,HCL Technologies,IT Services,Hyderabad,Telangana,Tier 1,Hybrid,2,5,Mid-Level (3-5 yrs),2.8,5.4,4.1,2025-12-07,11,LinkedIn
JOB-105127,Database Developer (SQL),SQL Developer,Fractal Analytics,Pureplay Analytics,Chennai,Tamil Nadu,Tier 1,On-Site,4,7,Senior (6-9 yrs),6.8,12.9,9.85,2025-10-01,13,LinkedIn
JOB-105128,Senior BI Consultant,BI Analyst,HSBC,Banking,Gurgaon,Haryana,Tier 1,Hybrid,10,15,Lead / Principal (10+ yrs),,,,2025-12-16,10,LinkedIn
JOB-105129,Database Administrator & SQL Dev,SQL Developer,EY,Consulting,Hyderabad,Telangana,Tier 1,On-Site,2,5,Mid-Level (3-5 yrs),3.7,7.0,5.35,2026-01-29,9,LinkedIn
JOB-105130,Marketing Data Analyst,Data Analyst,CRED,Fintech,Pune,Maharashtra,Tier 1,On-Site,10,15,Lead / Principal (10+ yrs),,,,2025-12-22,9,LinkedIn
JOB-105131,Junior Data Analyst,Data Analyst,Infosys,IT Services,Chennai,Tamil Nadu,Tier 1,On-Site,5,8,Senior (6-9 yrs),8.7,15.1,11.9,2025-09-02,8,Naukri.com
JOB-105132,Senior BI Consultant,BI Analyst,Mu Sigma,Pureplay Analytics,Hyderabad,Telangana,Tier 1,Hybrid,3,6,Senior (6-9 yrs),6.0,11.2,8.6,2025-12-24,11,Company Careers Portal
JOB-105133,SQL Developer,SQL Developer,Fractal Analytics,Pureplay Analytics,Chennai,Tamil Nadu,Tier 1,On-Site,0,2,Entry / Junior (0-2 yrs),2.6,5.2,3.9,2026-01-13,9,LinkedIn
JOB-105134,Lead Data Analyst,Data Analyst,KPMG,Consulting,Hyderabad,Telangana,Tier 1,Hybrid,1,3,Mid-Level (3-5 yrs),3.8,7.1,5.45,2025-09-16,11,LinkedIn
JOB-105135,Big Data Engineer,Data Engineer,HCL Technologies,IT Services,Bengaluru,Karnataka,Tier 1,Hybrid,4,8,Senior (6-9 yrs),6.7,12.5,9.6,2025-11-24,10,Naukri.com
JOB-105136,Marketing Data Analyst,Data Analyst,KPMG,Consulting,Gurgaon,Haryana,Tier 1,On-Site,10,14,Lead / Principal (10+ yrs),18.0,31.5,24.75,2025-11-22,7,Company Careers Portal
JOB-105137,BI Developer,BI Analyst,McKinsey & Company,Strategy Consulting,Hyderabad,Telangana,Tier 1,On-Site,1,3,Mid-Level (3-5 yrs),5.1,9.7,7.4,2025-11-25,9,LinkedIn
JOB-105138,BI Developer,BI Analyst,Zomato,Tech / Consumer,Pune,Maharashtra,Tier 1,On-Site,1,4,Mid-Level (3-5 yrs),4.3,8.2,6.25,2025-09-02,12,Naukri.com
JOB-105139,Lead Data Analyst,Data Analyst,Tata Consultancy Services,IT Services,Bengaluru,Karnataka,Tier 1,Hybrid,5,9,Senior (6-9 yrs),,,,2025-09-14,8,LinkedIn
JOB-105140,Database Developer (SQL),SQL Developer,Swiggy,Tech / Consumer,Hyderabad,Telangana,Tier 1,On-Site,2,5,Mid-Level (3-5 yrs),4.0,7.6,5.8,2025-10-15,11,Indeed
JOB-105141,Senior Data Analyst,Data Analyst,Uber,Tech,Chennai,Tamil Nadu,Tier 1,On-Site,2,4,Mid-Level (3-5 yrs),4.5,8.6,6.55,2026-02-23,9,LinkedIn
JOB-105142,ETL Developer,Data Engineer,Tiger Analytics,Pureplay Analytics,Hyderabad,Telangana,Tier 1,On-Site,6,9,Senior (6-9 yrs),16.2,28.1,22.15,2025-11-15,14,Naukri.com
JOB-105143,Business Intelligence Analyst,BI Analyst,Cognizant,IT Services,Hyderabad,Telangana,Tier 1,Hybrid,5,8,Senior (6-9 yrs),,,,2026-01-14,7,Naukri.com
JOB-105144,Financial Data Analyst,Data Analyst,Microsoft,Product / Tech,Hyderabad,Telangana,Tier 1,On-Site,6,10,Lead / Principal (10+ yrs),14.4,25.0,19.7,2025-11-06,10,Indeed
JOB-105145,PL/SQL Developer,SQL Developer,Zomato,Tech / Consumer,Hyderabad,Telangana,Tier 1,On-Site,3,7,Senior (6-9 yrs),,,,2025-12-05,12,LinkedIn
JOB-105146,Healthcare Data Analyst,Data Analyst,Mu Sigma,Pureplay Analytics,Bengaluru,Karnataka,Tier 1,Hybrid,6,10,Lead / Principal (10+ yrs),9.8,16.9,13.35,2026-01-03,8,LinkedIn
JOB-105147,Senior T-SQL Developer,SQL Developer,CRED,Fintech,Hyderabad,Telangana,Tier 1,Hybrid,1,4,Mid-Level (3-5 yrs),4.3,8.2,6.25,2025-11-08,9,Indeed
JOB-105148,Senior Python Developer,Python Developer,PhonePe,Fintech,Bengaluru,Karnataka,Tier 1,On-Site,0,1,Entry / Junior (0-2 yrs),3.2,6.4,4.8,2025-09-19,10,Naukri.com
JOB-105149,Python Developer,Python Developer,PhonePe,Fintech,Hyderabad,Telangana,Tier 1,On-Site,1,3,Mid-Level (3-5 yrs),4.9,9.4,7.15,2025-09-08,10,LinkedIn
JOB-105150,Operations Analyst,Data Analyst,Swiggy,Tech / Consumer,Bengaluru,Karnataka,Tier 1,Hybrid,4,6,Senior (6-9 yrs),,,,2025-12-10,13,LinkedIn
JOB-105151,Financial Data Analyst,Data Analyst,Cognizant,IT Services,Pune,Maharashtra,Tier 1,On-Site,4,6,Senior (6-9 yrs),5.1,9.6,7.35,2026-01-16,11,LinkedIn
JOB-105152,Junior Data Analyst,Data Analyst,Uber,Tech,Gurgaon,Haryana,Tier 1,On-Site,9,14,Lead / Principal (10+ yrs),21.6,37.8,29.7,2025-09-25,7,LinkedIn
JOB-105153,Python Backend & Analytics Engineer,Python Developer,PwC,Consulting,Bengaluru,Karnataka,Tier 1,On-Site,1,3,Mid-Level (3-5 yrs),4.4,8.3,6.35,2025-12-30,9,Naukri.com
JOB-105154,Tableau Developer,BI Analyst,EY,Consulting,Hyderabad,Telangana,Tier 1,Hybrid,1,3,Mid-Level (3-5 yrs),4.1,7.7,5.9,2025-11-29,14,LinkedIn
JOB-105155,Python Backend & Analytics Engineer,Python Developer,ICICI Bank,Banking,Gurgaon,Haryana,Tier 1,Hybrid,5,8,Senior (6-9 yrs),6.4,12.0,9.2,2025-11-02,10,Naukri.com
JOB-105156,ETL Developer,Data Engineer,PwC,Consulting,Bengaluru,Karnataka,Tier 1,On-Site,2,5,Mid-Level (3-5 yrs),5.1,9.7,7.4,2025-12-15,8,LinkedIn
JOB-105157,Senior T-SQL Developer,SQL Developer,JPMorgan Chase,Banking / Finance,Bengaluru,Karnataka,Tier 1,Hybrid,5,8,Senior (6-9 yrs),7.3,13.8,10.55,2026-01-18,11,Indeed
JOB-105158,Junior Data Analyst,Data Analyst,Uber,Tech,Gurgaon,Haryana,Tier 1,On-Site,7,10,Lead / Principal (10+ yrs),13.5,23.4,18.45,2026-02-04,8,Indeed
JOB-105159,Senior Data Engineer,Data Engineer,Capgemini,IT Services,Hyderabad,Telangana,Tier 1,On-Site,3,5,Mid-Level (3-5 yrs),,,,2025-12-04,12,Company Careers Portal
JOB-105160,Junior Python Engineer,Python Developer,KPMG,Consulting,Gurgaon,Haryana,Tier 1,Hybrid,0,1,Entry / Junior (0-2 yrs),2.8,5.6,4.2,2026-01-31,8,Naukri.com
JOB-105161,Lead Data Analyst,Data Analyst,Accenture,Consulting / IT,Mumbai,Maharashtra,Tier 1,On-Site,5,8,Senior (6-9 yrs),6.1,11.5,8.8,2026-02-13,8,Naukri.com
JOB-105162,Financial Data Analyst,Data Analyst,JPMorgan Chase,Banking / Finance,Hyderabad,Telangana,Tier 1,On-Site,7,10,Lead / Principal (10+ yrs),13.2,22.9,18.05,2025-10-31,10,Naukri.com
JOB-105163,Tableau Developer,BI Analyst,Standard Chartered,Banking,Pune,Maharashtra,Tier 1,On-Site,1,4,Mid-Level (3-5 yrs),4.1,7.7,5.9,2025-11-30,13,Naukri.com
JOB-105164,Python Backend & Analytics Engineer,Python Developer,Morgan Stanley,Banking / Finance,Mumbai,Maharashtra,Tier 1,On-Site,5,8,Senior (6-9 yrs),8.8,16.6,12.7,2025-11-15,12,Naukri.com
JOB-105165,Associate Analyst - Data,Data Analyst,EY,Consulting,Bengaluru,Karnataka,Tier 1,Hybrid,3,5,Mid-Level (3-5 yrs),,,,2025-10-01,8,Naukri.com
JOB-105166,Tableau Developer,BI Analyst,HCL Technologies,IT Services,Bengaluru,Karnataka,Tier 1,Hybrid,3,6,Senior (6-9 yrs),,,,2026-01-03,13,LinkedIn
JOB-105167,Senior Python Developer,Python Developer,HCL Technologies,IT Services,Pune,Maharashtra,Tier 1,Hybrid,3,6,Senior (6-9 yrs),5.7,10.7,8.2,2026-02-10,11,LinkedIn
JOB-105168,Data Analyst,Data Analyst,Tata Consultancy Services,IT Services,Hyderabad,Telangana,Tier 1,Hybrid,3,6,Senior (6-9 yrs),4.7,8.8,6.75,2025-09-23,10,LinkedIn
JOB-105169,Senior Data Analyst,Data Analyst,McKinsey & Company,Strategy Consulting,Hyderabad,Telangana,Tier 1,Hybrid,5,8,Senior (6-9 yrs),8.1,15.2,11.65,2026-02-26,10,LinkedIn
JOB-105170,Database Developer (SQL),SQL Developer,Google,Product / Tech,Mumbai,Maharashtra,Tier 1,Remote,2,5,Mid-Level (3-5 yrs),4.8,9.1,6.95,2026-02-01,13,Naukri.com
JOB-105171,Data Engineer,Data Engineer,Capgemini,IT Services,Bengaluru,Karnataka,Tier 1,Hybrid,0,2,Entry / Junior (0-2 yrs),2.7,5.4,4.05,2025-09-24,11,Indeed
JOB-105172,Business Intelligence Analyst,BI Analyst,Tiger Analytics,Pureplay Analytics,Pune,Maharashtra,Tier 1,On-Site,5,9,Senior (6-9 yrs),7.3,13.8,10.55,2025-10-29,10,Naukri.com
JOB-105173,Big Data Engineer,Data Engineer,Swiggy,Tech / Consumer,Bengaluru,Karnataka,Tier 1,Hybrid,5,8,Senior (6-9 yrs),9.4,17.7,13.55,2025-10-06,9,LinkedIn
JOB-105174,Business Intelligence Analyst,BI Analyst,Wipro,IT Services,Bengaluru,Karnataka,Tier 1,Hybrid,4,7,Senior (6-9 yrs),5.0,9.5,7.25,2025-09-06,9,Naukri.com
JOB-105175,Senior Data Analyst,Data Analyst,CRED,Fintech,Hyderabad,Telangana,Tier 1,Hybrid,3,5,Mid-Level (3-5 yrs),7.5,14.1,10.8,2026-01-29,7,Naukri.com
JOB-105176,Power BI Developer,BI Analyst,HSBC,Banking,Hyderabad,Telangana,Tier 1,Hybrid,4,8,Senior (6-9 yrs),7.2,13.5,10.35,2025-11-16,10,Indeed
JOB-105177,Healthcare Data Analyst,Data Analyst,Paytm,Fintech,Bengaluru,Karnataka,Tier 1,On-Site,4,8,Senior (6-9 yrs),6.4,12.0,9.2,2025-09-23,9,Naukri.com
JOB-105178,Healthcare Data Analyst,Data Analyst,Tiger Analytics,Pureplay Analytics,Remote,All India,Remote,Remote,3,6,Senior (6-9 yrs),6.8,12.8,9.8,2025-11-24,8,LinkedIn
JOB-105179,Senior Data Analyst,Data Analyst,Meesho,E-Commerce,Hyderabad,Telangana,Tier 1,Hybrid,5,9,Senior (6-9 yrs),6.8,12.8,9.8,2025-09-17,11,LinkedIn
JOB-105180,PL/SQL Developer,SQL Developer,Mu Sigma,Pureplay Analytics,Bengaluru,Karnataka,Tier 1,On-Site,2,5,Mid-Level (3-5 yrs),3.2,6.1,4.65,2025-11-24,8,Naukri.com
JOB-105181,Data Analyst,Data Analyst,Cognizant,IT Services,Bengaluru,Karnataka,Tier 1,Hybrid,3,5,Mid-Level (3-5 yrs),5.1,9.6,7.35,2026-01-17,9,Naukri.com
JOB-105182,SQL Developer,SQL Developer,Meesho,E-Commerce,Bengaluru,Karnataka,Tier 1,Hybrid,0,1,Entry / Junior (0-2 yrs),2.5,5.1,3.8,2026-02-12,9,Naukri.com
JOB-105183,Python Developer,Python Developer,Infosys,IT Services,Hyderabad,Telangana,Tier 1,On-Site,0,2,Entry / Junior (0-2 yrs),2.1,4.3,3.2,2025-11-05,9,Naukri.com
JOB-105184,Lead Data Analyst,Data Analyst,EY,Consulting,Noida,Uttar Pradesh,Tier 1,Hybrid,2,4,Mid-Level (3-5 yrs),3.8,7.1,5.45,2025-10-23,8,Naukri.com
JOB-105185,Financial Data Analyst,Data Analyst,Morgan Stanley,Banking / Finance,Pune,Maharashtra,Tier 1,On-Site,5,8,Senior (6-9 yrs),13.5,23.4,18.45,2026-02-06,7,LinkedIn
JOB-105186,Cloud Data Engineer,Data Engineer,Goldman Sachs,Banking / Finance,Gurgaon,Haryana,Tier 1,On-Site,5,9,Senior (6-9 yrs),10.6,19.9,15.25,2026-01-27,9,LinkedIn
JOB-105187,ETL Developer,Data Engineer,McKinsey & Company,Strategy Consulting,Bengaluru,Karnataka,Tier 1,Remote,1,4,Mid-Level (3-5 yrs),6.4,12.2,9.3,2025-09-02,8,LinkedIn
JOB-105188,SQL Developer,SQL Developer,LTIMindtree,IT Services,Gurgaon,Haryana,Tier 1,On-Site,5,8,Senior (6-9 yrs),5.2,9.7,7.45,2025-12-07,10,LinkedIn
JOB-105189,Junior Python Engineer,Python Developer,Swiggy,Tech / Consumer,Noida,Uttar Pradesh,Tier 1,Hybrid,5,7,Senior (6-9 yrs),8.0,15.1,11.55,2026-01-22,10,Naukri.com
JOB-105190,Senior Data Engineer,Data Engineer,Wipro,IT Services,Bengaluru,Karnataka,Tier 1,On-Site,0,1,Entry / Junior (0-2 yrs),2.4,4.8,3.6,2026-01-19,8,LinkedIn
JOB-105191,PL/SQL Developer,SQL Developer,Capgemini,IT Services,Bengaluru,Karnataka,Tier 1,Hybrid,2,5,Mid-Level (3-5 yrs),,,,2025-10-01,13,LinkedIn
JOB-105192,Database Administrator & SQL Dev,SQL Developer,HCL Technologies,IT Services,Bengaluru,Karnataka,Tier 1,On-Site,3,6,Senior (6-9 yrs),4.8,9.1,6.95,2026-02-01,11,Naukri.com
JOB-105193,Business Intelligence Analyst,BI Analyst,Standard Chartered,Banking,Bengaluru,Karnataka,Tier 1,Remote,6,9,Senior (6-9 yrs),12.2,21.1,16.65,2025-10-25,9,Indeed
JOB-105194,Python Data Programmer,Python Developer,Flipkart,E-Commerce,Bengaluru,Karnataka,Tier 1,Hybrid,5,8,Senior (6-9 yrs),8.6,16.2,12.4,2026-01-22,10,LinkedIn
JOB-105195,Operations Analyst,Data Analyst,PhonePe,Fintech,Gurgaon,Haryana,Tier 1,Remote,3,7,Senior (6-9 yrs),7.3,13.8,10.55,2026-01-11,7,LinkedIn
JOB-105196,Junior Data Analyst,Data Analyst,Mu Sigma,Pureplay Analytics,Hyderabad,Telangana,Tier 1,Hybrid,6,10,Lead / Principal (10+ yrs),9.8,16.9,13.35,2026-01-21,10,LinkedIn
JOB-105197,Lead Data Analyst,Data Analyst,HSBC,Banking,Pune,Maharashtra,Tier 1,On-Site,1,3,Mid-Level (3-5 yrs),3.9,7.4,5.65,2026-01-16,9,Naukri.com
JOB-105198,Database Administrator & SQL Dev,SQL Developer,JPMorgan Chase,Banking / Finance,Chennai,Tamil Nadu,Tier 1,Remote,1,3,Mid-Level (3-5 yrs),,,,2026-02-17,11,Indeed
JOB-105199,Database Administrator & SQL Dev,SQL Developer,Standard Chartered,Banking,Bengaluru,Karnataka,Tier 1,Hybrid,2,5,Mid-Level (3-5 yrs),3.7,7.0,5.35,2026-01-04,14,Indeed
JOB-105200,Associate Analyst - Data,Data Analyst,Flipkart,E-Commerce,Bengaluru,Karnataka,Tier 1,On-Site,7,11,Lead / Principal (10+ yrs),13.2,22.9,18.05,2025-11-22,10,LinkedIn
